(theory
 ("mlsexp" ("mlstring" . "8abb074525bdc8ddbe73769506b7de153446a23b"))
 (core-data
  (tables
   (string-table "min" "fun" "bool" "ind_type" "recspace" "mlstring"
    "mlsexp" "pretty" "sexp" "str_tree" "token" "string" "char" "num"
    "list" "pair" "prod" "!" "arithmetic" "+" "," "-" "/\\" "0" "prim_rec"
    "<" "<=" "=" "misc" "app_list" "option" "sum" "==>" "?" "@" "APPEND"
    "ARB" "Append" "Atom" "BIT1" "BIT2" "BOTTOM" "CHR" "CLOSE" "COND"
    "CONS" "CONSTR" "DATATYPE" "EL" "EVERY" "Expr" "F" "FLAT" "GrabLine"
    "HD" "combin" "I" "IN" "INL" "INR" "LENGTH" "LET" "LIST_TO_SET" "List"
    "MAP" "NIL" "NONE" "NULL" "NUMERAL" "OPEN" "Parenthesis" "REVERSE"
    "SOME" "SUC" "SYMBOL" "Size" "Str" "String" "T" "TYPE_DEFINITION"
    "Trees" "relation" "WF" "WFREC" "ZERO" "\\/" "annotate" "append"
    "basicSize" "bool_size" "char_escaped" "concat" "escape_str" "explode"
    "flatten" "fromString" "get_next_size" "get_size" "implode" "isSpace"
    "is_safe_char" "lex" "lex_aux" "list_CASE" "list_size" "make_str_safe"
    "mlstring_CASE" "mlstring_size" "newlines" "pair_CASE" "parse"
    "parse_aux" "pretty_CASE" "pretty_size" "read_string" "read_string_aux"
    "read_symbol" "remove_all" "sexp2tree" "sexp2trees" "sexp_CASE"
    "sexp_size" "sexp_to_app_list" "sexp_to_pretty_string" "sexp_to_string"
    "sexps_to_app_list" "smart_remove" "str_every" "str_tree_CASE"
    "str_tree_size" "str_tree_to_strs" "strlen" "strlit" "strsub"
    "sum_CASE" "to_tokens" "token_CASE" "token_size" "v2pretty" "vs2pretty"
    "~" "v2pretty_ind" "v2pretty_def" "token_size_def" "token_nchotomy"
    "token_induction" "token_distinct" "token_case_eq" "token_case_def"
    "token_case_cong" "token_TY_DEF" "token_Axiom" "token_11"
    "to_tokens_ind" "to_tokens_def_primitive" "to_tokens_def"
    "str_tree_to_strs_def" "str_tree_size_def" "str_tree_nchotomy"
    "str_tree_induction" "str_tree_distinct" "str_tree_case_eq"
    "str_tree_case_def" "str_tree_case_cong" "str_tree_Axiom" "str_tree_11"
    "str_every_thm" "str_every_ind" "str_every_def" "smart_remove_def"
    "sexp_to_string_def" "sexp_to_pretty_string_def" "sexp_to_app_list_ind"
    "sexp_to_app_list_def" "sexp_size_def" "sexp_nchotomy" "sexp_induction"
    "sexp_distinct" "sexp_case_eq" "sexp_case_def" "sexp_case_cong"
    "sexp_Axiom" "sexp_11" "sexp2tree_ind" "sexp2tree_def" "remove_all_def"
    "read_symbol_thm" "read_symbol_length" "read_symbol_def"
    "read_string_length" "read_string_def" "read_string_aux_thm"
    "read_string_aux_length" "read_string_aux_ind" "read_string_aux_def"
    "pretty_size_def" "pretty_nchotomy" "pretty_induction"
    "pretty_distinct" "pretty_case_eq" "pretty_case_def" "pretty_case_cong"
    "pretty_Axiom" "pretty_11" "parse_space" "parse_sexp_to_string"
    "parse_sexp_to_pretty_string" "parse_def" "parse_aux_to_tokens_thm"
    "parse_aux_ind" "parse_aux_def" "parse_IMP_LENGTH_LESS" "newlines_ind"
    "newlines_def_primitive" "newlines_def" "make_str_safe_def" "lex_def"
    "lex_aux_spaces" "lex_aux_sexp_to_list" "lex_aux_sexp2tree"
    "lex_aux_make_str_safe" "lex_aux_length" "lex_aux_ind" "lex_aux_def"
    "lex_IMP_LENGTH_LESS" "is_safe_char_def" "get_size_ind"
    "get_size_def_primitive" "get_size_def" "get_next_size_ind"
    "get_next_size_def_primitive" "get_next_size_def"
    "fromString_sexp_to_string" "fromString_sexp_to_pretty_string"
    "fromString_def" "flatten_def" "flatten_acc" "datatype_token"
    "datatype_str_tree" "datatype_sexp" "datatype_pretty" "annotate_def"
    "Canon_Port_Context" "cv" "numeral" "" "workspace" "scratch"
    "7755a98cf62b" "mlsexp-proof-evidence-final" "build" "mlsexpScript.sml"
    "bnfFixBNF" "bnfInitial" "bnfPrelims" "pred_set" "canonContext"
    "cardinalityCore" "ordinalBasic" "mesonLibContext" "binary_ieee" "fcp"
    "llist" "one" "rich_list" "sptree" "ternaryComparisons" "toto" "marker"
    "boolSimpsContext" "pretty_CONS" "sexp_CONS" "str_tree_CONS")
   (id-table (0 . 1) (0 . 2) (3 . 4) (5 . 5) (6 . 7) (6 . 8) (6 . 9)
    (6 . 10) (11 . 12) (13 . 13) (14 . 14) (15 . 16) (2 . 17) (18 . 19)
    (15 . 20) (18 . 21) (2 . 22) (13 . 23) (24 . 25) (18 . 26) (0 . 27)
    (28 . 29) (30 . 30) (31 . 31) (0 . 32) (2 . 33) (0 . 34) (14 . 35)
    (2 . 36) (28 . 37) (6 . 37) (6 . 38) (18 . 39) (18 . 40) (3 . 41)
    (11 . 42) (6 . 43) (2 . 44) (14 . 45) (3 . 46) (2 . 47) (14 . 48)
    (14 . 49) (6 . 50) (2 . 51) (14 . 52) (6 . 53) (14 . 54) (55 . 56)
    (2 . 57) (31 . 58) (31 . 59) (14 . 60) (2 . 61) (14 . 62) (28 . 63)
    (14 . 64) (14 . 65) (30 . 66) (14 . 67) (18 . 68) (6 . 69) (6 . 70)
    (14 . 71) (30 . 72) (13 . 73) (6 . 74) (6 . 75) (6 . 76) (6 . 77)
    (2 . 78) (2 . 79) (6 . 80) (81 . 82) (81 . 83) (18 . 84) (2 . 85)
    (6 . 86) (28 . 87) (88 . 89) (5 . 90) (5 . 91) (5 . 92) (5 . 93)
    (6 . 94) (6 . 95) (6 . 96) (6 . 97) (5 . 98) (11 . 99) (6 . 100)
    (6 . 101) (6 . 102) (14 . 103) (14 . 104) (6 . 105) (5 . 106) (5 . 107)
    (6 . 108) (15 . 109) (6 . 110) (6 . 111) (6 . 112) (6 . 113) (6 . 114)
    (6 . 115) (6 . 116) (6 . 117) (6 . 118) (6 . 119) (6 . 120) (6 . 121)
    (6 . 122) (6 . 123) (6 . 124) (6 . 125) (6 . 126) (6 . 127) (6 . 128)
    (6 . 129) (6 . 130) (5 . 131) (5 . 132) (5 . 133) (31 . 134) (6 . 135)
    (6 . 136) (6 . 137) (6 . 138) (6 . 139) (2 . 140) (6 . 270) (6 . 271)
    (6 . 272))
   (type-table (1) (3) (2 1) (0 2 0) (4) (5) (6) (7) (8) (0 8 0) (0 1 0)
    (9) (0 11 10) (0 9 12) (10 8) (0 14 0) (0 14 15) (10 4) (0 17 0) (10 5)
    (10 19) (0 20 0) (0 19 21) (10 7) (0 23 22) (0 23 0) (0 14 25)
    (0 11 26) (0 4 0) (0 5 0) (0 6 0) (0 7 0) (0 19 0) (10 6) (0 33 0)
    (0 17 18) (0 4 28) (0 5 29) "'a" (0 1 38) "'b" (0 1 40) (0 4 40)
    (0 19 40) (0 33 40) (0 40 40) (0 4 45) (10 40) (0 47 40) (0 19 48)
    (0 33 48) (0 0 42) (0 4 51) (0 6 40) (0 40 45) (0 4 54) (0 4 55)
    (0 0 56) (0 11 42) (0 6 45) (0 11 46) (0 7 38) (0 4 11) (0 5 40)
    (0 17 4) (0 4 4) (0 11 65) (0 66 0) (0 0 65) (0 4 68) (0 69 67) (0 1 4)
    (0 71 70) (0 65 72) (0 7 2) (10 1) (0 19 5) (0 76 0) (0 1 5) (0 78 77)
    (0 6 6) (0 80 0) (0 33 6) (0 82 81) (0 1 6) (0 84 83) (0 5 23) (0 1 7)
    (0 87 0) (0 7 88) (0 7 89) (11 1 14) (11 5 14) (11 23 14) (0 38 0)
    (0 94 0) (0 0 0) (0 96 0) (0 9 0) (0 57 0) (0 99 0) (0 98 0) (0 13 0)
    (0 102 0) (0 16 0) (0 104 0) (0 18 0) (0 106 0) (0 43 0) (0 108 0)
    (0 32 0) (0 110 0) (0 49 0) (0 112 0) (0 44 0) (0 114 0) (0 34 0)
    (0 116 0) (0 50 0) (0 118 0) (0 24 0) (0 120 0) (0 39 0) (0 122 0)
    (0 41 0) (0 124 0) (0 27 0) (0 126 0) (0 58 0) (0 128 0) (0 60 0)
    (0 130 0) (0 42 0) (0 132 0) (0 28 0) (0 134 0) (0 46 0) (0 136 0)
    (0 52 0) (0 138 0) (0 3 0) (0 140 0) (0 29 0) (0 142 0) (0 53 0)
    (0 144 0) (0 30 0) (0 146 0) (0 59 0) (0 148 0) (0 31 0) (0 150 0)
    (0 15 0) (0 21 0) (0 75 0) (0 154 0) (0 25 0) (0 10 0) (0 11 0)
    (0 158 0) (0 91 0) (0 160 0) (0 11 11) (0 11 162) (0 14 93) (0 23 164)
    (0 14 91) (0 1 166) (0 14 92) (0 5 168) (0 0 96) (0 11 158) (0 38 94)
    (0 40 0) (0 40 173) (21 1) (0 175 0) (0 175 176) (0 8 9) (0 64 0)
    (0 64 179) (0 62 0) (0 62 181) (0 86 0) (0 86 183) (0 20 21) (0 75 154)
    (0 19 32) (0 33 34) (0 23 25) (0 1 10) (22 5) (0 191 0) (0 191 192)
    (0 91 160) (0 2 3) (0 6 30) (23 91 93) (0 197 0) (0 197 198) (23 91 91)
    (0 200 0) (0 200 201) (23 91 92) (0 203 0) (0 203 204) (0 7 31)
    (0 63 0) (0 207 0) (0 61 0) (0 209 0) (0 74 0) (0 211 0) (0 35 0)
    (0 213 35) (0 36 0) (0 215 36) (0 37 0) (0 217 37) (0 14 14) (0 14 219)
    (0 75 75) (0 75 221) (0 23 23) (0 23 223) (0 175 175) (0 175 225)
    (0 11 8) (0 0 226) (0 0 170) (0 1 1) (0 1 230) (0 0 231) (0 4 65)
    (0 0 233) (0 91 91) (0 91 235) (0 0 236) (0 197 197) (0 197 238)
    (0 0 239) (0 200 200) (0 200 241) (0 0 242) (0 8 219) (0 20 20)
    (0 19 245) (0 1 221) (0 17 17) (0 4 248) (0 19 19) (0 5 250) (0 33 33)
    (0 6 252) (0 7 223) (0 11 2) (0 255 2) (0 1 256) (0 11 257) (0 14 8)
    (0 11 259) (0 9 15) (10 14) (0 262 14) (10 23) (0 264 23) (0 8 98)
    (0 5 142) (0 6 146) (0 91 197) (0 91 200) (0 91 203) (0 93 197)
    (0 92 203) (0 14 11) (0 11 4) (0 275 275) (0 65 65) (0 14 9) (0 19 29)
    (0 33 30) (0 75 175) (0 14 262) (0 8 14) (0 283 282) (0 19 47)
    (0 63 285) (0 19 264) (0 86 287) (10 11) (0 19 289) (0 5 11)
    (0 291 290) (0 33 47) (0 53 293) (0 33 289) (0 6 11) (0 296 295)
    (0 5 191) (0 3 211) (0 64 64) (0 300 64) (0 35 301) (0 62 62)
    (0 303 62) (0 36 304) (0 86 86) (0 306 86) (0 37 307) (0 175 75)
    (0 0 11) (0 75 1) (0 1 14) (0 4 221) (0 1 313) (0 1 191) (0 14 1)
    (0 14 197) (0 23 197) (0 14 318) (0 11 319) (0 14 200) (0 8 321)
    (0 322 200) (0 200 323) (0 14 324) (0 20 19) (0 19 326) (0 327 19)
    (0 19 328) (0 20 329) (0 4 64) (0 331 4) (0 4 332) (0 17 333)
    (0 19 203) (0 5 335) (0 336 203) (0 203 337) (0 19 338) (0 33 17)
    (0 6 340) (0 341 17) (0 17 342) (0 33 343) (0 289 11) (0 162 345)
    (0 219 14) (0 1 347) (0 1 11) (0 14 203) (0 23 350) (0 351 203)
    (0 93 352) (0 1 317) (0 354 197) (0 91 355) (0 1 350) (0 357 203)
    (0 91 358) (0 14 191) (0 5 360) (0 361 191) (0 92 362) (0 23 327)
    (0 58 40) (0 52 365) (0 41 366) (0 42 367) (0 4 368) (0 11 62)
    (0 370 11) (0 0 62) (0 4 372) (0 373 371) (0 349 374) (0 62 375)
    (0 4 376) (0 14 321) (0 14 166) (0 5 6) (0 19 33) (0 43 40) (0 41 382)
    (0 5 383) (0 19 23) (0 385 23) (0 1 23) (0 387 386) (0 5 388) (0 5 175)
    (0 5 1) (0 19 175) (0 11 66) (0 53 40) (0 44 394) (0 41 395) (0 6 396)
    (0 6 4) (0 398 4) (0 33 4) (0 400 399) (0 71 401) (0 6 402) (0 6 75)
    (0 1 404) (0 1 227) (0 93 203) (0 407 203) (0 271 408) (0 197 409)
    (0 269 197) (0 269 411) (0 200 412) (0 92 191) (0 414 191) (0 91 191)
    (0 416 415) (0 203 417) (0 39 38) (0 38 419) (0 38 420) (0 7 421)
    (0 7 11) (0 4 154) (0 1 424) (0 11 28) (0 11 426) (0 95 0) (0 173 0)
    (0 429 0) (0 425 0) (0 431 0) (0 427 0) (0 433 0) (0 19 11) (0 291 435)
    (0 33 11) (0 296 437) (11 11 4) (11 0 4) (11 4 440) (23 441 439)
    (23 1 442) (23 4 443) (0 444 4) (23 1 19) (0 446 5) (23 33 6)
    (23 1 448) (0 449 6))
   (term-table ("'token'" 3) ("M" 4) ("M" 5) ("M" 6) ("M" 7) ("M'" 4)
    ("M'" 5) ("M'" 6) ("M'" 7) ("P" 9) ("P" 13) ("P" 16) ("P" 18) ("P" 24)
    ("P" 27) ("P" 28) ("P" 29) ("P" 30) ("P" 31) ("P0" 29) ("P0" 30)
    ("P1" 32) ("P1" 34) ("R" 35) ("R" 36) ("R" 37) ("a" 17) ("a" 1) ("a" 4)
    ("a'" 1) ("a'" 5) ("a0" 19) ("a0" 33) ("a0" 1) ("a0" 11) ("a0" 4)
    ("a0" 2) ("a0" 6) ("a0'" 19) ("a0'" 33) ("a0'" 1) ("a0'" 11) ("a0'" 4)
    ("a0'" 6) ("a1" 0) ("a1" 4) ("a1'" 0) ("a1'" 4) ("a2" 4) ("a2'" 4)
    ("acc" 14) ("acc" 23) ("b" 0) ("b" 4) ("b1" 4) ("b2" 4) ("c" 8)
    ("cs" 14) ("depth" 11) ("e" 23) ("end" 1) ("f" 39) ("f" 41) ("f" 42)
    ("f'" 39) ("f'" 41) ("f'" 42) ("f0" 38) ("f0" 43) ("f0" 44) ("f0" 41)
    ("f0" 46) ("f0'" 43) ("f0'" 44) ("f0'" 41) ("f1" 38) ("f1" 49)
    ("f1" 50) ("f1" 41) ("f1" 52) ("f1" 53) ("f1'" 52) ("f1'" 53) ("f2" 57)
    ("f2" 39) ("f2" 58) ("f2" 59) ("f2'" 58) ("f3" 60) ("fn" 61)
    ("get_next_size" 62) ("get_size" 62) ("h" 42) ("h" 63) ("h" 53)
    ("i" 11) ("indent" 1) ("input" 14) ("input" 1) ("k" 11) ("l" 19)
    ("l" 33) ("m" 1) ("m" 11) ("msg" 1) ("n" 0) ("n" 11) ("n2" 11)
    ("n3" 11) ("newlines" 64) ("p" 9) ("p" 4) ("p0" 4) ("p1" 4) ("p2" 4)
    ("pp" 4) ("pretty" 73) ("rep" 74) ("rest" 14) ("rest" 23) ("rest'" 14)
    ("rev_toks" 23) ("s" 14) ("s" 20) ("s" 75) ("s" 1) ("s" 5) ("s" 6)
    ("se" 5) ("sexp" 79) ("ss" 5) ("ss" 6) ("str_tree" 85) ("sy" 1)
    ("t" 14) ("t" 1) ("t" 7) ("to_tokens" 86) ("token" 90) ("ts" 23)
    ("tt" 7) ("v" 38) ("v" 40) ("v" 8) ("v" 9) ("v" 14) ("v" 17) ("v" 23)
    ("v" 11) ("v" 4) ("v" 91) ("v" 5) ("v" 6) ("v'" 38) ("v0" 0) ("v0" 19)
    ("v0" 33) ("v0" 5) ("v0" 6) ("v1" 38) ("v1" 14) ("v1" 17) ("v1" 19)
    ("v1" 1) ("v1" 11) ("v1" 91) ("v1" 92) ("v1'" 38) ("v2" 20) ("v2" 19)
    ("v2" 23) ("v2" 1) ("v2" 4) ("v3" 14) ("v3" 17) ("v3" 4) ("v3" 93)
    ("v4" 11) ("v4" 4) ("v5" 17) ("v5" 4) ("v9" 1) ("vs" 19) ("vs" 33)
    ("vs'" 33) ("w" 6) ("x" 14) ("x" 23) ("x" 11) ("x" 4) ("x" 5) ("x" 6)
    ("x" 7) ("x'" 4) ("x''" 4) ("xs" 14) ("xs" 19) ("y" 19) ("y" 4)
    ("ys" 20) (12 95) (12 97) (12 98) (12 100) (12 101) (12 103) (12 105)
    (12 107) (12 109) (12 111) (12 113) (12 115) (12 117) (12 119) (12 121)
    (12 123) (12 125) (12 127) (12 129) (12 131) (12 133) (12 135) (12 137)
    (12 139) (12 141) (12 143) (12 145) (12 147) (12 149) (12 151) (12 152)
    (12 153) (12 155) (12 106) (12 110) (12 116) (12 156) (12 157) (12 159)
    (12 134) (12 161) (12 140) (12 142) (12 146) (12 150) (13 163) (14 165)
    (14 167) (14 169) (15 163) (16 170) (17 11) (18 171) (19 171) (20 172)
    (20 174) (20 177) (20 170) (20 178) (20 180) (20 182) (20 184) (20 16)
    (20 185) (20 186) (20 35) (20 187) (20 188) (20 189) (20 190) (20 171)
    (20 193) (20 36) (20 194) (20 195) (20 37) (20 196) (20 199) (20 202)
    (20 205) (20 206) (24 170) (25 97) (25 133) (25 208) (25 145) (25 210)
    (25 212) (25 110) (25 116) (25 157) (25 159) (25 134) (25 146) (26 214)
    (26 216) (26 218) (27 220) (27 222) (27 224) (28 1) (29 226) (30 69)
    (31 78) (32 162) (33 162) (34 2) (35 227) (36 7) (37 228) (37 229)
    (37 232) (37 234) (37 237) (37 240) (37 243) (38 244) (38 246) (38 247)
    (38 249) (38 251) (38 253) (38 254) (39 258) (40 96) (41 260) (42 261)
    (43 76) (44 0) (45 263) (45 265) (46 80) (47 259) (48 223) (48 162)
    (48 65) (49 266) (49 267) (49 268) (50 269) (50 270) (50 271) (51 272)
    (51 270) (51 273) (52 274) (53 276) (53 277) (54 278) (54 279) (54 280)
    (55 281) (56 284) (56 286) (56 288) (56 292) (56 294) (56 297) (57 14)
    (57 20) (57 75) (57 17) (57 19) (57 33) (57 23) (58 191) (59 32)
    (60 162) (61 7) (62 65) (63 219) (63 223) (64 298) (65 162) (66 87)
    (67 66) (68 84) (69 71) (70 0) (71 299) (72 82) (73 213) (73 215)
    (73 217) (74 302) (74 305) (74 308) (75 11) (76 170) (77 65) (78 309)
    (79 310) (80 283) (81 311) (82 230) (83 312) (84 314) (85 315) (86 62)
    (87 62) (88 316) (89 9) (90 9) (91 317) (92 320) (93 325) (93 330)
    (93 334) (93 339) (93 344) (94 346) (95 230) (96 348) (97 349) (98 64)
    (99 353) (99 356) (99 359) (99 363) (100 350) (101 364) (102 369)
    (102 377) (103 62) (104 321) (105 378) (106 379) (107 65) (108 380)
    (109 381) (110 384) (110 389) (111 291) (112 390) (113 391) (114 391)
    (115 392) (116 393) (117 13) (118 397) (118 403) (119 296) (120 405)
    (121 349) (122 316) (123 406) (124 410) (124 413) (124 418) (125 86)
    (126 422) (127 423) (128 398) (129 340) (130 96) ("P" 425) ("P" 427)
    ("f'" 94) ("f'" 173) ("h" 8) ("l" 14) (12 428) (12 430) (12 432)
    (12 434) (94 436) (94 438) (131 445) (132 447) (133 450))) exports
  (nil) (nil)
  ((141
    (((6 102) (242 14) (18 1 2 3 4 5 7 8 29 30 31 54 68 93 110 115 215)
      (88 7) (2 14 25 26 27 31 35 50 52 54 58 63 64 101 104 150)
      (243 31 32 35 36 37 42 53 55 57 59 61 63 65 66 67 68 69 76 81 82)
      (14 674 738) (6 68) (244 3 5 7) (24 43) (81 122 135 137) (31 12 79))
     "DISK_THM") (2 0 1 257 245 246 247 248 249 250 251)
    ("%20%22%152%101$1$0U380B276$0u2B281|U235%185$1$0U331B276$0u3B281|U243B250$0u2B281|U243%183%152%184$2$1$0B321B267$1u4B281|U235|U243%152%184$2$1$0B321B267$0u3B281|U235|U243B250$0u1B281|U235B250%158$0u2|U243%156$0u1|U235B250B281|U212|U227"))
   (142
    (((6 103) (18 1 2 3 4 5 7 8 29 30 31 54 68 93 110 115 215) (88 7)
      (252 12 13) (253 10 11 12 13 54 78)
      (254 9 11 33 34 35 36 37 81 82 83 84 85 86 87)
      (2 14 15 25 26 27 31 35 50 51 52 54 58 60 63 64 101 104 105 128 150
       193) (55 0 1 5 8 21 23)
      (243 31 32 35 36 37 42 53 55 57 59 61 63 65 66 67 68 69 76 81 82)
      (14 11 12 13 14 674 737 738) (6 62 63 64 65 66 67 68 99 100 101)
      (244 3 5 7) (255 0 18 60 68 180 202 208 432 438) (24 43)
      (81 135 137 144 149) (31 12 13 20 21 45 46)) "DISK_THM")
    (2 0 1 257 245 246 247 248 249 250 251)
    ("%152$0U452$0%125$0U377|B440%101$0U453U414U369|@%185%387U305U304U304U304U304U305U305U304U305U304U305U304U304U304U304U305U367$0U452B375|@B272|U243%183$0U453$0%361B409%152%184$1U452$0U453B319||@B265|U235B250"))
   (143 (((6 26) (2 26 193) (3 29 30) (6 18 19 20 21 22 23 24)) "DISK_THM")
    (1 0)
    ("%368U451%251B270%308U451%251B270%27$0U374U451%387U304U367$0U413B245B270|U237B250B250"))
   (144 (((6 30) (2 26 193) (6 18 19 20 21 22 23 24)) "DISK_THM") (2 0)
    ("%140$0%368B280$0%308B280%102$1$0U374B280|U290B388B388|U244"))
   (145 (((6 32) (2 26) (6 18 19 20 21 22 23 24)) "DISK_THM") (2 0)
    ("%18%368u0%308u0%102$0U374u1|U237B250B250%136$0u1|U244B281|U229"))
   (146
    (((6 29) (2 26 46 50 54 63 193) (3 29 30) (6 18 19 20 21 22 23 24))
     "DISK_THM") (2 0)
    ("%368%308B280U454%27%368$0U374B280U454|U237%27%308$0U374B280U454|U237B250B250"))
   (147 (((6 34) (2 25 26 63 193) (6 18 19 20 21 22 23 24 25)) "DISK_THM")
    (2 0)
    ("%192%141B450%159@%61@%153B254%192%368B280%141%153B254B250%192%308B280%159%153B254B250%102%192$0U374B280$0U61%153B254B250|U290B388B388B257"))
   (148 (((6 25) (2 26 193) (3 29 30) (6 18 19 20 21 22 23 24)) "DISK_THM")
    (1 0)
    ("%141%159%61%368$2B450$1@$0@$2B254|U215|U200|U200%141%159%61%308$2B450$1@$0@$1B254|U215|U200|U200%27%141%159%61$3U374$2B450$1@$0@$3u0B254|U215|U200|U200|U237B250B250"))
   (149 (((6 33) (2 26 193) (6 18 19 20 21 22 23 24 25)) "DISK_THM") (2 0)
    ("%4%8%141%159%61$4$3B280$3%368B280$2%153B254B281$3%308B280$1%167B254B281%27$4$0U374B280$0u1$0U64B254B281|U237B250B250B250$4$2B450$1@$0@$3%153B450%167@%64@B254B281|U215|U200|U200|U244|U244"))
   (150 (((6 17) (2 26)) "DISK_THM") (1 0)
    ("%117%36%0%36$0%251%300B323%106%306|@B274$0%251U373%300B323%106%306|@B274%27$1%27%251U373U373$0B323%106%306|@|$0@B274|U290B388B388$0u1B281|U241$1u0B281|U224|$0B379|U287"))
   (151 (((6 31) (2 26 193) (3 29 30) (6 18 19 20 21 22 23 24)) "DISK_THM")
    (2 0)
    ("%67%75%84%89%368u0$3B254%308u0$2B254%27$0U374u1$0u2B254|U237B250B250|U286|U215|U200|U200"))
   (152
    (((6 28) (2 26 56 63 193) (3 29 30) (6 18 19 20 21 22 23 24))
     "DISK_THM") (2 0) ("%27%29$1U374$0U374B280$1$0B269B257|U237|U237"))
   (153
    (((6 134) (242 14)
      (18 1 2 3 4 5 7 8 28 29 30 31 49 54 68 93 115 215 222) (252 12 13)
      (253 10 11 12 13 54 78)
      (254 9 11 33 34 35 36 37 81 82 83 84 85 86 87)
      (2 14 25 27 31 35 51 52 54 58 60 63 64 93 96 104 105 107 128 190 193)
      (256 20 21) (55 0 1 5 8 21 23)
      (243 31 32 35 36 37 42 53 55 57 59 61 63 65 66 67 68 69 76 81 82)
      (14 11 12 13 14 163 210 674 738) (6 3 4 5 6 8) (244 3 5)
      (255 0 18 68 202 208 432 438) (24 43) (81 122 135 137) (31 13 46))
     "DISK_THM") (2 0 1 399 245 246 247 248 249 250 251)
    ("%16%27$0U303u1|U237%196%190$0$1U349B337$0u2B281|U242$0U327u1B281|U234B250%151$0u1|U242B281|U225"))
   (154 (((6 133))) (1 0)
    ("%449%25$0U383%196%190$0$1U349B337$0$1U327b2B281|U242|U234B250|U296%137%30$0%27$0U374%364B322U333|B431%196%368%364B322%190$0u3|$0B354U330B299%308%364B322B299U333|@||B386B261"))
   (155
    (((6 135) (18 1 2 3 4 5 7 8 28 29 30 31 49 54 68 93 115 215 222)
      (2 14 15 25 31 35 51 52 54 58 63 64 93 96 104 105 107 128 190)
      (256 20 21) (55 21)
      (243 31 32 35 36 37 42 53 55 57 59 61 63 65 66 67 68 69 76 81 82)
      (14 163 210 213 674 738) (6 7 8 133) (244 3 5) (24 43)
      (81 135 137 144 149)) "DISK_THM")
    (2 0 1 399 245 246 247 248 249 250 251)
    ("%27$0U303U449$0U374%364B322B268|U237%196$0U327U449%368%364B322%190$0U449|$0B354U330B299%308%364B322B299B268|U234B250"))
   (156 (((6 114))) (1 0 1 325 245 246 247 248 249 250 251)
    ("%60%152$1$0B442%387U304U305U305U367U307%358B316U444%251%251B437$0U452U389@B396$1%360B318@B264|U243|U237"))
   (157
    (((6 68) (253 10 11 12 13 49 50 51 52 57 63 64 76 77)
      (254 28 29 30 31 33 34 35 36 37 38 39 42 43 70 73 74 75 76 78 81 82
       83 84 85 86 87) (2 7 14 15 26 58 60 63) (257 5 6 162) (55 8 21 23)
      (14 10 11 12 13 14 16) (6 60 62 63 64 65 66) (258 107) (255 0 19 412)
      (31 12 13 20 21 26)) "DISK_THM") (1 0)
    ("%33$0U376U441%387U304U367$0U413B245B270|U237%32$0U380U441%387U304U367%188$0|%441$0B357B410B245B270|U235%37$0U331U441%387U304U367$0U441B245B270|U243B250B250"))
   (158
    (((6 72) (252 12 13) (253 10 11 12 13 54 78)
      (254 9 11 33 34 35 36 37 81 82 83 84 85 86 87)
      (2 25 27 35 51 52 58 60 63 101 105 128 150 193) (55 0 1 5 8 21 23)
      (14 11 12 13 14) (6 62 63 64 65 66)
      (255 0 18 60 68 180 202 208 432 438) (31 13 45 46)) "DISK_THM") (2 0)
    ("%131%102$1$0U376B276|U290%101$1$0U380B276|U289%127$1$0U331B276|U293B388B388|U243"))
   (159
    (((6 74) (252 12 13) (253 10 11 12 13 54 78)
      (254 9 11 33 34 35 36 37 81 82 83 84 85 86 87)
      (2 25 27 35 51 52 58 60 63 101 105 128 150) (55 0 1 5 8 21 23)
      (14 11 12 13 14) (6 62 63 64 65 66)
      (255 0 18 60 68 180 202 208 432 438) (31 13 45 46)) "DISK_THM") (2 0)
    ("%17%102$0U376u1|U237%101%127$0$1U350B338$0u2B281|U243$0U380u1B281|U235%127$0u1$0U331u1B281|U243B250B250%127$0u1|U243B281|U227"))
   (160
    (((6 71) (253 10 11 12 13 49 50 51 52 57 63 64 76 77)
      (254 28 29 30 31 33 34 35 36 37 38 39 42 43 70 73 74 75 76 78 81 82
       83 84 85 86 87) (2 7 14 15 26 46 50 54 58 60 63) (257 5 6 162)
      (55 8 21 23) (14 10 11 12 13 14 16) (6 60 62 63 64 65 66) (258 107)
      (255 0 19 412) (31 12 13 20 21 26)) "DISK_THM") (2 0)
    ("%39%33$0U376$1U380B276U454|U237|U235%43%33$0U376$1U331B276U454|U237|U243%43%32$0U380$1U331B276U454|U235|U243B250B250"))
   (161
    (((6 76) (252 12 13) (253 10 11 12 13 54 78)
      (254 9 11 33 34 35 36 37 81 82 83 84 85 86 87)
      (2 25 26 27 35 51 52 58 60 63 101 105 128 150 193) (55 0 1 5 8 21 23)
      (14 11 12 13 14) (6 62 63 64 65 66 67)
      (255 0 18 60 68 180 202 208 432 438) (31 13 45 46)) "DISK_THM") (2 0)
    ("%191%62B439%69@%80@%142B255%102%191$0U376B276$0U62%142B255B250|U290%101%191$0U380B276$0U69%142B255B250|U289%127%191$0U331B276$0U80%142B255B250|U293B388B388B257"))
   (162
    (((6 67) (253 10 11 12 13 49 50 51 52 57 63 64 76 77)
      (254 28 29 30 31 33 34 35 36 37 38 39 42 43 70 73 74 75 76 78 81 82
       83 84 85 86 87) (2 7 14 15 26 58 60 63) (257 5 6 162) (55 8 21 23)
      (14 10 11 12 13 14 16) (6 60 62 63 64 65 66) (258 107) (255 0 19 412)
      (31 12 13 20 21 26)) "DISK_THM") (1 0)
    ("%33%62%69%80$3U376$2B439$1@$0@$3u2B255|U226|U211|U216|U237%32%62%69%80$3U380$2B439$1@$0@$3u1B255|U226|U211|U216|U235%37%62%69%80$3U331$2B439$1@$0@$3u0B255|U226|U211|U216|U243B250B250"))
   (163
    (((6 75) (252 12 13) (253 10 11 12 13 54 78)
      (254 9 11 33 34 35 36 37 81 82 83 84 85 86 87)
      (2 25 27 35 51 52 58 60 63 101 105 128 150 193) (55 0 1 5 8 21 23)
      (14 11 12 13 14) (6 62 63 64 65 66 67)
      (255 0 18 60 68 180 202 208 432 438) (31 13 45 46)) "DISK_THM") (2 0)
    ("%3%7%62%69%80$4$3B276%33$4$0U376B276$0u3$0U65B255B281|U237%32$4$0U380B276$0u2$0U73B255B281|U235%37$4$0U331B276$0u1$0U82B255B281|U243B250B250B250$4$2B439$1@$0@$3%65B439%73@%82@B255B281|U226|U211|U216|U243|U243"))
   (164
    (((6 73) (253 10 11 12 13 49 50 51 52 57 63 64 76 77)
      (254 28 29 30 31 33 34 35 36 37 38 39 42 43 70 73 74 75 76 78 81 82
       83 84 85 86 87) (2 7 14 15 26 58 60 63) (257 5 6 162) (55 8 21 23)
      (14 10 11 12 13 14 16) (6 60 62 63 64 65 66) (258 107) (255 0 19 412)
      (31 12 13 20 21 26)) "DISK_THM") (2 0)
    ("%70%77%86%94%33$0U376u1$0u4B255|U237%32$0U380u1$0$1$0B356b3B255|U235%37$0U331u1$0$0u1b2B255|U243B250B250|U285|U228|U213|U216"))
   (165
    (((6 70) (253 10 11 12 13 49 50 51 52 57 63 64 76 77)
      (254 28 29 30 31 33 34 35 36 37 38 39 42 43 70 73 74 75 76 78 81 82
       83 84 85 86 87) (2 7 14 15 26 56 58 60 63) (257 5 6 162)
      (55 8 21 23) (14 10 11 12 13 14 16) (6 60 62 63 64 65 66) (258 107)
      (255 0 19 412) (31 12 13 20 21 26)) "DISK_THM") (2 0)
    ("%33%40$1U376$0U376B276$1$0B269B257|U237|U237%32%39$1U380$0U380B276$1$0B267B257|U235|U235%37%43$1U331$0U331B276$1$0B276B257|U243|U243B250B250"))
   (166
    (((6 137)
      (18 1 2 3 4 5 7 8 26 28 29 30 31 49 54 68 87 93 110 115 214 215 218
       219 222 330 536) (88 2)
      (2 14 15 25 27 31 35 42 50 51 52 54 58 63 64 93 96 101 104 105 114
       128 133 178) (256 20 21) (55 21)
      (243 31 32 35 36 37 42 53 55 57 59 61 63 65 66 67 68 69 76 81 82)
      (6 116 117) (5 14 15 23 230) (13 9) (244 3 5 7) (15 65) (24 6 43)
      (81 135 137 144 149)) "DISK_THM")
    (2 0 1 432 245 246 247 248 249 250 251)
    ("%9%95%102$2$1B438$0@$1$0U443B253B250%99$0$2B252$0$1U395B325u3B281|U238B281|U237|U238|U204"))
   (167
    (((6 118) (242 14)
      (18 1 2 3 4 5 7 8 26 28 29 30 31 54 93 110 115 214 215 219 222 330)
      (88 2) (2 25 27 31 35 42 51 52 54 58 63 64 93 96 101 104 105 128)
      (256 20 21)
      (243 31 32 35 36 37 42 53 55 57 59 61 63 65 66 67 68 69 76 81 82)
      (244 3 5 7) (15 5 22) (24 43) (81 122 135 137)) "DISK_THM")
    (2 0 1 356 245 246 247 248 249 250 251)
    ("%10%110%106%125$1%251B270U454$2$1%387U304U367B249b3$0@B281$2$1b3$0@B281|U237|U238|U204%144%164%171$2$1b3$0@|U237|U238|U204B281|U205"))
   (168
    (((6 119)
      (18 1 2 3 4 5 7 8 26 28 29 30 31 54 93 110 115 214 215 219 222 330)
      (88 2) (2 15 25 31 35 42 51 52 54 58 63 64 93 96 101 104 105 128 133)
      (256 20 21) (55 21)
      (243 31 32 35 36 37 42 53 55 57 59 61 63 65 66 67 68 69 76 81 82)
      (6 116 117) (244 3 5 7) (15 65) (24 43) (81 135 137 144 149))
     "DISK_THM") (2 0 1 356 245 246 247 248 249 250 251)
    ("%125%110%106$1$0B438$2@$0%251B270%378B310$2$0%387U304U367B249B445u1$1$0%387U304U367B249B438$2@B250@B257|U238|U204|U237"))
   (169
    (((6 112) (253 10 11 12 13 49 50 51 52 57 63 64 76 77)
      (254 28 29 30 33 34 35 36 37 38 39 42 44 45 46 47 48 49 50 70 73 74
       75 76 78 81 82 83 84 85 86 87) (2 7 14 15 26 58 60 63) (257 5 6 162)
      (55 8 21 23) (6 78 80 81 82 83 84 85) (258 107) (15 8 9 35 47)
      (255 0 19 412) (31 12 13 20 21 26)) "DISK_THM")
    (1 0 1 302 245 246 247 248 249 250 251)
    ("%95%99%106%53$3$2B437$1$0B375@$2$1B245%387U304U304U304U305U305U305U367B252$0U427B312$3$2B437$0@2B272|U239|U238|U238|U238%95%99%149$2$1B437$0U369@$2%387U304U367B245$1%387U304U367B245B437$0@U369B272|U239|U238|U238%95%99%163$2$1B437$0U377@$0U377B272|U237|U238|U238%95%99%172%52%175$4$3B437$2$1B302$0@2%107%108$5$1B245$0B245%387U305U304U304U305U305U367B252$6$5B437$4@%328B302$6$5$1B245B437$2@2B312$6$5B437$4@%378B302$6$6B437$2@3|$1U398B346|$2U399B346B272|U239|U201|U239|U238|U238B250B250B250"))
   (170 (((6 131))) (1 0 1 387 245 246 247 248 249 250 251)
    ("%126$0U435$0U433U390U393B269|U242"))
   (171 (((6 132))) (1 0 1 391 245 246 247 248 249 250 251)
    ("%126$0U434%387U304U305U305U367U307%358B316U444$0U428B442U393B269|U242"))
   (172
    (((6 129) (242 4 5 14) (18 1 2 3 4 5 7 8 29 30 31 54 68 93 110 115 215)
      (88 7) (252 12 13) (253 10 11 12 13 54 78)
      (254 9 11 33 34 35 36 37 81 82 83 84 85 86 87)
      (2 14 25 26 27 31 35 46 47 50 52 54 58 60 63 64 72 77 78 80 104 105
       128 193) (55 0 1 5 8 21 23)
      (243 31 32 35 36 37 42 53 55 57 59 61 63 65 66 67 68 69 76 81 82)
      (14 11 12 13 14 84 674 738) (259 1) (6 3 4 5 6 8) (244 3 5 7)
      (255 0 18 68 202 208 432 438) (24 43) (81 122 135 137)
      (31 12 13 46 79)) "DISK_THM") (2 0 1 375 245 246 247 248 249 250 251)
    ("%19%21%125$0U303u2|U237%100$0u1$0U327u2B281|U234%362u0%151%182$0U366$1u3B281$0U366U454$1u3B281$0U366U454$0u2B281B250B250$1$0B320u2B281|U234|U242B250B250B250%157$0u2|U242%155$0u1|U234B250B281|U209|U225"))
   (173
    (((6 130) (18 1 2 3 4 5 7 8 29 30 31 54 68 93 110 115 215) (88 7)
      (2 14 15 25 31 35 50 52 54 58 63 64 104 105 128 133) (55 21)
      (243 31 32 35 36 37 42 53 55 57 59 61 63 65 66 67 68 69 76 81 82)
      (14 17 674 738) (6 7 8 126 127 128) (244 3 5 7) (24 43)
      (81 135 137 144 149) (31 12)) "DISK_THM")
    (2 0 1 375 245 246 247 248 249 250 251)
    ("%125$0U303U433$0U411%360B318U351B256|U237%100$0U327U433%387U304U305U304U304U305U367U307%358B316U444%360B318U351$0U436%387U304U305U304U305U304U367U307%358B316U444%360B318U351B301B301B256|U234%362U436%360U351B256%182%151$0$1B320U436$1U366$0U433B309$0U433%387U304U304U304U304U305U367U307%358B316U444%360B318U351$1U436B301B301@B256|U242|U234B250B250B250"))
   (174
    (((6 8) (253 10 11 12 13 49 50 51 52 57 63 64 76 77)
      (254 28 29 31 33 34 35 36 37 38 39 43 70 73 74 75 76 78 81 82 83 84
       85 86 87) (2 7 14 15 26 58 60 63) (257 5 6 162) (55 8 21 23)
      (14 10 11 12 13 14 16) (6 1 3 4 5 6) (258 107) (255 0 19 412)
      (31 12 13 21 26)) "DISK_THM") (1 0)
    ("%33$0U303U432%387U304U367$0U413B245B270|U237%31$0U327U432%387U304U367%188$0|%432$0B355B410B245B270|U234B250"))
   (175
    (((6 12) (252 12 13) (253 10 11 12 13 54 78)
      (254 9 11 33 34 35 36 37 81 82 83 84 85 86 87)
      (2 27 35 52 58 60 63 105 128 193) (55 0 1 5 8 21 23) (14 11 12 13 14)
      (6 3 4 5 6) (255 0 18 68 202 208 432 438) (31 13 46)) "DISK_THM")
    (2 0) ("%130%102$1$0U303B275|U290%100$1$0U327B275|U288B388|U242"))
   (176
    (((6 14) (252 12 13) (253 10 11 12 13 54 78)
      (254 9 11 33 34 35 36 37 81 82 83 84 85 86 87)
      (2 27 35 52 58 60 63 105 128) (55 0 1 5 8 21 23) (14 11 12 13 14)
      (6 3 4 5 6) (255 0 18 68 202 208 432 438) (31 13 46)) "DISK_THM")
    (2 0)
    ("%16%102$0U303u1|U237%100%126$0$1U349B337$0u2B281|U242$0U327u1B281|U234B250%126$0u1|U242B281|U225"))
   (177
    (((6 11) (253 10 11 12 13 49 50 51 52 57 63 64 76 77)
      (254 28 29 31 33 34 35 36 37 38 39 43 70 73 74 75 76 78 81 82 83 84
       85 86 87) (2 7 14 15 26 46 54 58 60 63) (257 5 6 162) (55 8 21 23)
      (14 10 11 12 13 14 16) (6 1 3 4 5 6) (258 107) (255 0 19 412)
      (31 12 13 21 26)) "DISK_THM") (2 0)
    ("%38%33$0U303$1U327B275U454|U237|U234"))
   (178
    (((6 16) (252 12 13) (253 10 11 12 13 54 78)
      (254 9 11 33 34 35 36 37 81 82 83 84 85 86 87)
      (2 25 26 27 35 52 58 60 63 105 128 193) (55 0 1 5 8 21 23)
      (14 11 12 13 14) (6 3 4 5 6 7) (255 0 18 68 202 208 432 438)
      (31 13 46)) "DISK_THM") (2 0)
    ("%190%62B430%68@%142B255%102%190$0U303B275$0U62%142B255B250|U290%100%190$0U327B275$0U68%142B255B250|U288B388B257"))
   (179
    (((6 7) (253 10 11 12 13 49 50 51 52 57 63 64 76 77)
      (254 28 29 31 33 34 35 36 37 38 39 43 70 73 74 75 76 78 81 82 83 84
       85 86 87) (2 7 14 15 26 58 60 63) (257 5 6 162) (55 8 21 23)
      (14 10 11 12 13 14 16) (6 1 3 4 5 6) (258 107) (255 0 19 412)
      (31 12 13 21 26)) "DISK_THM") (1 0)
    ("%33%62%68$2U303$1B430$0@$2u1B255|U208|U216|U237%31%62%68$2U327$1B430$0@$2u0B255|U208|U216|U234B250"))
   (180
    (((6 15) (252 12 13) (253 10 11 12 13 54 78)
      (254 9 11 33 34 35 36 37 81 82 83 84 85 86 87)
      (2 27 35 52 58 60 63 105 128 193) (55 0 1 5 8 21 23) (14 11 12 13 14)
      (6 3 4 5 6 7) (255 0 18 68 202 208 432 438) (31 13 46)) "DISK_THM")
    (2 0)
    ("%2%6%62%68$3$2B275%33$3$0U303B275$0u2$0U65B255B281|U237%31$3$0U327B275$0u1$0U72B255B281|U234B250B250$3$1B430$0@$2%65B430%72@B255B281|U208|U216|U242|U242"))
   (181
    (((6 13) (253 10 11 12 13 49 50 51 52 57 63 64 76 77)
      (254 28 29 31 33 34 35 36 37 38 39 43 70 73 74 75 76 78 81 82 83 84
       85 86 87) (2 7 14 15 26 58 60 63) (257 5 6 162) (55 8 21 23)
      (14 10 11 12 13 14 16) (6 1 3 4 5 6) (258 107) (255 0 19 412)
      (31 12 13 21 26)) "DISK_THM") (2 0)
    ("%70%76%93%33$0U303u1$0u3B255|U237%31$0U327u1$0$1$0B353b2B255|U234B250|U284|U210|U216"))
   (182
    (((6 10) (253 10 11 12 13 49 50 51 52 57 63 64 76 77)
      (254 28 29 31 33 34 35 36 37 38 39 43 70 73 74 75 76 78 81 82 83 84
       85 86 87) (2 7 14 15 26 56 58 60 63) (257 5 6 162) (55 8 21 23)
      (14 10 11 12 13 14 16) (6 1 3 4 5 6) (258 107) (255 0 19 412)
      (31 12 13 21 26)) "DISK_THM") (2 0)
    ("%33%40$1U303$0U303B275$1$0B269B257|U237|U237%31%38$1U327$0U327B275$1$0B266B257|U234|U234B250"))
   (183
    (((6 124) (242 4 5 14) (18 1 2 3 4 5 7 8 29 30 31 54 68 93 110 115 215)
      (88 7) (252 12 13) (253 10 11 12 13 54 78)
      (254 9 11 33 34 35 36 37 81 82 83 84 85 86 87)
      (2 14 25 26 27 31 35 46 47 50 52 54 58 60 63 64 72 77 78 80 104 105
       128 193) (55 0 1 5 8 21 23)
      (243 31 32 35 36 37 42 53 55 57 59 61 63 65 66 67 68 69 76 81 82)
      (14 11 12 13 14 84 674 738) (259 1) (6 3 4 5 6 8) (244 3 5 7)
      (255 0 18 68 202 208 432 438) (24 43) (81 122 135 137)
      (31 12 13 46 79)) "DISK_THM") (2 0 1 368 245 246 247 248 249 250 251)
    ("%19%21%125$0U303u2|U237%100$0u1$0U327u2B281|U234%362u0%151%182$1u3$0u2B250$1$0B320u2B281|U234|U242B250B250B250%157$0u2|U242%155$0u1|U234B250B281|U209|U225"))
   (184
    (((6 125) (18 1 2 3 4 5 7 8 29 30 31 54 68 93 110 115 215) (88 7)
      (2 14 15 25 31 35 50 54 58 63 64 104) (55 21)
      (243 31 32 35 36 37 42 53 55 57 59 61 63 65 66 67 68 69 76 81 82)
      (14 17 674 738) (6 7 8 121 122 123) (244 3 5 7) (24 43)
      (81 135 137 144 149) (31 12 20 21)) "DISK_THM")
    (2 0 1 368 245 246 247 248 249 250 251)
    ("%125$0U303U428$0U411U376B276|U237%100$0U327U428$0U429U380B276|U234%362U429%363B267%182%151$0$1B320U429$0U428$1U429B321B267|U242|U234B250B250B250"))
   (185
    (((6 111) (253 10 11 12 13 49 50 51 52 57 63 64 76 77)
      (254 28 29 30 33 34 35 36 37 38 39 42 44 45 46 47 48 49 50 70 73 74
       75 76 78 81 82 83 84 85 86 87) (2 7 14 15 26 58 60 63) (257 5 6 162)
      (55 8 21 23) (6 78 80 81 82 83 84 85) (258 107) (15 8 9 35 47)
      (255 0 19 412) (31 12 13 20 21 26)) "DISK_THM")
    (1 0 1 295 245 246 247 248 249 250 251)
    ("%149$0U369U427$0U427U369B272|U239%163$0U377U427$0U377B272|U237%172%154%175$2$1B302$0@U427$2U427%328B302$0U427@B272|U239|U201|U239%177%180$1$0B375U427$0U427B272|U239|U238B250B250B250"))
   (186
    (((6 138) (260 411 419 427 434 453 462) (252 12 13)
      (253 10 11 12 13 49 50 51 52 54 57 63 64 76 77 78)
      (254 9 11 28 29 30 33 34 35 36 37 38 39 42 44 45 46 47 48 49 50 70 73
       74 75 76 78 81 82 83 84 85 86 87)
      (2 7 14 15 25 26 27 35 50 51 52 54 56 58 60 63 91 96 101 105 128 133
       150 154 155 186 187 193) (257 5 6 162) (55 0 1 5 8 21 23) (243 96)
      (261 127 134 143)
      (14 11 12 13 14 33 38 47 82 84 88 94 95 158 178 242 735 742 743)
      (262 241) (28 532)
      (6 3 4 5 6 7 18 19 20 21 22 23 24 25 42 62 63 64 65 66 67 78 80 81 82
       83 84 85 86 115) (5 227 234) (244 3 7) (263 12) (30 112) (258 107)
      (15 4 8 9 35 47 70) (255 0 18 19 60 68 180 202 208 412 432 438)
      (24 47) (264 632 634) (265 298) (11 3) (31 12 13 20 21 26 45 46 75)
      (266 53) (267 139)) "DISK_THM")
    (2 0 1 442 245 246 247 248 249 250 251)
    ("%134%122%50%402$2B326$1%358B262U454$1U332U401$1U332%387U304U305U304U305U304U367U307B258B388B281B250$2$1B297$0B426$0U370$2B297U400$1B247B273B281|U230|U230|U230"))
   (187
    (((6 43) (18 1 2 3 4 5 7 8 28 29 31 46 54 93 115 123 215 218 222)
      (2 14 25 29 31 35 52 54 58 63 64 96 101 104 105 128)
      (243 31 32 35 36 37 42 53 55 57 59 61 63 65 66 67 68 69 76 81 82)
      (14 40 82) (6 42) (15 4)) "DISK_THM")
    (2 0 1 89 245 246 247 248 249 250 251)
    ("%97%50$1$0B426%125%118B247B273%118U345$1U345B253B281|U230|U230"))
   (188 (((6 42) (14 734)) "DISK_THM")
    (1 0 1 81 245 246 247 248 249 250 251)
    ("%50%358$0B426$0U370U400%358B247B273|U230%56%57%50$2$1B316$0B426$2%387U304U305U304U305U304U367U307B258$2U401B388$0U370U400$2$1B316B247B313$1$2$0B316B426@B273|U230|U230|U202B250"))
   (189 (((6 41) (2 58 105 128) (6 39 40)) "DISK_THM")
    (2 0 1 70 245 246 247 248 249 250 251)
    ("%97U424%125%118B247U343B278%118U345%97U345B253B281"))
   (190 (((6 39))) (1 0 1 54 245 246 247 248 249 250 251)
    ("%97$0U424$0%358B425B278|U230"))
   (191
    (((6 139) (18 1 2 3 4 5 7 8 26 28 29 30 31 49 54 68 93 115 215 222)
      (2 14 15 25 26 27 29 31 35 50 51 52 54 56 58 63 64 93 95 96 101 104
       105 107 128 133 150 154) (256 20 21) (55 21)
      (243 31 32 35 36 37 42 53 55 57 59 61 63 65 66 67 68 69 76 81 82)
      (14 17 38 39 41 82 94 242 737 738) (6 35 36) (5 23 154 155)
      (244 3 5 6 7) (30 7) (15 4 7 8 22 65) (24 43) (81 135 137 144 149)
      (264 632 634) (11 3 37) (31 83)) "DISK_THM")
    (2 0 1 455 245 246 247 248 249 250 251)
    ("%195%122%50%392$2B352U329%387U304U304U304U305U305U367U307%358B316B297$1B297$0B425$0U370$2B297U400$1B247U343B278|U230|U230|U230"))
   (192
    (((6 40)
      (18 1 2 3 4 5 7 8 20 26 28 29 30 31 49 54 68 73 93 115 215 218 222)
      (2 15 25 26 27 29 31 35 50 51 52 54 56 58 63 64 93 95 96 101 104 105
       107 128 133 150 154) (256 20 21) (55 21)
      (243 31 32 35 36 37 42 53 55 57 59 61 63 65 66 67 68 69 76 81 82)
      (14 17 40 84 142 737 738 739 740) (6 35 36 37) (244 3 5 6 7)
      (15 4 7 8 22 65) (24 43) (81 135 137 144 149) (11 3 37)
      (31 78 80 82 83)) "DISK_THM") (2 0 1 59 245 246 247 248 249 250 251)
    ("%97%50$1$0B425%125%118B247U343B278%118U345$1U345B253B281|U230|U230"))
   (193
    (((6 37) (242 14)
      (18 1 2 3 4 5 7 8 26 28 29 30 31 49 54 68 93 115 215 222)
      (2 25 26 27 31 35 50 51 52 54 58 63 64 93 95 96 101 104 105 107 128
       150) (256 20 21)
      (243 31 32 35 36 37 42 53 55 57 59 61 63 65 66 67 68 69 76 81 82)
      (14 84 738) (244 3 5 7) (15 5 7 8 22) (24 43) (81 122 135 137)
      (11 37)) "DISK_THM") (2 0 1 31 245 246 247 248 249 250 251)
    ("%11%50%358$0b1|U230%56%118%50%143%160$4%387U304U304U304U305U305U367U307B258U454$4%387U304U305U305U305U304U305U367U307B258$3$1$0B316B262$1%387U304U305U305U305U304U305U367U307B258U454$1%387U304U304U304U305U305U367U307B258U454$1%387U305U304U304U304U305U367U307B258U454$1%387U305U304U305U305U305U305U367U307B258U454$1%387U305U305U304U304U305U305U367U307B258U454$1%387U305U305U304U305U304U305U367U307B258B250B250B250B250B250B250B250B250$0%387U304U305U304U367U307$2B316b5B281|U230|U202%143%160$4%387U304U304U304U305U305U367U307B258U454$4%387U304U305U305U305U304U305U367U307B258$3$1$0B316B262$1%387U304U305U305U305U304U305U367U307B258U454$1%387U304U304U304U305U305U367U307B258U454$1%387U305U304U304U304U305U367U307B258U454$1%387U305U304U305U305U305U305U367U307B258U454$1%387U305U305U304U304U305U305U367U307B258B250B250B250B250B250B250B250$0%387U305U305U304U367U307$2B316b5B281|U230|U202%143%160$4%387U304U304U304U305U305U367U307B258U454$4%387U304U305U305U305U304U305U367U307B258$3$1$0B316B262$1%387U304U305U305U305U304U305U367U307B258U454$1%387U304U304U304U305U305U367U307B258U454$1%387U305U304U304U304U305U367U307B258U454$1%387U305U304U305U305U305U305U367U307B258B250B250B250B250B250B250$0%387U304U305U305U367U307$2B316b5B281|U230|U202%143%160$4%387U304U304U304U305U305U367U307B258U454$4%387U304U305U305U305U304U305U367U307B258$3$1$0B316B262$1%387U304U305U305U305U304U305U367U307B258U454$1%387U304U304U304U305U305U367U307B258U454$1%387U305U304U304U304U305U367U307B258B250B250B250B250B250$0%251U307$2B316b5B281|U230|U202%143%160$4%387U304U304U304U305U305U367U307B258U454$4%387U304U305U305U305U304U305U367U307B258$3$1$0B316B262$1%387U304U305U305U305U304U305U367U307B258U454$1%387U304U304U304U305U305U367U307B258B250B250B250B250$0%387U304U304U304U305U305U367U307$2B316b5B281|U230|U202%143%160$4%387U304U304U304U305U305U367U307B258U454$4%387U304U305U305U305U304U305U367U307B258$3$1$0B316B262$1%387U304U305U305U305U304U305U367U307B258B250B250B250$0%387U304U305U305U305U304U305U367U307$2B316b5B281|U230|U202$2%387U304U304U304U305U305U367U307B258U454$2%387U304U305U305U305U304U305U367U307B258U454B250$1$2$0B316b3B281$2%387U304U304U304U305U305U367U307B258U454$2%387U304U305U305U305U304U305U367U307B258$1%358B262B250B250$1$0b3B281B250B250B250B250B250B250B250$2$1B316$0b3B281|U230|U230|U202B250%145%160$1$0b2|U230|U230B281|U206"))
   (194
    (((6 38) (18 1 2 3 4 5 7 8 26 28 29 30 31 49 54 68 93 115 215 222)
      (2 15 25 26 31 35 50 51 52 54 58 63 64 93 95 96 101 104 105 107 128
       133 150) (256 20 21) (55 21)
      (243 31 32 35 36 37 42 53 55 57 59 61 63 65 66 67 68 69 76 81 82)
      (14 17 737 738) (6 35 36) (244 3 5 7) (15 7 8 22 65) (24 43)
      (81 135 137 144 149) (11 37)) "DISK_THM")
    (2 0 1 31 245 246 247 248 249 250 251)
    ("%50%358$0B425%387U305U305U304U304U305U305U367U307%387U305U304U304U305U305U304U367U307%387U305U304U304U304U305U304U367U307%387U305U304U304U305U304U305U367U307%387U305U304U304U304U304U304U367U307%387U305U305U304U305U304U304U367U307%387U305U305U304U305U304U305U367U307%387U305U305U304U304U305U305U367U307%387U305U304U305U304U305U304U367U307%387U305U304U305U305U305U305U367U307%387U305U304U305U304U304U304U367U307%387U305U304U304U304U304U304U367U307%387U305U304U304U304U305U304U367U307%387U305U305U304U305U305U304U367U307%387U305U305U305U304U304U305U367U307%387U305U305U304U305U305U367U307%387U304U304U304U304U305U367U307%387U305U305U304U305U305U304U367U307%387U305U304U305U305U305U305U367U307%387U305U305U304U305U304U305U367U307%387U305U304U304U305U305U304U367U307%387U305U305U304U304U305U305U367U307%387U305U304U305U305U305U304U367U307%387U305U304U305U304U305U304U367U307%387U305U304U305U305U305U305U367U307%387U305U304U304U304U305U304U367U307%387U305U305U304U305U304U305U367U307%387U305U304U304U305U305U304U367U307%387U305U304U304U305U304U305U367U307%387U304U304U304U304U305U367U307%387U305U305U304U305U304U304U367U307%387U305U305U304U305U304U305U367U307%387U305U305U304U304U305U305U367U307%387U305U304U305U304U305U304U367U307%387U305U304U305U305U305U305U367U307%387U305U304U305U304U304U304U367U307%387U304U304U304U304U305U367U307%387U305U304U305U305U304U305U367U307%387U305U304U305U304U305U304U367U307%387U305U305U304U305U304U305U367U307%387U305U304U304U305U305U304U367U307%387U305U305U304U304U305U305U367U307%387U305U304U304U304U305U304U367U307%387U305U304U305U305U304U305U367U307%358B316B316B316B316B316B316B316B316B316B316B316B316B316B316B316B316B316B316B316B316B316B316B316B316B316B316B316B316B316B316B316B316B316B316B316B316B316B316B316B316B316B316B316B316U444%358B247U340B278|U230%118%56%50$1$2B316$0B425$1%387U304U304U304U305U305U367U307B258$0U370U400$2B247U343B315$1%387U304U305U305U305U304U305U367U307B258$2$2$0B425B405%143%160$1%387U304U305U305U305U304U305U367U307B258$0%387U304U305U305U305U304U305U367U307$2B316B425B315$1%387U304U304U304U305U305U367U307B258$0%387U304U304U304U305U305U367U307$2B316B425B315$1%387U305U304U304U304U305U367U307B258$0%251U307$2B316B425B315$1%387U305U304U305U305U305U305U367U307B258$0%387U304U305U305U367U307$2B316B425B315$1%387U305U305U304U304U305U305U367U307B258$0%387U305U305U304U367U307$2B316B425B315$1%387U305U305U304U305U304U305U367U307B258$0%387U304U305U304U367U307$2B316B425B315%387U305U305U304U304U305U305U367U307%387U305U304U304U305U305U304U367U307%387U305U304U304U304U305U304U367U307%387U305U304U304U305U304U305U367U307%387U305U304U304U304U304U304U367U307%387U305U305U304U305U304U304U367U307%387U305U305U304U305U304U305U367U307%387U305U305U304U304U305U305U367U307%387U305U304U305U304U305U304U367U307%387U305U304U305U305U305U305U367U307%387U305U304U305U304U304U304U367U307%387U305U304U304U304U304U304U367U307%387U305U304U304U304U305U304U367U307%387U305U305U304U305U305U304U367U307%387U305U305U305U304U304U305U367U307%387U305U305U304U305U305U367U307%387U304U304U304U304U305U367U307%387U305U305U304U305U305U304U367U307%387U305U304U305U305U305U305U367U307%387U305U305U304U304U305U305U367U307%387U305U304U304U305U305U304U367U307%387U305U304U304U305U304U304U367U307%387U305U305U304U304U304U304U367U307%387U305U304U305U304U304U304U367U307%387U305U304U305U305U305U305U367U307%387U305U304U305U304U305U304U367U307%387U305U305U304U305U304U304U367U307%387U305U304U304U305U305U304U367U307%387U305U304U304U305U304U305U367U307%387U304U304U304U304U305U367U307%387U305U304U304U305U305U304U367U307%387U305U305U304U305U304U304U367U307%387U305U304U304U305U304U304U367U307%387U305U304U304U304U305U304U367U307%387U305U305U304U304U304U305U367U307%387U305U304U304U305U305U304U367U307%358B316B316B316B316B316B316B316B316B316B316B316B316B316B316B316B316B316B316B316B316B316B316B316B316B316B316B316B316B316B316B316B316B316B316B316B316U444$0B247U340@6||@B315$2$1$0B316B425@2B278|U230|U202|U230B250"))
   (195
    (((6 87) (253 10 11 12 13 49 50 51 52 57 63 64 76 77)
      (254 28 29 30 33 34 35 36 37 38 39 42 44 45 46 47 48 49 50 70 73 74
       75 76 78 81 82 83 84 85 86 87) (2 7 14 15 26 58 60 63) (257 5 6 162)
      (55 8 21 23) (6 78 80 81 82 83 84 85) (258 107) (15 8 9 35 47)
      (255 0 19 412) (31 12 13 20 21 26)) "DISK_THM") (1 0)
    ("%35$0U369U423%387U304U367$0U423B245B270|U239%33$0U377U423%387U304U367$0U413B245B270|U237%35%44%48$2$1B302$0@U423%387U304U367$2U423$1U391$0U423B245B245B245B270|U239|U201|U239%34%45$1$0B375U423%387U304U367$1$0U423B245B245B270|U239|U238B250B250B250"))
   (196
    (((6 91) (253 10 11 12 13 49 50 51 52 57 63 64 76 77)
      (254 28 29 30 33 34 35 36 37 38 39 42 44 45 46 47 48 49 50 70 73 74
       75 76 78 81 82 83 84 85 86 87) (2 7 14 15 26 50 51 58 60 63 91 193)
      (257 5 6 162) (55 8 21 23) (6 78 80 81 82 83 84 85) (258 107)
      (15 8 9 35 47) (255 0 19 412) (31 12 13 20 21 26)) "DISK_THM") (2 0)
    ("%115%111$1$0U369B272|U292%102$1$0U377B272|U290%111%52%112$3$2$1B302$0@B272|U292|U282|U292%106%111$2$1$0B375B272|U292|U291B388B388B388|U239"))
   (197
    (((6 93) (253 10 11 12 13 49 50 51 52 57 63 64 76 77)
      (254 28 29 30 33 34 35 36 37 38 39 42 44 45 46 47 48 49 50 70 73 74
       75 76 78 81 82 83 84 85 86 87) (2 7 14 15 26 50 51 58 60 63 91)
      (257 5 6 162) (55 8 21 23) (6 78 80 81 82 83 84 85) (258 107)
      (15 8 9 35 47) (255 0 19 412) (31 12 13 20 21 26)) "DISK_THM") (2 0)
    ("%15%111$0u1$0U369u1B281|U239%102$0U377u1|U237%111%112$1u2$0u2B250%52$2$0B302$1@u3|U201B281|U239|U239%111$0u1%106$0$1B375u2|U238B281|U239B250B250B250%111$0u1|U239B281|U221"))
   (198
    (((6 90) (253 10 11 12 13 49 50 51 52 57 63 64 76 77)
      (254 28 29 30 33 34 35 36 37 38 39 42 44 45 46 47 48 49 50 70 73 74
       75 76 78 81 82 83 84 85 86 87) (2 7 14 15 26 46 50 54 58 60 63)
      (257 5 6 162) (55 8 21 23) (6 78 80 81 82 83 84 85) (258 107)
      (15 8 9 35 47) (255 0 19 412) (31 12 13 20 21 26)) "DISK_THM") (2 0)
    ("%40%35$0U369$1U377B272U454|U239|U237%48%44%42%35$0U369$1$2B302$3@B272U454|U239|U239|U201|U239%45%41%35$0U369$1$2B375B272U454|U239|U238|U239%48%44%42%33$0U377$1$2B302$3@B272U454|U237|U239|U201|U239%45%41%33$0U377$1$2B375B272U454|U237|U238|U239%48%47%44%41%35$0$2B302$4@$1$3B375B272U454|U239|U238|U201|U239|U239B250B250B250B250B250"))
   (199
    (((6 95) (253 10 11 12 13 49 50 51 52 57 63 64 76 77)
      (254 28 29 30 33 34 35 36 37 38 39 42 44 45 46 47 48 49 50 70 73 74
       75 76 78 81 82 83 84 85 86 87)
      (2 7 14 15 25 26 50 51 58 60 63 91 193) (257 5 6 162) (55 8 21 23)
      (6 78 80 81 82 83 84 85 86) (258 107) (15 8 9 35 47) (255 0 19 412)
      (31 12 13 20 21 26)) "DISK_THM") (2 0)
    ("%189%63B421%70@%79@%85@%142B255%111%189$0U369B272$0U63%142B255B250|U292%102%189$0U377B272$0U70%142B255B250|U290%111%52%112%189$2$1B302$0@B272$2$1B79$0@%142B255B250|U292|U282|U292%106%111%189$1$0B375B272$1$0B85%142B255B250|U292|U291B388B388B388B257"))
   (200
    (((6 86) (253 10 11 12 13 49 50 51 52 57 63 64 76 77)
      (254 28 29 30 33 34 35 36 37 38 39 42 44 45 46 47 48 49 50 70 73 74
       75 76 78 81 82 83 84 85 86 87) (2 7 14 15 26 58 60 63) (257 5 6 162)
      (55 8 21 23) (6 78 80 81 82 83 84 85) (258 107) (15 8 9 35 47)
      (255 0 19 412) (31 12 13 20 21 26)) "DISK_THM") (1 0)
    ("%35%63%70%79%85$4U369$3B421$2@$1@$0@$4u3B255|U218|U223|U216|U220|U239%33%63%70%79%85$4U377$3B421$2@$1@$0@$4u2B255|U218|U223|U216|U220|U237%35%44%48%63%70%79%85$6$5B302$4@$3B421$2@$1@$0@$6$5b1$4@B255|U218|U223|U216|U220|U239|U201|U239%34%45%63%70%79%85$5$4B375$3B421$2@$1@$0@$5$4b0B255|U218|U223|U216|U220|U239|U238B250B250B250"))
   (201
    (((6 94) (253 10 11 12 13 49 50 51 52 57 63 64 76 77)
      (254 28 29 30 33 34 35 36 37 38 39 42 44 45 46 47 48 49 50 70 73 74
       75 76 78 81 82 83 84 85 86 87) (2 7 14 15 26 50 51 58 60 63 91 193)
      (257 5 6 162) (55 8 21 23) (6 78 80 81 82 83 84 85 86) (258 107)
      (15 8 9 35 47) (255 0 19 412) (31 12 13 20 21 26)) "DISK_THM") (2 0)
    ("%1%5%63%70%79%85$5$4B272%35$5$0U369B272$0u4$0U66B255B281|U239%33$5$0U377B272$0u3$0U74B255B281|U237%35%44%48$7$2$1B302$0@B272$2$1b4$0@$2$1B81$0@B255B281|U239|U201|U239%34%45$6$1$0B375B272$1$0b2$1$0B87B255B281|U239|U238B250B250B250B250$5$3B421$2@$1@$0@$4%66B421%74@%81@%87@B255B281|U218|U223|U216|U220|U239|U239"))
   (202
    (((6 92) (253 10 11 12 13 49 50 51 52 57 63 64 76 77)
      (254 28 29 30 33 34 35 36 37 38 39 42 44 45 46 47 48 49 50 70 73 74
       75 76 78 81 82 83 84 85 86 87) (2 7 14 15 26 58 60 63) (257 5 6 162)
      (55 8 21 23) (6 78 80 81 82 83 84 85) (258 107) (15 8 9 35 47)
      (255 0 19 412) (31 12 13 20 21 26)) "DISK_THM") (2 0)
    ("%71%78%83%88%92%35$0U369u1$0$0u1b5B255|U239%33$0U377u1$0u4B255|U237%35%44%48$2$1B302$0@u3$1$2b5$0@$2u3@$0u3@B255|U239|U201|U239%34%45$1$0B375u2$1$0b3$0u2@B255|U239|U238B250B250B250|U283|U219|U203|U216|U222"))
   (203
    (((6 89) (253 10 11 12 13 49 50 51 52 57 63 64 76 77)
      (254 28 29 30 33 34 35 36 37 38 39 42 44 45 46 47 48 49 50 70 73 74
       75 76 78 81 82 83 84 85 86 87) (2 7 14 15 26 50 56 58 60 63)
      (257 5 6 162) (55 8 21 23) (6 78 80 81 82 83 84 85) (258 107)
      (15 8 9 35 47) (255 0 19 412) (31 12 13 20 21 26)) "DISK_THM") (2 0)
    ("%35%42$1U369$0U369B272$1$0B272B257|U239|U239%33%40$1U377$0U377B272$1$0B269B257|U237|U237%35%44%48%42%46%49$5$4B302$3@$2$1B302$0@B272$5$2B272$4$1B257$3$0B272B250B250B257|U239|U201|U239|U239|U201|U239%34%45%41%47$3$2B375$1$0B375B272$3$1B270$2$0B272B250B257|U239|U238|U239|U238B250B250B250"))
   (204
    (((6 57) (242 14) (18 1 2 3 4 5 7 8 26 28 29 54 68 82 93 115 215 222)
      (2 14 15 25 26 27 31 35 50 51 52 54 56 58 63 64 93 95 96 101 104 105
       128 133 150 154 178) (55 21)
      (243 31 32 35 36 37 42 53 55 57 59 61 63 65 66 67 68 69 76)
      (14 17 40 84) (6 41 43 44 45 49 55) (244 3 6 7 8)
      (15 4 5 7 8 9 22 35 65 69) (24 44 45) (81 122 135 144 149)
      (11 3 9 23) (31 77)) "DISK_THM")
    (2 0 1 211 245 246 247 248 249 250 251)
    ("%387U304U305U305U367U307%195B316U419%195U419B279"))
   (205
    (((6 145) (2 25 50 51 52 54 56 58 63 64 105 128) (14 17 94)
      (6 49 55 131 136 144) (15 4 65) (31 12 83)) "DISK_THM")
    (2 0 1 676 245 246 247 248 249 250 251)
    ("%122%190$1%358B262U454$1U332U401B281$0U435U395$1B297U419$0$1B248U344B279B281|U242|U230"))
   (206
    (((6 146) (2 14 25 50 51 52 54 56 58 63 64 105 128 154)
      (14 17 33 38 47 94 742 743) (6 49 55 114 132 136 141 143)
      (5 23 47 49 200 231) (244 3 6 7 8) (15 4 65) (264 632 634)
      (11 3 9 23) (31 12 83)) "DISK_THM")
    (2 0 1 687 245 246 247 248 249 250 251)
    ("%122%190$0U434U395$1B297U419$0%387U304U305U305U367U307%358B316$1B297B248U344B279|U242|U230"))
   (207 (((6 55))) (1 0 1 193 245 246 247 248 249 250 251)
    ("%97$0U419$0U403%165$0%104%118$1$0B247U341||B417|B446%176$0%121%120$1%362B420%359@%387U305U305U304U304U304U305U367U307%387U305U304U304U304U305U304U367U307%387U305U305U304U304U305U305U367U307%387U305U305U304U305U304U304U367U307%387U305U304U304U305U305U304U367U307%387U305U305U304U305U305U367U307%387U304U304U304U304U305U367U307%387U305U304U304U305U305U304U367U307%387U305U304U305U305U305U304U367U307%387U305U305U304U304U304U305U367U307%387U305U305U304U305U304U305U367U307%387U305U305U305U304U305U304U367U307%387U304U304U304U304U305U367U307%387U305U304U305U304U305U304U367U307%387U305U304U305U305U305U305U367U307%387U305U305U304U304U304U305U367U307%387U305U305U304U305U305U304U367U307%387U305U305U304U305U304U305U367U307%358B316B316B316B316B316B316B316B316B316B316B316B316B316B316B316B316B316B316U444$0B247U341B408%151%169$1$2B248U344||@||B415|@B279|U230"))
   (208
    (((6 136) (18 1 2 3 4 5 7 8 26 28 29 30 31 49 54 68 93 115 215 222)
      (2 14 15 25 26 27 31 35 50 51 52 54 56 58 63 64 73 87 93 96 101 102
       104 105 107 128 150 190) (256 20 21) (55 21)
      (243 31 32 35 36 37 42 53 55 57 59 61 63 65 66 67 68 69 76 81 82)
      (14 17 38 39 41 94 95 97 127 163 178 210 213 242 243 383 674 737 738
       743) (268 20) (6 7 8 25 26 51 52 133 134) (244 3 5 7) (15 7 8 22 65)
      (24 43) (81 135 137 144 149) (264 61 632 634 713 716)) "DISK_THM")
    (2 0 1 425 245 246 247 248 249 250 251)
    ("%190U449U371%362B420%359@%190%362B320B266"))
   (209
    (((6 53) (242 4 5 14)
      (18 1 2 3 4 5 7 8 26 28 29 30 31 49 54 68 93 115 215 222)
      (2 25 26 31 35 46 47 50 51 54 58 63 64 72 76 77 78 80 93 96 101 104
       105 107 150 193) (256 20 21)
      (243 31 32 35 36 37 42 53 55 57 59 61 63 65 66 67 68 69 76 81 82)
      (14 84 738) (259 1) (6 18 19 20 21 22 23 24 26) (244 3 5 7)
      (15 5 7 8 22) (24 43) (81 122 135 137)) "DISK_THM")
    (2 0 1 181 245 246 247 248 249 250 251)
    ("%13%196%123%364$1b2$0@|U231|U234%119%196%123$2%362b3$1$0B317@%308$2B322$1b3$0@B281|U231|U234|U236%119%196%123%197%199$2$1$0B317B263$4$3U327$1B320b5$0@B281|U231|U234$0%359B263$2$1b3$0@B281B250%368$2B322$1b3$0@B281|U231|U234|U236%133%119%196%123$2$3U303$1B320b4$0@$3U374$2B322$1b4$0@B281|U231|U234|U236|U237B250B250B250%147%162%168$2$1b3$0@|U231|U234|U236B281|U214"))
   (210
    (((6 54) (18 1 2 3 4 5 7 8 26 28 29 30 31 49 54 68 93 115 215 222)
      (2 15 25 26 31 35 50 51 54 58 63 64 93 96 101 104 105 107 150)
      (256 20 21) (55 21)
      (243 31 32 35 36 37 42 53 55 57 59 61 63 65 66 67 68 69 76 81 82)
      (14 17 737 738) (6 25 26 51 52) (244 3 5 7) (15 7 8 22 65) (24 43)
      (81 135 137 144 149)) "DISK_THM")
    (2 0 1 181 245 246 247 248 249 250 251)
    ("%196%123%364$1B420$0@$1B266|U231|U234%196%123%119%308$0B322$2B420$1@$0%362B420$2$1B317@B266|U236|U231|U234%196%123%119%368$0B322$2B420$1@$1$0$2B420$1@B406%197%199$2$4U327$1B320B420$0@||@B266|U236|U231|U234%196%133%123%119$2U374$0B322$3B420$1@$0$2U303$3B320B420$1@B266|U236|U231|U237|U234B250B250B250"))
   (211
    (((6 56) (18 1 2 3 4 5 7 8 26 28 29 30 31 49 54 68 93 115 215 222)
      (260 411 419 427 434 453 462) (252 12 13) (253 10 11 12 13 54 78)
      (254 9 11 33 34 35 36 37 81 82 83 84 85 86 87)
      (2 15 25 26 27 31 35 36 50 51 52 54 58 60 63 64 93 96 101 104 105 107
       128 148 150 155 186 187 190 193) (256 20 21) (55 0 1 5 8 21 23)
      (243 31 32 35 36 37 42 53 55 57 59 61 63 65 66 67 68 69 76 81 82 96)
      (261 127 134 143) (14 11 12 13 14 17 735 737 738 742) (262 241)
      (28 532) (6 3 4 5 6 7 18 19 20 21 22 23 24 25 26 50 51 52 55)
      (5 227 234) (244 3 5 7) (263 12) (30 112) (15 4 7 8 22 65 70)
      (255 0 18 68 202 208 432 438) (24 43 47) (81 135 137 144 149)
      (265 298) (31 13 46 75 82 83) (266 53) (267 139)) "DISK_THM")
    (2 0 1 203 245 246 247 248 249 250 251)
    ("%97%190%118$2U419$1$0B248U344B279$0U345$2U345B252B281|U230|U242|U230"))
   (212
    (((6 97) (242 14) (18 1 2 3 4 5 7 8 29 30 31 54 68 93 110 115 215)
      (2 25 27 31 35 52 54 58 63 64 104)
      (243 31 32 35 36 37 42 53 55 57 59 61 63 65 66 67 68 69 76 81 82)
      (14 84 738) (244 3 5) (24 43) (81 122 135 137)) "DISK_THM")
    (2 0 1 251 245 246 247 248 249 250 251)
    ("%12%361u0%189$0%361B319u1|U239%189%172%174$1$0B319u3$2$1$0B319B319u3B281|U233|U239|U239B250B250%146$0u1|U233B281|U207"))
   (213 (((6 96))) (1 0)
    ("%414%23$0U381%189%174%172$0$1B319$2$0$1B319B319b3|U239|U233|U239B250|U294%109%26$0%358U444U377U335B407%189%161$0$1U335B407%178%179$3%378B302$1$0B319u5@U335||@||@||B384B259"))
   (214
    (((6 98) (18 1 2 3 4 5 7 8 29 30 31 54 68 93 110 115 215)
      (2 15 25 31 35 54 58 63 64 104) (55 21)
      (243 31 32 35 36 37 42 53 55 57 59 61 63 65 66 67 68 69 76 81 82)
      (14 17 738) (6 96) (244 3 5) (24 43) (81 135 137 144 149))
     "DISK_THM") (2 0 1 251 245 246 247 248 249 250 251)
    ("%361U414%358U444U377B272%189$0%361B319U414$0B272|U239%189%174%172$2$0$1B319B319U414$2%378B302$0$1B319U414@B272|U239|U233|U239B250B250"))
   (215 (((6 120))) (1 0 1 362 245 246 247 248 249 250 251)
    ("%125$0U411$0%358U444B269%387U304U304U304U305U305U367U307%387U304U304U304U305U305U367U307%358B316B316U444B311%402$0U443B438$0@$0B311$0U394@2B269|U237"))
   (216 (((6 49))) (1 0 1 152 245 246 247 248 249 250 251)
    ("%97$0U403%251$0B404%364@B277|U230"))
   (217
    (((6 142) (242 14) (18 1 2 3 4 5 7 8 28 29 54 68 93 115 215 222)
      (2 14 15 25 26 27 31 35 50 52 54 56 58 63 64 93 95 96 101 104 105 128
       133 150 154 178) (55 21)
      (243 31 32 35 36 37 42 53 55 57 59 61 63 65 66 67 68 69 76)
      (14 17 38 40 47 82 84) (6 41 43 44 45) (244 3 6 7)
      (15 4 5 7 8 9 22 35 65 69) (24 44 45) (81 122 135 144 149) (11 3)
      (31 77)) "DISK_THM") (2 0 1 510 245 246 247 248 249 250 251)
    ("%134%118%139%58%401$3B326$0$3$2B297B404$1@$0$2B404$1@B277B281|U238|U236|U230|U230"))
   (218
    (((6 144) (242 14)
      (18 1 2 3 4 5 7 8 28 29 30 31 49 54 68 93 101 103 110 115 162 215
       222) (88 7)
      (2 14 15 25 26 27 29 31 35 50 51 52 54 56 58 63 64 93 95 96 101 104
       105 107 128 133 150 154 178 190) (256 20 21) (55 21)
      (243 31 32 35 36 37 42 53 55 57 59 61 63 65 66 67 68 69 76 81 82)
      (14 17 33 38 39 40 41 84 94 95 97 127 144 163 210 213 242 674 738
       742) (28 60) (6 7 8 41 43 44 45 126 127 128 129 133 140)
      (5 4 17 18 23) (244 3 5 6 7 8) (15 4 5 7 8 9 22 35 65 69)
      (24 43 44 45) (81 122 135 137 144 149) (264 632 634 707) (11 3 9 23)
      (31 12 77)) "DISK_THM") (2 0 1 632 245 246 247 248 249 250 251)
    ("%190%122%139%58$2%358B262U454$2U332U401$2U332%387U304U305U304U305U304U367U307B258B388B281$0%251B270$1%364B268B281B250$0$3U433U390U393U395$2B297B404$1@$0%251B270$3U449U371$1B299$2B246U342B314$0$2B404$3U449U371$1B299@2B277B281|U238|U236|U230|U242%196%122%139%58$2%358B262U454$2U332U401$2U332%387U304U305U304U305U304U367U307B258B388B281$0%251B270U454B250$0$3U436U390U393U395$2B297B404$1@$0$2B404%190$0U449|$3B354U330U371$1B299@B277B281|U238|U236|U230|U234B250"))
   (219
    (((6 143) (242 14)
      (18 1 2 3 4 5 7 8 26 28 29 30 31 49 54 68 93 101 103 110 115 162 215
       222) (88 7) (252 12 13) (253 10 11 12 13 54 78)
      (254 9 11 33 34 35 36 37 81 82 83 84 85 86 87)
      (2 14 15 25 26 27 29 31 35 50 51 52 54 56 58 60 63 64 65 73 93 95 96
       101 103 104 105 107 128 133 150 154 178 190 193) (269 2 3)
      (256 20 21) (55 0 1 5 8 21 23)
      (243 31 32 35 36 37 42 53 55 57 59 61 63 65 66 67 68 69 76 81 82)
      (14 11 12 13 14 17 33 38 39 40 41 47 84 94 95 97 127 130 154 163 210
       213 242 674 737 738 742) (268 6)
      (6 7 8 41 43 44 45 62 63 64 65 66 67 68 96 99 100 101 110 111 112 113
       121 122 123 124 133 140 141 142) (5 4 14 17 23 200 230 231)
      (244 3 5 6 7 8) (15 4 5 7 8 9 22 35 65 69)
      (255 0 18 60 68 180 202 208 432 438) (24 43 44 45)
      (81 122 135 137 144 149) (264 632 634 707) (11 3 9 23)
      (31 12 13 20 21 45 46 77)) "DISK_THM")
    (2 0 1 518 245 246 247 248 249 250 251)
    ("%190%122%139%58%103%106%96$5%358B262U454$5U332U401$5U332%387U304U305U304U305U304U367U307B258B388B281$3%251B270$4%364B268B281$0%358U444B269U454%401$0U395B326B250B250B250$3$0$2$1B437$6U428U452U389@B396%360@U393U395$5B297B404$4@$3%251B270$6U449U371$4B299$5B246U342B314$3$5B404$6U449U371$4B299@2B277$3$0$6U428U452U389U427B396%360@U393U395$5B297B404$4@$3%251B270$6U449U371$4B299$5B246U342B314$3$5B404$6U449U371$4B299@2B277B250B281|U237|U238|U238|U238|U236|U230|U242%196%122%139%58%96%103%106$5%358B262U454$5U332U401$5U332%387U304U305U304U305U304U367U307B258B388B281$3%251B270U454$2%358U444B269U454%401$2U395B326B250B250B250$3$2$1$0B437$6U429U453U414U389@B396%360@U393U395$5B297B404$4@$3$5B404%449$6B354U330U371$4B299@B277$3$2$6U429U453U414U389U427B396%360@U393U395$5B297B404$4@$3$5B404%449$6B354U330U371$4B299@B277B250B281|U238|U238|U237|U238|U236|U230|U234B250"))
   (220
    (((6 140) (242 14)
      (18 1 2 3 4 5 7 8 26 28 29 30 31 49 54 68 93 115 123 215 222)
      (2 14 15 25 26 27 29 31 35 50 51 52 54 56 58 63 64 93 95 96 101 104
       105 107 128 133 150 154 178) (256 20 21) (55 21)
      (243 31 32 35 36 37 42 53 55 57 59 61 63 65 66 67 68 69 76 81 82)
      (14 17 38 40 47 84 112 178 242 737 738)
      (6 35 36 39 41 43 44 45 115 120 137 138 139)
      (5 4 13 14 23 25 156 230 231) (244 3 5 6 7 8)
      (15 4 5 7 8 9 22 35 65 69) (24 43 44 45) (81 122 135 137 144 149)
      (11 3 9 23 37) (31 12 77)) "DISK_THM")
    (2 0 1 468 245 246 247 248 249 250 251)
    ("%102%122%139%58$2%358B262U454$2U332U401$2U332%387U304U305U304U305U304U367U307B258B388B281$0%251B270$1%364B268B281B250$0$3U411%186$0|B412$2B297B404$1@$0%251B270$3U374$1B322$2B246U342B314$0$2B404$3U374$1B322@2B277B281|U238|U236|U230|U237"))
   (221
    (((6 48) (242 14)
      (18 1 2 3 4 5 7 8 28 29 31 54 68 73 93 115 215 218 222)
      (260 411 419 427 434 453 462) (252 12 13) (253 10 11 12 13 54 78)
      (254 9 11 33 34 35 36 37 81 82 83 84 85 86 87)
      (2 15 25 26 27 31 35 36 50 51 52 54 56 58 60 63 64 93 95 96 101 104
       105 128 133 150 155 186 187 193) (55 0 1 5 8 21 23)
      (243 31 32 35 36 37 42 53 55 57 59 61 63 65 66 67 68 69 76 81 82 96)
      (261 127 134 143) (14 11 12 13 14 17 40 84 142 735) (262 241)
      (28 532) (6 3 4 5 6 7 18 19 20 21 22 23 24 25 41 43 44 45 46)
      (5 227 234) (244 3 6 7) (263 12) (30 112)
      (15 4 5 7 8 9 22 35 65 69 70) (255 0 18 68 202 208 432 438)
      (24 44 45 47) (81 122 135 144 149) (265 298) (11 3)
      (31 13 31 46 75 77 82 83) (266 53) (267 139)) "DISK_THM")
    (2 0 1 139 245 246 247 248 249 250 251)
    ("%58%97%51%59%118$4$3B404$2@$1$0B246U342B277$0U345$3U345B253B281|U230|U236|U236|U230|U238"))
   (222
    (((6 46) (242 14) (18 1 2 3 4 5 7 8 28 29 54 68 93 115 215 222)
      (2 15 25 26 27 31 35 50 52 54 58 63 64 93 95 96 101 104 105 128 133
       150) (55 21)
      (243 31 32 35 36 37 42 53 55 57 59 61 63 65 66 67 68 69 76)
      (14 17 40 84) (6 41 43 44 45) (244 3 6 7) (15 4 5 7 8 9 22 35 65 69)
      (24 44 45) (81 122 135 144 149) (11 3) (31 77)) "DISK_THM")
    (2 0 1 100 245 246 247 248 249 250 251)
    ("%14%58%51$1%358b2$0@|U236|U238%58%56%57%51%125%118$4U401U454$4%387U304U305U304U304U305U367U307B258U454$4%387U304U305U304U305U304U367U307B258U454$4%387U304U304U304U305U305U367U307B258U454$3$4%358B316B426$1$0B247B273$5%251B270U454B250B250B250B250B250$5$0b6$1U374$2B322@B281|U230|U237%165%125%120$5U401U454$5%387U304U305U304U304U305U367U307B258U454$5%387U304U305U304U305U304U367U307B258U454$5%387U304U304U304U305U305U367U307B258$4U424$2U343B278$2$1$0B247B273$6%251B270U454B250B250B250B250B250B250$6$0b7$1U374$3B322@B281|U230|U237|U240$2U401$3$1b4$0@B281$2U401U454$2%387U304U305U304U304U305U367U307B258U454$2%387U304U305U304U305U304U367U307B258$3%251B270U454$3%387U304U367B270U454B250B250B250B250$3%387U304U367B249$1b4%308$0B322@B281$2U401U454$2%387U304U305U304U304U305U367U307B258B250$3%387U304U367B245$1b4%368$0B322@B281B250B250B250B250$3$2$1B316b4$0@B281|U236|U230|U202|U238B250%148%160%170$2$1b3$0@|U236|U230|U238B281|U217"))
   (223
    (((6 47) (242 14) (18 1 2 3 4 5 7 8 28 29 54 68 93 115 215 222)
      (2 15 25 26 27 31 35 50 52 54 58 63 64 93 95 96 101 104 105 128 133
       150) (55 21)
      (243 31 32 35 36 37 42 53 55 57 59 61 63 65 66 67 68 69 76)
      (14 17 40 84) (6 41 43 44 45) (244 3 6 7) (15 4 5 7 8 9 22 35 65 69)
      (24 44 45) (81 122 135 144 149) (11 3) (31 77)) "DISK_THM")
    (2 0 1 100 245 246 247 248 249 250 251)
    ("%58%51$1%358B404$0@$1%251B270$0%358B246U342B314%387U305U304U305U305U304U305U367U307%387U305U304U304U305U305U304U367U307%387U305U305U305U304U304U305U367U307%387U305U304U304U304U304U304U367U307%387U305U304U304U304U305U304U367U307%387U305U305U304U305U305U304U367U307%387U305U305U305U304U304U305U367U307%387U305U305U304U305U305U367U307%387U304U304U304U304U305U367U307%387U305U304U305U305U305U304U367U307%387U305U304U305U304U305U304U367U307%387U305U305U304U305U304U304U367U307%387U305U305U304U305U304U304U367U307%387U305U304U305U304U305U304U367U307%387U305U304U305U305U305U305U367U307%387U305U304U305U304U304U304U367U307%387U304U304U304U304U305U367U307%387U305U304U304U305U304U304U367U307%387U305U304U305U305U304U305U367U307%387U305U305U304U304U304U304U367U307%387U305U305U304U305U304U304U367U307%387U305U304U305U304U305U304U367U307%387U305U304U305U305U305U305U367U307%387U305U304U305U304U304U304U367U307%387U304U304U304U304U305U367U307%387U305U305U304U304U304U305U367U307%387U305U304U304U304U305U304U367U307%387U305U305U304U304U305U305U367U307%387U305U304U304U305U305U304U367U307%387U305U304U305U305U305U305U367U307%387U305U305U304U305U304U305U367U307%387U305U304U305U304U304U305U367U307%387U305U304U304U305U305U304U367U307%387U305U305U304U305U304U304U367U307%387U305U304U305U304U305U304U367U307%387U305U305U304U305U304U304U367U307%358B316B316B316B316B316B316B316B316B316B316B316B316B316B316B316B316B316B316B316B316B316B316B316B316B316B316B316B316B316B316B316B316B316B316B316B316U444%358B247U339@B277|U236|U238%58%57%56%51$3$1$2B316B404$0@$1U401$3$2B404$0@B314$1%387U304U305U304U304U305U367U307B258$3%387U304U367B245$2B404%368$0B322@B314$1%387U304U305U304U305U304U367U307B258$3%251B270%387U305U304U305U305U304U305U367U307%387U305U304U304U305U305U304U367U307%387U305U305U305U304U304U305U367U307%387U305U304U304U304U304U304U367U307%387U305U304U304U304U305U304U367U307%387U305U305U304U305U305U304U367U307%387U305U305U305U304U304U305U367U307%387U305U305U304U305U305U367U307%387U304U304U304U304U305U367U307%387U305U305U304U305U304U305U367U307%387U305U305U304U304U304U304U367U307%387U305U305U304U304U304U304U367U307%387U304U304U304U304U305U367U307%387U305U304U305U305U305U304U367U307%387U305U304U304U304U305U304U367U307%387U305U304U305U305U305U305U367U307%387U305U305U305U304U305U304U367U307%387U304U304U304U304U305U367U307%387U305U304U304U305U304U304U367U307%387U305U304U305U305U304U305U367U307%387U305U305U304U304U304U304U367U307%387U305U305U304U305U304U304U367U307%387U305U304U305U304U305U304U367U307%387U305U304U305U305U305U305U367U307%387U305U304U305U304U304U304U367U307%387U304U304U304U304U305U367U307%387U305U305U304U304U304U305U367U307%387U305U304U304U304U305U304U367U307%387U305U305U304U304U305U305U367U307%387U305U304U304U305U305U304U367U307%387U305U304U305U305U305U305U367U307%387U305U305U304U305U304U305U367U307%387U305U304U305U304U304U305U367U307%387U305U304U304U305U305U304U367U307%387U305U305U304U305U304U304U367U307%387U305U304U305U304U305U304U367U307%387U305U305U304U305U304U304U367U307%358B316B316B316B316B316B316B316B316B316B316B316B316B316B316B316B316B316B316B316B316B316B316B316B316B316B316B316B316B316B316B316B316B316B316B316B316B316U444$2B247U339B314$3%387U304U367B270%308$0B322$2B246U342B314$3%387U304U367B249$2B404%308$0B322@3B314$1%387U304U304U304U305U305U367U307B258$2U424%150$0%104%118$1$0B247U339||B416|B447%165$0%125%120$6%251B270$1U374%364B322$0B246U342B314$6$0B404$1U374$3B322@2||B416|@B314$2$1%358B316B426%125%118$5%251B270$1U374%364B322$0B246U342B314$5$0B404$1U374$2B322@2||B416@4B277|U236|U202|U230|U238B250"))
   (224
    (((6 50) (242 14) (18 1 2 3 4 5 7 8 26 28 29 54 68 82 93 115 215 222)
      (260 411 419 427 434 453 462) (252 12 13) (253 10 11 12 13 54 78)
      (254 9 11 33 34 35 36 37 81 82 83 84 85 86 87)
      (2 15 25 26 27 31 35 36 50 51 52 54 56 58 60 63 64 92 93 95 96 101
       104 105 128 133 148 150 154 155 186 187 193) (55 0 1 5 8 21 23)
      (243 31 32 35 36 37 42 53 55 57 59 61 63 65 66 67 68 69 76 96)
      (261 127 134 143) (14 11 12 13 14 17 40 84 735) (262 241) (28 532)
      (6 3 4 5 6 7 18 19 20 21 22 23 24 25 41 43 44 45 48 49) (5 227 234)
      (244 3 6 7) (263 12) (30 112) (15 4 5 7 8 9 22 35 65 69 70)
      (255 0 18 68 202 208 432 438) (24 6 44 45 47) (81 122 135 144 149)
      (265 298) (11 3) (31 13 46 75 77 82 83) (266 53) (267 139))
     "DISK_THM") (2 0 1 157 245 246 247 248 249 250 251)
    ("%97%187%118$2U403$1$0B246U342B277$0U345$2U345B252$1%364B268B388B281|U230|U236|U230"))
   (225 (((6 115))) (1 0 1 352 245 246 247 248 249 250 251)
    ("%56$0U402$0%387U304U305U304U304U305U367U307%387U304U305U304U305U304U367U307%387U304U304U304U305U305U367U307%251U307%358B316B316B316B316U348B336U454$0U401U454B250B257|U202"))
   (226
    (((6 105) (242 4 5 14)
      (18 1 2 3 4 5 7 8 26 28 29 30 31 49 54 68 93 115 215 222) (88 0)
      (253 10 11 12 13 49 50 51 52 57 63 64 76 77)
      (254 28 29 30 33 34 35 36 37 38 39 42 44 45 46 47 48 49 50 70 73 74
       75 76 78 81 82 83 84 85 86 87)
      (2 7 14 15 25 26 31 35 46 47 50 51 54 58 60 63 64 72 77 78 80 91 93
       96 104 105 107 193) (256 20 21) (257 5 6 162) (55 8 21 23)
      (243 31 32 35 36 37 42 53 55 57 59 61 63 65 66 67 68 69 76 81 82)
      (259 1) (6 78 80 81 82 83 84 85 87) (244 3 7) (258 107)
      (15 8 9 35 47) (255 0 19 412) (24 43) (81 122 135 137)
      (31 12 13 20 21 26)) "DISK_THM")
    (2 0 1 269 245 246 247 248 249 250 251)
    ("%15%106%189$1$0B375u2|U239|U238%189%154%198$2u3$0u3B250$2$1B302$0@u3B281|U239|U201|U239%189$0u1$0U369u1B281|U239%171$0U377u1|U237B250B250B250%149$0u1|U239B281|U221"))
   (227 (((6 104))) (1 0)
    ("%399%24$0U382%154%189%198$0$1$2B302$0@b3|U239|U239|U201%198%154%189$0$0$1B302$2@b3|U239|U201|U239%189$0$0U369b1|U239B250B250B250|U295%91%28$0%194$0u2%387U305U367B245U334|B422%181%251U334|@%193%154%198$2u4$0u4B245%387U304U367B245U334|||@%106%189$1U334||@||B385B260"))
   (228
    (((6 106) (18 1 2 3 4 5 7 8 26 28 29 30 31 49 54 68 93 115 215 222)
      (88 0) (2 15 25 31 35 50 51 54 58 63 64 93 96 104 105 107)
      (256 20 21) (55 21)
      (243 31 32 35 36 37 42 53 55 57 59 61 63 65 66 67 68 69 76 81 82)
      (6 86 87 104) (244 3 7) (24 43) (81 135 137 144 149)) "DISK_THM")
    (2 0 1 269 245 246 247 248 249 250 251)
    ("%189%106$0$1B375U399$0B270|U238|U239%198%189%154$1$0B302$2@U399$1U399$2U399B245%387U304U367B245B270|U201|U239|U239%189$0U369U399$0U399%387U305U367B245B270|U239%171$0U377U399%251B270|U237B250B250B250"))
   (229
    (((6 108) (242 4 5 14)
      (18 1 2 3 4 5 7 8 26 28 29 30 31 49 54 68 93 115 215 222) (88 0)
      (253 10 11 12 13 49 50 51 52 57 63 64 76 77)
      (254 28 29 30 33 34 35 36 37 38 39 42 44 45 46 47 48 49 50 70 73 74
       75 76 78 81 82 83 84 85 86 87)
      (2 7 14 15 25 26 31 35 46 47 50 51 54 58 60 63 64 72 77 78 80 91 93
       96 104 105 107 193) (256 20 21) (257 5 6 162) (55 8 21 23)
      (243 31 32 35 36 37 42 53 55 57 59 61 63 65 66 67 68 69 76 81 82)
      (259 1) (6 78 80 81 82 83 84 85 87) (244 3 7) (258 107)
      (15 8 9 35 47) (255 0 19 412) (24 43) (81 122 135 137)
      (31 12 13 20 21 26)) "DISK_THM")
    (2 0 1 276 245 246 247 248 249 250 251)
    ("%15%106%189$1$0B375u2|U239|U238%189%154%198$2u3$2$1B302$0@u3B281|U239|U201|U239%189$0u1$0U369u1B281|U239%171$0U377u1|U237B250B250B250%149$0u1|U239B281|U221"))
   (230 (((6 107))) (1 0)
    ("%398%24$0U382%198%154%189$0$0$1B302$2@b3|U239|U201|U239%189$0$0U369b1|U239B250B250|U295%90%28$0%194$0u2%387U305U367B245U334|B422%181%251U334|@%193%154%198$2u4U334|||@%106%189$1U334||@||B385B260"))
   (231
    (((6 109) (18 1 2 3 4 5 7 8 26 28 29 30 31 49 54 68 93 115 215 222)
      (88 0) (2 15 25 31 35 50 51 54 63 64 93 96 104 105 107) (256 20 21)
      (55 21)
      (243 31 32 35 36 37 42 53 55 57 59 61 63 65 66 67 68 69 76 81 82)
      (6 86 87 107) (244 3 7) (24 43) (81 135 137 144 149)) "DISK_THM")
    (2 0 1 276 245 246 247 248 249 250 251)
    ("%189%106$0$1B375U398$0B270|U238|U239%198%189%154$1$0B302$2@U398$1U398B270|U201|U239|U239%189$0U369U398$0U398%387U305U367B245B270|U239%171$0U377U398%251B270|U237B250B250B250"))
   (232
    (((6 147) (260 411 419 427 434 453 462) (252 12 13)
      (253 10 11 12 13 49 50 51 52 54 57 63 64 76 77 78)
      (254 9 11 28 29 30 33 34 35 36 37 38 39 42 44 45 46 47 48 49 50 70 73
       74 75 76 78 81 82 83 84 85 86 87)
      (2 7 14 15 25 26 27 35 36 50 51 52 54 56 58 60 63 91 101 105 128 144
       148 150 155 186 187 190 193) (257 5 6 162) (55 0 1 5 8 21 23)
      (243 96) (261 127 134 143) (14 11 12 13 14 94 735) (262 241) (28 532)
      (6 3 4 5 6 7 18 19 20 21 22 23 24 25 58 62 63 64 65 66 67 78 80 81 82
       83 84 85 86 145) (5 227 234) (263 12) (30 112 118 119) (258 107)
      (15 4 8 9 35 47 70) (255 0 18 19 60 68 180 202 208 412 432 438)
      (24 47) (265 298) (31 12 13 20 21 26 45 46 75 83) (266 53) (267 139))
     "DISK_THM") (2 0 1 700 245 246 247 248 249 250 251)
    ("%190U435U397%190U372B271"))
   (233
    (((6 148) (260 411 419 427 434 453 462) (252 12 13)
      (253 10 11 12 13 49 50 51 52 54 57 63 64 76 77 78)
      (254 9 11 28 29 30 33 34 35 36 37 38 39 42 44 45 46 47 48 49 50 70 73
       74 75 76 78 81 82 83 84 85 86 87)
      (2 7 14 15 25 26 27 35 36 50 51 52 56 58 60 63 91 101 105 128 144 148
       150 155 186 187 190 193) (257 5 6 162) (55 0 1 5 8 21 23) (243 96)
      (261 127 134 143) (14 11 12 13 14 38 94 735) (262 241) (28 532)
      (6 3 4 5 6 7 18 19 20 21 22 23 24 25 58 62 63 64 65 66 67 78 80 81 82
       83 84 85 86 146) (5 227 234) (263 12) (30 112 118 119) (258 107)
      (15 4 8 9 35 47 70) (255 0 18 19 60 68 180 202 208 412 432 438)
      (24 47) (265 298) (31 12 13 20 21 26 45 46 75 83) (266 53) (267 139))
     "DISK_THM") (2 0 1 707 245 246 247 248 249 250 251)
    ("%190U434U397%190U372B271"))
   (234 (((6 58))) (1 0 1 227 245 246 247 248 249 250 251)
    ("%98$0U397$0U395U419%150%365|B448%166$0%128%173$1U372||B418|@B271|U237"))
   (235
    (((6 113) (253 10 11 12 13 49 50 51 52 57 63 64 76 77)
      (254 28 29 30 33 34 35 36 37 38 39 42 44 45 46 47 48 49 50 70 73 74
       75 76 78 81 82 83 84 85 86 87) (2 7 14 15 26 58 60 63) (257 5 6 162)
      (55 8 21 23) (6 78 80 81 82 83 84 85) (258 107) (15 8 9 35 47)
      (255 0 19 412) (31 12 13 20 21 26)) "DISK_THM")
    (1 0 1 316 245 246 247 248 249 250 251)
    ("%96%106%111%124$3$2$1B375B396$0@$3$1B396$0@B264|U232|U239|U238|U237%96%111%124$2$1U369B396$0@%387U304U305U304U304U305U367U307%358B316U444$2%387U304U304U304U304U305U367U307%387U304U304U304U304U305U367U307%387U304U304U304U304U305U367U307%358B316B316B316U444%360B318B318U393$1B396%387U304U305U304U305U304U367U307%358B316U444$0B318@B318B264|U232|U239|U237%96%135%124$2$1U377B396$0@$1$0B318B264|U232|U237|U237%96%113%52%114%124$4$3$2B302$1@B396$0@$4$3B396$2$4B311%387U304U304U304U304U305U367U307%358B316U444@$4$1B396$0@B318@B264|U232|U239|U201|U239|U237B250B250B250"))
   (236
    (((6 141) (253 10 11 12 13 49 50 51 52 57 63 64 76 77)
      (254 28 29 30 33 34 35 36 37 38 39 42 44 45 46 47 48 49 50 70 73 74
       75 76 78 81 82 83 84 85 86 87)
      (2 7 14 15 25 26 35 50 51 58 60 63 91) (257 5 6 162) (55 8 21 23)
      (14 38 94 95 158) (6 78 80 81 82 83 84 85 113) (258 107)
      (15 8 9 35 47) (255 0 19 412) (31 12 13 20 21 26)) "DISK_THM")
    (2 0 1 500 245 246 247 248 249 250 251)
    ("%189%96%124$1$2B396$0@$1$2B396%360@$0B298B264|U232|U237|U239"))
   (237 (((6 27) (2 25 180)) "DISK_THM") (2 0) ("%368%308B138%374@U324"))
   (238 (((6 69) (2 25 180)) "DISK_THM") (2 0) ("%376%380B132%331@U324"))
   (239 (((6 9) (2 25 180)) "DISK_THM") (2 0) ("%303%327B129U324"))
   (240 (((6 88) (2 25 180)) "DISK_THM") (2 0)
    ("%369%377B116%302@%375@U324"))
   (241
    (((6 110) (253 10 11 12 13 49 50 51 52 57 63 64 76 77)
      (254 28 29 30 33 34 35 36 37 38 39 42 44 45 46 47 48 49 50 70 73 74
       75 76 78 81 82 83 84 85 86 87) (2 7 14 15 26 58 60 63) (257 5 6 162)
      (55 8 21 23) (6 78 80 81 82 83 84 85) (258 107) (15 8 9 35 47)
      (255 0 19 412) (31 12 13 20 21 26)) "DISK_THM")
    (1 0 1 283 245 246 247 248 249 250 251)
    ("%125$0U377U389$0U443$0U377B375B272|U237%53$0U369U389%53$0U399%387U305U367B245$0U369B375|$0U389B347B272|U239%54%105%55$2$1B302$0@U389%54%55$1$3B302$0@|$1U389B347|$2U389B347B272|U239|U201|U239%106%53$1$0B375U389$1$0U389B375B272|U239|U238B250B250B250"))))
 (incorporate
  (incorporate-types ("token" . 0) ("str_tree" . 0) ("sexp" . 0)
   ("pretty" . 0)) incorporate-consts ("vs2pretty" . 340)
  ("v2pretty" . 398) ("token_size" . 423) ("token_CASE" . 422)
  ("to_tokens" . 86) ("str_tree_to_strs" . 405) ("str_tree_size" . 296)
  ("str_tree_CONS" . 450) ("str_tree_CASE" . 397) ("str_every" . 13)
  ("smart_remove" . 393) ("sexps_to_app_list" . 392)
  ("sexp_to_string" . 391) ("sexp_to_pretty_string" . 391)
  ("sexp_to_app_list" . 390) ("sexp_size" . 291) ("sexp_CONS" . 447)
  ("sexp_CASE" . 384) ("sexp2trees" . 381) ("sexp2tree" . 380)
  ("remove_all" . 65) ("read_symbol" . 379) ("read_string_aux" . 378)
  ("read_string" . 321) ("pretty_size" . 62) ("pretty_CONS" . 445)
  ("pretty_CASE" . 369) ("parse_aux" . 364) ("parse" . 350)
  ("newlines" . 64) ("make_str_safe" . 230) ("lex_aux" . 320) ("lex" . 317)
  ("is_safe_char" . 9) ("get_size" . 62) ("get_next_size" . 62)
  ("fromString" . 315) ("flatten" . 314) ("annotate" . 65) ("Trees" . 82)
  ("String" . 71) ("Str" . 84) ("Size" . 66) ("SYMBOL" . 87)
  ("Parenthesis" . 65) ("OPEN" . 7) ("GrabLine" . 80) ("Expr" . 76)
  ("CLOSE" . 7) ("Atom" . 78) ("Append" . 69))
 (loadable-thydata
  ("userdef.deltas" (tag-knm 6 . 179) (tag-knm 6 . 174) (tag-knm 6 . 148)
   (tag-knm 6 . 143) (tag-knm 6 . 194) (tag-knm 6 . 190) (tag-knm 6 . 190)
   (tag-knm 6 . 188) (tag-knm 6 . 188) (tag-knm 6 . 223) (tag-knm 6 . 216)
   (tag-knm 6 . 216) (tag-knm 6 . 210) (tag-knm 6 . 207) (tag-knm 6 . 207)
   (tag-knm 6 . 234) (tag-knm 6 . 234) (tag-knm 6 . 162) (tag-knm 6 . 157)
   (tag-knm 6 . 200) (tag-knm 6 . 195) (tag-knm 6 . 213) (tag-knm 6 . 214)
   (tag-knm 6 . 142) (tag-knm 6 . 227) (tag-knm 6 . 228) (tag-knm 6 . 230)
   (tag-knm 6 . 231) (tag-knm 6 . 241) (tag-knm 6 . 241) (tag-knm 6 . 185)
   (tag-knm 6 . 185) (tag-knm 6 . 169) (tag-knm 6 . 169) (tag-knm 6 . 235)
   (tag-knm 6 . 235) (tag-knm 6 . 156) (tag-knm 6 . 156) (tag-knm 6 . 225)
   (tag-knm 6 . 225) (tag-knm 6 . 168) (tag-knm 6 . 215) (tag-knm 6 . 215)
   (tag-knm 6 . 184) (tag-knm 6 . 173) (tag-knm 6 . 170) (tag-knm 6 . 170)
   (tag-knm 6 . 171) (tag-knm 6 . 171) (tag-knm 6 . 154) (tag-knm 6 . 155))
  ("grammardelta" (new-type (tag-knm 6 . 8))
   (OO "sexp_CONS" (tag-tm . "%468")) (OO "Atom" (tag-tm . "%303"))
   (OO "Expr" (tag-tm . "%327")) (OO "sexp_CASE" (tag-tm . "%430"))
   (OO "sexp_size" (tag-tm . "%432")) (OO "case" (tag-tm . "%430"))
   (new-type (tag-knm 6 . 10)) (OO "OPEN" (tag-tm . "%368"))
   (OO "CLOSE" (tag-tm . "%308")) (OO "SYMBOL" (tag-tm . "%374"))
   (OO "token_CASE" (tag-tm . "%450")) (OO "token_size" (tag-tm . "%451"))
   (OO "case" (tag-tm . "%450")) (OO "read_string_aux" (tag-tm . "%425"))
   (OO "read_string" (tag-tm . "%424"))
   (OO "read_symbol" (tag-tm . "%426")) (OO "lex_aux" (tag-tm . "%404"))
   (OO "lex" (tag-tm . "%403")) (OO "parse_aux" (tag-tm . "%420"))
   (OO "parse" (tag-tm . "%419")) (OO "fromString" (tag-tm . "%397"))
   (new-type (tag-knm 6 . 9)) (OO "str_tree_CONS" (tag-tm . "%469"))
   (OO "Str" (tag-tm . "%376")) (OO "Trees" (tag-tm . "%380"))
   (OO "GrabLine" (tag-tm . "%331")) (OO "str_tree_CASE" (tag-tm . "%439"))
   (OO "str_tree_size" (tag-tm . "%441")) (OO "case" (tag-tm . "%439"))
   (new-type (tag-knm 6 . 7)) (OO "pretty_CONS" (tag-tm . "%467"))
   (OO "Parenthesis" (tag-tm . "%369")) (OO "String" (tag-tm . "%377"))
   (OO "Append" (tag-tm . "%302")) (OO "Size" (tag-tm . "%375"))
   (OO "pretty_CASE" (tag-tm . "%421"))
   (OO "pretty_size" (tag-tm . "%423")) (OO "case" (tag-tm . "%421"))
   (OO "newlines" (tag-tm . "%414")) (OO "vs2pretty" (tag-tm . "%453"))
   (OO "v2pretty" (tag-tm . "%452")) (OO "get_size" (tag-tm . "%399"))
   (OO "get_next_size" (tag-tm . "%398")) (OO "annotate" (tag-tm . "%389"))
   (OO "remove_all" (tag-tm . "%427"))
   (OO "smart_remove" (tag-tm . "%437")) (OO "flatten" (tag-tm . "%396"))
   (OO "str_tree_to_strs" (tag-tm . "%442"))
   (OO "is_safe_char" (tag-tm . "%402")) (OO "str_every" (tag-tm . "%438"))
   (OO "make_str_safe" (tag-tm . "%411"))
   (OO "sexp2trees" (tag-tm . "%429")) (OO "sexp2tree" (tag-tm . "%428"))
   (OO "sexps_to_app_list" (tag-tm . "%436"))
   (OO "sexp_to_app_list" (tag-tm . "%433"))
   (OO "sexp_to_string" (tag-tm . "%435"))
   (OO "sexp_to_pretty_string" (tag-tm . "%434"))
   (OO "to_tokens" (tag-tm . "%449"))) ("grammar" "hol" "mlstring")
  ("compute" (tag-knm 6 . 194) (tag-knm 6 . 190) (tag-knm 6 . 188)
   (tag-knm 6 . 223) (tag-knm 6 . 216) (tag-knm 6 . 210) (tag-knm 6 . 207)
   (tag-knm 6 . 234) (tag-knm 6 . 214) (tag-knm 6 . 142) (tag-knm 6 . 228)
   (tag-knm 6 . 231) (tag-knm 6 . 241) (tag-knm 6 . 185) (tag-knm 6 . 169)
   (tag-knm 6 . 235) (tag-knm 6 . 156) (tag-knm 6 . 225) (tag-knm 6 . 168)
   (tag-knm 6 . 215) (tag-knm 6 . 184) (tag-knm 6 . 173) (tag-knm 6 . 170)
   (tag-knm 6 . 171) (tag-knm 6 . 155))
  ("TypeBase.deltas"
   (("mlsexp" "sexp")
    (DFACTS ty (tag-ty . "%190") axiom
     (tag-th
      ("mlsexp" 165
       (("bnfInitial" 10 11 12 13 49 50 51 52 57 63 64 76 77)
        ("bnfPrelims" 28 29 31 33 34 35 36 37 38 39 43 70 73 74 75 76 78 81
         82 83 84 85 86 87) ("bool" 7 14 15 26 58 60 63)
        ("cardinalityCore" 5 6 162) ("combin" 8 21 23)
        ("list" 10 11 12 13 14 16) ("mlsexp" 1 3 4 5 6)
        ("ordinalBasic" 107) ("pred_set" 0 19 412) ("sum" 12 13 21 26))
       ("DISK_THM"))
      ("%70%76%93%33$0U303u1$0u3B255|U237%31$0U327u1$0$1$0B353b2B255|U234B250|U284|U210|U216")
      "mlsexp" 16) induction
     (tag-th
      ("mlsexp" 166
       (("bnfFixBNF" 12 13) ("bnfInitial" 10 11 12 13 54 78)
        ("bnfPrelims" 9 11 33 34 35 36 37 81 82 83 84 85 86 87)
        ("bool" 27 35 52 58 60 63 105 128) ("combin" 0 1 5 8 21 23)
        ("list" 11 12 13 14) ("mlsexp" 3 4 5 6)
        ("pred_set" 0 18 68 202 208 432 438) ("sum" 13 46)) ("DISK_THM"))
      ("%16%102$0U303u1|U237%100%126$0$1U349B337$0u2B281|U242$0U327u1B281|U234B250%126$0u1|U242B281|U225")
      "mlsexp" 17) case_def
     (tag-th
      ("mlsexp" 7
       (("bnfInitial" 10 11 12 13 49 50 51 52 57 63 64 76 77)
        ("bnfPrelims" 28 29 31 33 34 35 36 37 38 39 43 70 73 74 75 76 78 81
         82 83 84 85 86 87) ("bool" 7 14 15 26 58 60 63)
        ("cardinalityCore" 5 6 162) ("combin" 8 21 23)
        ("list" 10 11 12 13 14 16) ("mlsexp" 1 3 4 5 6)
        ("ordinalBasic" 107) ("pred_set" 0 19 412) ("sum" 12 13 21 26))
       ("DISK_THM"))
      ("%33%62%68$2U303$1B430$0@$2u1B255|U208|U216|U237%31%62%68$2U327$1B430$0@$2u0B255|U208|U216|U234B250")
      "mlsexp" 18) case_eq
     (tag-th
      ("mlsexp" 167
       (("bnfFixBNF" 12 13) ("bnfInitial" 10 11 12 13 54 78)
        ("bnfPrelims" 9 11 33 34 35 36 37 81 82 83 84 85 86 87)
        ("bool" 25 26 27 35 52 58 60 63 105 128 193)
        ("combin" 0 1 5 8 21 23) ("list" 11 12 13 14) ("mlsexp" 3 4 5 6 7)
        ("pred_set" 0 18 68 202 208 432 438) ("sum" 13 46)) ("DISK_THM"))
      ("%190%62B430%68@%142B255%102%190$0U303B275$0U62%142B255B250|U290%100%190$0U327B275$0U68%142B255B250|U288B388B257")
      "mlsexp" 19) case_elim
     (tag-th
      ("mlsexp" 168
       (("bnfFixBNF" 12 13) ("bnfInitial" 10 11 12 13 54 78)
        ("bnfPrelims" 9 11 33 34 35 36 37 81 82 83 84 85 86 87)
        ("bool" 25 26 27 35 52 58 60 63 105 128 193)
        ("combin" 0 1 5 8 21 23) ("list" 11 12 13 14) ("mlsexp" 3 4 5 6 7)
        ("pred_set" 0 18 68 202 208 432 438) ("sum" 13 46)) ("DISK_THM"))
      ("%458%190%62B430%68@u0%102%190$0U303B275$0U62u1B250|U290%100%190$0U327B275$0U68u1B250|U288B388B257|U462")
      "mlsexp" 20) case_cong
     (tag-th
      ("mlsexp" 169
       (("bnfFixBNF" 12 13) ("bnfInitial" 10 11 12 13 54 78)
        ("bnfPrelims" 9 11 33 34 35 36 37 81 82 83 84 85 86 87)
        ("bool" 27 35 52 58 60 63 105 128 193) ("combin" 0 1 5 8 21 23)
        ("list" 11 12 13 14) ("mlsexp" 3 4 5 6 7)
        ("pred_set" 0 18 68 202 208 432 438) ("sum" 13 46)) ("DISK_THM"))
      ("%2%6%62%68$3$2B275%33$3$0U303B275$0u2$0U65B255B281|U237%31$3$0U327B275$0u1$0U72B255B281|U234B250B250$3$1B430$0@$2%65B430%72@B255B281|U208|U216|U242|U242")
      "mlsexp" 21) case_const (tag-tm . "%430") constructors
     ((tag-tm . "%303") (tag-tm . "%327")) destructors nil recognizers nil
     size
     (SOME
      ((tag-tm . "%432")
       (tag-th
        ("mlsexp" 170 (("bool" 14) ("list" 674) ("mlsexp" 8)) ("DISK_THM"))
        ("%33$0U303U432%387U304U367$0U413B245B270|U237%31$0U327U432%387U304U367%432$0B465B245B270|U234B250")
        "mlsexp" 22))) encode NONE lift NONE distinct
     (SOME
      (tag-th
       ("mlsexp" 171
        (("bnfInitial" 10 11 12 13 49 50 51 52 57 63 64 76 77)
         ("bnfPrelims" 28 29 31 33 34 35 36 37 38 39 43 70 73 74 75 76 78
          81 82 83 84 85 86 87) ("bool" 7 14 15 26 46 54 58 60 63)
         ("cardinalityCore" 5 6 162) ("combin" 8 21 23)
         ("list" 10 11 12 13 14 16) ("mlsexp" 1 3 4 5 6)
         ("ordinalBasic" 107) ("pred_set" 0 19 412) ("sum" 12 13 21 26))
        ("DISK_THM")) ("%38%33$0U303$1U327B275U454|U237|U234") "mlsexp" 23))
     nchotomy
     (tag-th
      ("mlsexp" 172
       (("bnfFixBNF" 12 13) ("bnfInitial" 10 11 12 13 54 78)
        ("bnfPrelims" 9 11 33 34 35 36 37 81 82 83 84 85 86 87)
        ("bool" 27 35 52 58 60 63 105 128 193) ("combin" 0 1 5 8 21 23)
        ("list" 11 12 13 14) ("mlsexp" 3 4 5 6)
        ("pred_set" 0 18 68 202 208 432 438) ("sum" 13 46)) ("DISK_THM"))
      ("%130%102$1$0U303B275|U290%100$1$0U327B275|U288B388|U242") "mlsexp"
      24) one_one
     (SOME
      (tag-th
       ("mlsexp" 173
        (("bnfInitial" 10 11 12 13 49 50 51 52 57 63 64 76 77)
         ("bnfPrelims" 28 29 31 33 34 35 36 37 38 39 43 70 73 74 75 76 78
          81 82 83 84 85 86 87) ("bool" 7 14 15 26 56 58 60 63)
         ("cardinalityCore" 5 6 162) ("combin" 8 21 23)
         ("list" 10 11 12 13 14 16) ("mlsexp" 1 3 4 5 6)
         ("ordinalBasic" 107) ("pred_set" 0 19 412) ("sum" 12 13 21 26))
        ("DISK_THM"))
       ("%33%40$1U303$0U303B275$1$0B269B257|U237|U237%31%38$1U327$0U327B275$1$0B266B257|U234|U234B250")
       "mlsexp" 25)) fields nil accessors nil updates nil simpls nil extra
     nil))
   (("mlsexp" "token")
    (DFACTS ty (tag-ty . "%192") axiom
     (tag-th
      ("mlsexp" 174
       (("bool" 26 193) ("ind_type" 29 30) ("mlsexp" 18 19 20 21 22 23 24))
       ("DISK_THM"))
      ("%67%75%84%89%368u0$3B254%308u0$2B254%27$0U374u1$0u2B254|U237B250B250|U286|U215|U200|U200")
      "mlsexp" 26) induction
     (tag-th
      ("mlsexp" 175 (("bool" 26) ("mlsexp" 18 19 20 21 22 23 24))
       ("DISK_THM"))
      ("%18%368u0%308u0%102$0U374u1|U237B250B250%136$0u1|U244B281|U229")
      "mlsexp" 27) case_def
     (tag-th
      ("mlsexp" 25
       (("bool" 26 193) ("ind_type" 29 30) ("mlsexp" 18 19 20 21 22 23 24))
       ("DISK_THM"))
      ("%141%159%61%368$2B450$1@$0@$2B254|U215|U200|U200%141%159%61%308$2B450$1@$0@$1B254|U215|U200|U200%27%141%159%61$3U374$2B450$1@$0@$3u0B254|U215|U200|U200|U237B250B250")
      "mlsexp" 28) case_eq
     (tag-th
      ("mlsexp" 176
       (("bool" 25 26 63 193) ("mlsexp" 18 19 20 21 22 23 24 25))
       ("DISK_THM"))
      ("%192%141B450%159@%61@%153B254%192%368B280%141%153B254B250%192%308B280%159%153B254B250%102%192$0U374B280$0U61%153B254B250|U290B388B388B257")
      "mlsexp" 29) case_elim
     (tag-th
      ("mlsexp" 177
       (("bool" 25 26 63 193) ("mlsexp" 18 19 20 21 22 23 24 25))
       ("DISK_THM"))
      ("%457%192%141B450%159@%61@u0%192%368B280%141u0B250%192%308B280%159u0B250%102%192$0U374B280$0U61u1B250|U290B388B388B257|U461")
      "mlsexp" 30) case_cong
     (tag-th
      ("mlsexp" 178 (("bool" 26 193) ("mlsexp" 18 19 20 21 22 23 24 25))
       ("DISK_THM"))
      ("%4%8%141%159%61$4$3B280$3%368B280$2%153B254B281$3%308B280$1%167B254B281%27$4$0U374B280$0u1$0U64B254B281|U237B250B250B250$4$2B450$1@$0@$3%153B450%167@%64@B254B281|U215|U200|U200|U244|U244")
      "mlsexp" 31) case_const (tag-tm . "%450") constructors
     ((tag-tm . "%368") (tag-tm . "%308") (tag-tm . "%374")) destructors
     nil recognizers nil size
     (SOME
      ((tag-tm . "%451")
       (tag-th
        ("mlsexp" 26
         (("bool" 26 193) ("ind_type" 29 30)
          ("mlsexp" 18 19 20 21 22 23 24)) ("DISK_THM"))
        ("%368U451%251B270%308U451%251B270%27$0U374U451%387U304U367$0U413B245B270|U237B250B250")
        "mlsexp" 32))) encode NONE lift NONE distinct
     (SOME
      (tag-th
       ("mlsexp" 179
        (("bool" 26 46 50 54 63 193) ("ind_type" 29 30)
         ("mlsexp" 18 19 20 21 22 23 24)) ("DISK_THM"))
       ("%368%308B280U454%27%368$0U374B280U454|U237%27%308$0U374B280U454|U237B250B250")
       "mlsexp" 33)) nchotomy
     (tag-th
      ("mlsexp" 180 (("bool" 26 193) ("mlsexp" 18 19 20 21 22 23 24))
       ("DISK_THM"))
      ("%140$0%368B280$0%308B280%102$1$0U374B280|U290B388B388|U244")
      "mlsexp" 34) one_one
     (SOME
      (tag-th
       ("mlsexp" 181
        (("bool" 26 56 63 193) ("ind_type" 29 30)
         ("mlsexp" 18 19 20 21 22 23 24)) ("DISK_THM"))
       ("%27%29$1U374$0U374B280$1$0B269B257|U237|U237") "mlsexp" 35))
     fields nil accessors nil updates nil simpls nil extra nil))
   (("mlsexp" "str_tree")
    (DFACTS ty (tag-ty . "%191") axiom
     (tag-th
      ("mlsexp" 182
       (("bnfInitial" 10 11 12 13 49 50 51 52 57 63 64 76 77)
        ("bnfPrelims" 28 29 30 31 33 34 35 36 37 38 39 42 43 70 73 74 75 76
         78 81 82 83 84 85 86 87) ("bool" 7 14 15 26 58 60 63)
        ("cardinalityCore" 5 6 162) ("combin" 8 21 23)
        ("list" 10 11 12 13 14 16) ("mlsexp" 60 62 63 64 65 66)
        ("ordinalBasic" 107) ("pred_set" 0 19 412) ("sum" 12 13 20 21 26))
       ("DISK_THM"))
      ("%70%77%86%94%33$0U376u1$0u4B255|U237%32$0U380u1$0$1$0B356b3B255|U235%37$0U331u1$0$0u1b2B255|U243B250B250|U285|U228|U213|U216")
      "mlsexp" 36) induction
     (tag-th
      ("mlsexp" 183
       (("bnfFixBNF" 12 13) ("bnfInitial" 10 11 12 13 54 78)
        ("bnfPrelims" 9 11 33 34 35 36 37 81 82 83 84 85 86 87)
        ("bool" 25 27 35 51 52 58 60 63 101 105 128 150)
        ("combin" 0 1 5 8 21 23) ("list" 11 12 13 14)
        ("mlsexp" 62 63 64 65 66)
        ("pred_set" 0 18 60 68 180 202 208 432 438) ("sum" 13 45 46))
       ("DISK_THM"))
      ("%17%102$0U376u1|U237%101%127$0$1U350B338$0u2B281|U243$0U380u1B281|U235%127$0u1$0U331u1B281|U243B250B250%127$0u1|U243B281|U227")
      "mlsexp" 37) case_def
     (tag-th
      ("mlsexp" 67
       (("bnfInitial" 10 11 12 13 49 50 51 52 57 63 64 76 77)
        ("bnfPrelims" 28 29 30 31 33 34 35 36 37 38 39 42 43 70 73 74 75 76
         78 81 82 83 84 85 86 87) ("bool" 7 14 15 26 58 60 63)
        ("cardinalityCore" 5 6 162) ("combin" 8 21 23)
        ("list" 10 11 12 13 14 16) ("mlsexp" 60 62 63 64 65 66)
        ("ordinalBasic" 107) ("pred_set" 0 19 412) ("sum" 12 13 20 21 26))
       ("DISK_THM"))
      ("%33%62%69%80$3U376$2B439$1@$0@$3u2B255|U226|U211|U216|U237%32%62%69%80$3U380$2B439$1@$0@$3u1B255|U226|U211|U216|U235%37%62%69%80$3U331$2B439$1@$0@$3u0B255|U226|U211|U216|U243B250B250")
      "mlsexp" 38) case_eq
     (tag-th
      ("mlsexp" 184
       (("bnfFixBNF" 12 13) ("bnfInitial" 10 11 12 13 54 78)
        ("bnfPrelims" 9 11 33 34 35 36 37 81 82 83 84 85 86 87)
        ("bool" 25 26 27 35 51 52 58 60 63 101 105 128 150 193)
        ("combin" 0 1 5 8 21 23) ("list" 11 12 13 14)
        ("mlsexp" 62 63 64 65 66 67)
        ("pred_set" 0 18 60 68 180 202 208 432 438) ("sum" 13 45 46))
       ("DISK_THM"))
      ("%191%62B439%69@%80@%142B255%102%191$0U376B276$0U62%142B255B250|U290%101%191$0U380B276$0U69%142B255B250|U289%127%191$0U331B276$0U80%142B255B250|U293B388B388B257")
      "mlsexp" 39) case_elim
     (tag-th
      ("mlsexp" 185
       (("bnfFixBNF" 12 13) ("bnfInitial" 10 11 12 13 54 78)
        ("bnfPrelims" 9 11 33 34 35 36 37 81 82 83 84 85 86 87)
        ("bool" 25 26 27 35 51 52 58 60 63 101 105 128 150 193)
        ("combin" 0 1 5 8 21 23) ("list" 11 12 13 14)
        ("mlsexp" 62 63 64 65 66 67)
        ("pred_set" 0 18 60 68 180 202 208 432 438) ("sum" 13 45 46))
       ("DISK_THM"))
      ("%458%191%62B439%69@%80@u0%102%191$0U376B276$0U62u1B250|U290%101%191$0U380B276$0U69u1B250|U289%127%191$0U331B276$0U80u1B250|U293B388B388B257|U462")
      "mlsexp" 40) case_cong
     (tag-th
      ("mlsexp" 186
       (("bnfFixBNF" 12 13) ("bnfInitial" 10 11 12 13 54 78)
        ("bnfPrelims" 9 11 33 34 35 36 37 81 82 83 84 85 86 87)
        ("bool" 25 27 35 51 52 58 60 63 101 105 128 150 193)
        ("combin" 0 1 5 8 21 23) ("list" 11 12 13 14)
        ("mlsexp" 62 63 64 65 66 67)
        ("pred_set" 0 18 60 68 180 202 208 432 438) ("sum" 13 45 46))
       ("DISK_THM"))
      ("%3%7%62%69%80$4$3B276%33$4$0U376B276$0u3$0U65B255B281|U237%32$4$0U380B276$0u2$0U73B255B281|U235%37$4$0U331B276$0u1$0U82B255B281|U243B250B250B250$4$2B439$1@$0@$3%65B439%73@%82@B255B281|U226|U211|U216|U243|U243")
      "mlsexp" 41) case_const (tag-tm . "%439") constructors
     ((tag-tm . "%376") (tag-tm . "%380") (tag-tm . "%331")) destructors
     nil recognizers nil size
     (SOME
      ((tag-tm . "%441")
       (tag-th
        ("mlsexp" 187 (("bool" 14) ("list" 674) ("mlsexp" 68))
         ("DISK_THM"))
        ("%33$0U376U441%387U304U367$0U413B245B270|U237%32$0U380U441%387U304U367%441$0B466B245B270|U235%37$0U331U441%387U304U367$0U441B245B270|U243B250B250")
        "mlsexp" 42))) encode NONE lift NONE distinct
     (SOME
      (tag-th
       ("mlsexp" 188
        (("bnfInitial" 10 11 12 13 49 50 51 52 57 63 64 76 77)
         ("bnfPrelims" 28 29 30 31 33 34 35 36 37 38 39 42 43 70 73 74 75
          76 78 81 82 83 84 85 86 87) ("bool" 7 14 15 26 46 50 54 58 60 63)
         ("cardinalityCore" 5 6 162) ("combin" 8 21 23)
         ("list" 10 11 12 13 14 16) ("mlsexp" 60 62 63 64 65 66)
         ("ordinalBasic" 107) ("pred_set" 0 19 412) ("sum" 12 13 20 21 26))
        ("DISK_THM"))
       ("%39%33$0U376$1U380B276U454|U237|U235%43%33$0U376$1U331B276U454|U237|U243%43%32$0U380$1U331B276U454|U235|U243B250B250")
       "mlsexp" 43)) nchotomy
     (tag-th
      ("mlsexp" 189
       (("bnfFixBNF" 12 13) ("bnfInitial" 10 11 12 13 54 78)
        ("bnfPrelims" 9 11 33 34 35 36 37 81 82 83 84 85 86 87)
        ("bool" 25 27 35 51 52 58 60 63 101 105 128 150 193)
        ("combin" 0 1 5 8 21 23) ("list" 11 12 13 14)
        ("mlsexp" 62 63 64 65 66)
        ("pred_set" 0 18 60 68 180 202 208 432 438) ("sum" 13 45 46))
       ("DISK_THM"))
      ("%131%102$1$0U376B276|U290%101$1$0U380B276|U289%127$1$0U331B276|U293B388B388|U243")
      "mlsexp" 44) one_one
     (SOME
      (tag-th
       ("mlsexp" 190
        (("bnfInitial" 10 11 12 13 49 50 51 52 57 63 64 76 77)
         ("bnfPrelims" 28 29 30 31 33 34 35 36 37 38 39 42 43 70 73 74 75
          76 78 81 82 83 84 85 86 87) ("bool" 7 14 15 26 56 58 60 63)
         ("cardinalityCore" 5 6 162) ("combin" 8 21 23)
         ("list" 10 11 12 13 14 16) ("mlsexp" 60 62 63 64 65 66)
         ("ordinalBasic" 107) ("pred_set" 0 19 412) ("sum" 12 13 20 21 26))
        ("DISK_THM"))
       ("%33%40$1U376$0U376B276$1$0B269B257|U237|U237%32%39$1U380$0U380B276$1$0B267B257|U235|U235%37%43$1U331$0U331B276$1$0B276B257|U243|U243B250B250")
       "mlsexp" 45)) fields nil accessors nil updates nil simpls nil extra
     nil))
   (("mlsexp" "pretty")
    (DFACTS ty (tag-ty . "%189") axiom
     (tag-th
      ("mlsexp" 191
       (("bnfInitial" 10 11 12 13 49 50 51 52 57 63 64 76 77)
        ("bnfPrelims" 28 29 30 33 34 35 36 37 38 39 42 44 45 46 47 48 49 50
         70 73 74 75 76 78 81 82 83 84 85 86 87)
        ("bool" 7 14 15 26 58 60 63) ("cardinalityCore" 5 6 162)
        ("combin" 8 21 23) ("mlsexp" 78 80 81 82 83 84 85)
        ("ordinalBasic" 107) ("pair" 8 9 35 47) ("pred_set" 0 19 412)
        ("sum" 12 13 20 21 26)) ("DISK_THM"))
      ("%71%78%83%88%92%35$0U369u1$0$0u1b5B255|U239%33$0U377u1$0u4B255|U237%35%44%48$2$1B302$0@u3$1$2b5$0@$2u3@$0u3@B255|U239|U201|U239%34%45$1$0B375u2$1$0b3$0u2@B255|U239|U238B250B250B250|U283|U219|U203|U216|U222")
      "mlsexp" 46) induction
     (tag-th
      ("mlsexp" 192
       (("bnfInitial" 10 11 12 13 49 50 51 52 57 63 64 76 77)
        ("bnfPrelims" 28 29 30 33 34 35 36 37 38 39 42 44 45 46 47 48 49 50
         70 73 74 75 76 78 81 82 83 84 85 86 87)
        ("bool" 7 14 15 26 50 51 58 60 63 91) ("cardinalityCore" 5 6 162)
        ("combin" 8 21 23) ("mlsexp" 78 80 81 82 83 84 85)
        ("ordinalBasic" 107) ("pair" 8 9 35 47) ("pred_set" 0 19 412)
        ("sum" 12 13 20 21 26)) ("DISK_THM"))
      ("%15%111$0u1$0U369u1B281|U239%102$0U377u1|U237%111%112$1u2$0u2B250%52$2$0B302$1@u3|U201B281|U239|U239%111$0u1%106$0$1B375u2|U238B281|U239B250B250B250%111$0u1|U239B281|U221")
      "mlsexp" 47) case_def
     (tag-th
      ("mlsexp" 86
       (("bnfInitial" 10 11 12 13 49 50 51 52 57 63 64 76 77)
        ("bnfPrelims" 28 29 30 33 34 35 36 37 38 39 42 44 45 46 47 48 49 50
         70 73 74 75 76 78 81 82 83 84 85 86 87)
        ("bool" 7 14 15 26 58 60 63) ("cardinalityCore" 5 6 162)
        ("combin" 8 21 23) ("mlsexp" 78 80 81 82 83 84 85)
        ("ordinalBasic" 107) ("pair" 8 9 35 47) ("pred_set" 0 19 412)
        ("sum" 12 13 20 21 26)) ("DISK_THM"))
      ("%35%63%70%79%85$4U369$3B421$2@$1@$0@$4u3B255|U218|U223|U216|U220|U239%33%63%70%79%85$4U377$3B421$2@$1@$0@$4u2B255|U218|U223|U216|U220|U237%35%44%48%63%70%79%85$6$5B302$4@$3B421$2@$1@$0@$6$5b1$4@B255|U218|U223|U216|U220|U239|U201|U239%34%45%63%70%79%85$5$4B375$3B421$2@$1@$0@$5$4b0B255|U218|U223|U216|U220|U239|U238B250B250B250")
      "mlsexp" 48) case_eq
     (tag-th
      ("mlsexp" 193
       (("bnfInitial" 10 11 12 13 49 50 51 52 57 63 64 76 77)
        ("bnfPrelims" 28 29 30 33 34 35 36 37 38 39 42 44 45 46 47 48 49 50
         70 73 74 75 76 78 81 82 83 84 85 86 87)
        ("bool" 7 14 15 25 26 50 51 58 60 63 91 193)
        ("cardinalityCore" 5 6 162) ("combin" 8 21 23)
        ("mlsexp" 78 80 81 82 83 84 85 86) ("ordinalBasic" 107)
        ("pair" 8 9 35 47) ("pred_set" 0 19 412) ("sum" 12 13 20 21 26))
       ("DISK_THM"))
      ("%189%63B421%70@%79@%85@%142B255%111%189$0U369B272$0U63%142B255B250|U292%102%189$0U377B272$0U70%142B255B250|U290%111%52%112%189$2$1B302$0@B272$2$1B79$0@%142B255B250|U292|U282|U292%106%111%189$1$0B375B272$1$0B85%142B255B250|U292|U291B388B388B388B257")
      "mlsexp" 49) case_elim
     (tag-th
      ("mlsexp" 194
       (("bnfInitial" 10 11 12 13 49 50 51 52 57 63 64 76 77)
        ("bnfPrelims" 28 29 30 33 34 35 36 37 38 39 42 44 45 46 47 48 49 50
         70 73 74 75 76 78 81 82 83 84 85 86 87)
        ("bool" 7 14 15 25 26 50 51 58 60 63 91 193)
        ("cardinalityCore" 5 6 162) ("combin" 8 21 23)
        ("mlsexp" 78 80 81 82 83 84 85 86) ("ordinalBasic" 107)
        ("pair" 8 9 35 47) ("pred_set" 0 19 412) ("sum" 12 13 20 21 26))
       ("DISK_THM"))
      ("%458%189%63B421%70@%79@%85@u0%111%189$0U369B272$0U63u1B250|U292%102%189$0U377B272$0U70u1B250|U290%111%52%112%189$2$1B302$0@B272$2$1B79$0@u3B250|U292|U282|U292%106%111%189$1$0B375B272$1$0B85u2B250|U292|U291B388B388B388B257|U462")
      "mlsexp" 50) case_cong
     (tag-th
      ("mlsexp" 195
       (("bnfInitial" 10 11 12 13 49 50 51 52 57 63 64 76 77)
        ("bnfPrelims" 28 29 30 33 34 35 36 37 38 39 42 44 45 46 47 48 49 50
         70 73 74 75 76 78 81 82 83 84 85 86 87)
        ("bool" 7 14 15 26 50 51 58 60 63 91 193)
        ("cardinalityCore" 5 6 162) ("combin" 8 21 23)
        ("mlsexp" 78 80 81 82 83 84 85 86) ("ordinalBasic" 107)
        ("pair" 8 9 35 47) ("pred_set" 0 19 412) ("sum" 12 13 20 21 26))
       ("DISK_THM"))
      ("%1%5%63%70%79%85$5$4B272%35$5$0U369B272$0u4$0U66B255B281|U239%33$5$0U377B272$0u3$0U74B255B281|U237%35%44%48$7$2$1B302$0@B272$2$1b4$0@$2$1B81$0@B255B281|U239|U201|U239%34%45$6$1$0B375B272$1$0b2$1$0B87B255B281|U239|U238B250B250B250B250$5$3B421$2@$1@$0@$4%66B421%74@%81@%87@B255B281|U218|U223|U216|U220|U239|U239")
      "mlsexp" 51) case_const (tag-tm . "%421") constructors
     ((tag-tm . "%369") (tag-tm . "%377") (tag-tm . "%302")
      (tag-tm . "%375")) destructors nil recognizers nil size
     (SOME
      ((tag-tm . "%423")
       (tag-th ("mlsexp" 196 (("mlsexp" 87)) ("DISK_THM"))
        ("%35$0U369U423%387U304U367$0U423B245B270|U239%33$0U377U423%387U304U367$0U413B245B270|U237%35%44%48$2$1B302$0@U423%387U304U367$2U423$1U391$0U423B245B245B245B270|U239|U201|U239%34%45$1$0B375U423%387U304U367$1$0U423B245B245B270|U239|U238B250B250B250")
        "mlsexp" 52))) encode NONE lift NONE distinct
     (SOME
      (tag-th
       ("mlsexp" 197
        (("bnfInitial" 10 11 12 13 49 50 51 52 57 63 64 76 77)
         ("bnfPrelims" 28 29 30 33 34 35 36 37 38 39 42 44 45 46 47 48 49
          50 70 73 74 75 76 78 81 82 83 84 85 86 87)
         ("bool" 7 14 15 26 46 50 54 58 60 63) ("cardinalityCore" 5 6 162)
         ("combin" 8 21 23) ("mlsexp" 78 80 81 82 83 84 85)
         ("ordinalBasic" 107) ("pair" 8 9 35 47) ("pred_set" 0 19 412)
         ("sum" 12 13 20 21 26)) ("DISK_THM"))
       ("%40%35$0U369$1U377B272U454|U239|U237%48%44%42%35$0U369$1$2B302$3@B272U454|U239|U239|U201|U239%45%41%35$0U369$1$2B375B272U454|U239|U238|U239%48%44%42%33$0U377$1$2B302$3@B272U454|U237|U239|U201|U239%45%41%33$0U377$1$2B375B272U454|U237|U238|U239%48%47%44%41%35$0$2B302$4@$1$3B375B272U454|U239|U238|U201|U239|U239B250B250B250B250B250")
       "mlsexp" 53)) nchotomy
     (tag-th
      ("mlsexp" 198
       (("bnfInitial" 10 11 12 13 49 50 51 52 57 63 64 76 77)
        ("bnfPrelims" 28 29 30 33 34 35 36 37 38 39 42 44 45 46 47 48 49 50
         70 73 74 75 76 78 81 82 83 84 85 86 87)
        ("bool" 7 14 15 26 50 51 58 60 63 91 193)
        ("cardinalityCore" 5 6 162) ("combin" 8 21 23)
        ("mlsexp" 78 80 81 82 83 84 85) ("ordinalBasic" 107)
        ("pair" 8 9 35 47) ("pred_set" 0 19 412) ("sum" 12 13 20 21 26))
       ("DISK_THM"))
      ("%115%111$1$0U369B272|U292%102$1$0U377B272|U290%111%52%112$3$2$1B302$0@B272|U292|U282|U292%106%111$2$1$0B375B272|U292|U291B388B388B388|U239")
      "mlsexp" 54) one_one
     (SOME
      (tag-th
       ("mlsexp" 199
        (("bnfInitial" 10 11 12 13 49 50 51 52 57 63 64 76 77)
         ("bnfPrelims" 28 29 30 33 34 35 36 37 38 39 42 44 45 46 47 48 49
          50 70 73 74 75 76 78 81 82 83 84 85 86 87)
         ("bool" 7 14 15 26 50 56 58 60 63) ("cardinalityCore" 5 6 162)
         ("combin" 8 21 23) ("mlsexp" 78 80 81 82 83 84 85)
         ("ordinalBasic" 107) ("pair" 8 9 35 47) ("pred_set" 0 19 412)
         ("sum" 12 13 20 21 26)) ("DISK_THM"))
       ("%35%42$1U369$0U369B272$1$0B272B257|U239|U239%33%40$1U377$0U377B272$1$0B269B257|U237|U237%35%44%48%42%46%49$5$4B302$3@$2$1B302$0@B272$5$2B272$4$1B257$3$0B272B250B250B257|U239|U201|U239|U239|U201|U239%34%45%41%47$3$2B375$1$0B375B272$3$1B270$2$0B272B250B257|U239|U238|U239|U238B250B250B250")
       "mlsexp" 55)) fields nil accessors nil updates nil simpls nil extra
     nil)))
  ("DefnBase.indn.deltas"
   ((tag-th
     ("mlsexp" 149
      (("Canon_Port_Context" 14)
       ("arithmetic" 1 2 3 4 5 7 8 26 28 29 30 31 49 54 68 93 115 215 222)
       ("bool" 25 26 27 31 35 50 51 52 54 58 63 64 93 95 96 101 104 105 107
        128 150) ("canonContext" 20 21)
       ("cv" 31 32 35 36 37 42 53 55 57 59 61 63 65 66 67 68 69 76 81 82)
       ("list" 84 738) ("numeral" 3 5 7) ("pair" 5 7 8 22) ("prim_rec" 43)
       ("relation" 122 135 137) ("string" 37)) ("DISK_THM"))
     ("%11%50%358$0b1|U230%56%118%50%143%160$4%387U304U304U304U305U305U367U307B258U454$4%387U304U305U305U305U304U305U367U307B258$3$1$0B316B262$1%387U304U305U305U305U304U305U367U307B258U454$1%387U304U304U304U305U305U367U307B258U454$1%387U305U304U304U304U305U367U307B258U454$1%387U305U304U305U305U305U305U367U307B258U454$1%387U305U305U304U304U305U305U367U307B258U454$1%387U305U305U304U305U304U305U367U307B258B250B250B250B250B250B250B250B250$0%387U304U305U304U367U307$2B316b5B281|U230|U202%143%160$4%387U304U304U304U305U305U367U307B258U454$4%387U304U305U305U305U304U305U367U307B258$3$1$0B316B262$1%387U304U305U305U305U304U305U367U307B258U454$1%387U304U304U304U305U305U367U307B258U454$1%387U305U304U304U304U305U367U307B258U454$1%387U305U304U305U305U305U305U367U307B258U454$1%387U305U305U304U304U305U305U367U307B258B250B250B250B250B250B250B250$0%387U305U305U304U367U307$2B316b5B281|U230|U202%143%160$4%387U304U304U304U305U305U367U307B258U454$4%387U304U305U305U305U304U305U367U307B258$3$1$0B316B262$1%387U304U305U305U305U304U305U367U307B258U454$1%387U304U304U304U305U305U367U307B258U454$1%387U305U304U304U304U305U367U307B258U454$1%387U305U304U305U305U305U305U367U307B258B250B250B250B250B250B250$0%387U304U305U305U367U307$2B316b5B281|U230|U202%143%160$4%387U304U304U304U305U305U367U307B258U454$4%387U304U305U305U305U304U305U367U307B258$3$1$0B316B262$1%387U304U305U305U305U304U305U367U307B258U454$1%387U304U304U304U305U305U367U307B258U454$1%387U305U304U304U304U305U367U307B258B250B250B250B250B250$0%251U307$2B316b5B281|U230|U202%143%160$4%387U304U304U304U305U305U367U307B258U454$4%387U304U305U305U305U304U305U367U307B258$3$1$0B316B262$1%387U304U305U305U305U304U305U367U307B258U454$1%387U304U304U304U305U305U367U307B258B250B250B250B250$0%387U304U304U304U305U305U367U307$2B316b5B281|U230|U202%143%160$4%387U304U304U304U305U305U367U307B258U454$4%387U304U305U305U305U304U305U367U307B258$3$1$0B316B262$1%387U304U305U305U305U304U305U367U307B258B250B250B250$0%387U304U305U305U305U304U305U367U307$2B316b5B281|U230|U202$2%387U304U304U304U305U305U367U307B258U454$2%387U304U305U305U305U304U305U367U307B258U454B250$1$2$0B316b3B281$2%387U304U304U304U305U305U367U307B258U454$2%387U304U305U305U305U304U305U367U307B258$1%358B262B250B250$1$0b3B281B250B250B250B250B250B250B250$2$1B316$0b3B281|U230|U230|U202B250%145%160$1$0b2|U230|U230B281|U206")
     "mlsexp" 0) (tag-tm . "%425"))
   ((tag-th ("mlsexp" 150 (("bool" 26) ("list" 82)) ("DISK_THM"))
     ("%11%50%358$0b1|U230%134%459%50%50$3$0b4|U230$1$2B316$0b3B281|U230|U202|U230B250%460%50$1$0b2|U230|U230B281|U206")
     "mlsexp" 1) (tag-tm . "%426"))
   ((tag-th
     ("mlsexp" 151
      (("Canon_Port_Context" 14)
       ("arithmetic" 1 2 3 4 5 7 8 28 29 54 68 93 115 215 222)
       ("bool" 15 25 26 27 31 35 50 52 54 58 63 64 93 95 96 101 104 105 128
        133 150) ("combin" 21)
       ("cv" 31 32 35 36 37 42 53 55 57 59 61 63 65 66 67 68 69 76)
       ("list" 17 40 84) ("mlsexp" 41 43 44 45) ("numeral" 3 6 7)
       ("pair" 4 5 7 8 9 22 35 65 69) ("prim_rec" 44 45)
       ("relation" 122 135 144 149) ("string" 3) ("sum" 77)) ("DISK_THM"))
     ("%14%58%51$1%358b2$0@|U236|U238%58%56%57%51%125%118$4U401U454$4%387U304U305U304U304U305U367U307B258U454$4%387U304U305U304U305U304U367U307B258U454$4%387U304U304U304U305U305U367U307B258U454$3$4%358B316B426$1$0B247B273$5%251B270U454B250B250B250B250B250$5$0b6$1U374$2B322@B281|U230|U237%165%125%120$5U401U454$5%387U304U305U304U304U305U367U307B258U454$5%387U304U305U304U305U304U367U307B258U454$5%387U304U304U304U305U305U367U307B258$4U424$2U343B278$2$1$0B247B273$6%251B270U454B250B250B250B250B250B250$6$0b7$1U374$3B322@B281|U230|U237|U240$2U401$3$1b4$0@B281$2U401U454$2%387U304U305U304U304U305U367U307B258U454$2%387U304U305U304U305U304U367U307B258$3%251B270U454$3%387U304U367B270U454B250B250B250B250$3%387U304U367B249$1b4%308$0B322@B281$2U401U454$2%387U304U305U304U304U305U367U307B258B250$3%387U304U367B245$1b4%368$0B322@B281B250B250B250B250$3$2$1B316b4$0@B281|U236|U230|U202|U238B250%148%160%170$2$1b3$0@|U236|U230|U238B281|U217")
     "mlsexp" 2) (tag-tm . "%404"))
   ((tag-th
     ("mlsexp" 152
      (("Canon_Port_Context" 4 5 14)
       ("arithmetic" 1 2 3 4 5 7 8 26 28 29 30 31 49 54 68 93 115 215 222)
       ("bool" 25 26 31 35 46 47 50 51 54 58 63 64 72 76 77 78 80 93 96 101
        104 105 107 150 193) ("canonContext" 20 21)
       ("cv" 31 32 35 36 37 42 53 55 57 59 61 63 65 66 67 68 69 76 81 82)
       ("list" 84 738) ("mesonLibContext" 1)
       ("mlsexp" 18 19 20 21 22 23 24 26) ("numeral" 3 5 7)
       ("pair" 5 7 8 22) ("prim_rec" 43) ("relation" 122 135 137))
      ("DISK_THM"))
     ("%13%196%123%364$1b2$0@|U231|U234%119%196%123$2%362b3$1$0B317@%308$2B322$1b3$0@B281|U231|U234|U236%119%196%123%197%199$2$1$0B317B263$4$3U327$1B320b5$0@B281|U231|U234$0%359B263$2$1b3$0@B281B250%368$2B322$1b3$0@B281|U231|U234|U236%133%119%196%123$2$3U303$1B320b4$0@$3U374$2B322$1b4$0@B281|U231|U234|U236|U237B250B250B250%147%162%168$2$1b3$0@|U231|U234|U236B281|U214")
     "mlsexp" 3) (tag-tm . "%420"))
   ((tag-th
     ("mlsexp" 153
      (("Canon_Port_Context" 14)
       ("arithmetic" 1 2 3 4 5 7 8 29 30 31 54 68 93 110 115 215)
       ("bool" 25 27 31 35 52 54 58 63 64 104)
       ("cv" 31 32 35 36 37 42 53 55 57 59 61 63 65 66 67 68 69 76 81 82)
       ("list" 84 738) ("numeral" 3 5) ("prim_rec" 43)
       ("relation" 122 135 137)) ("DISK_THM"))
     ("%12%361u0%189$0%361B319u1|U239%189%172%174$1$0B319u3$2$1$0B319B319u3B281|U233|U239|U239B250B250%146$0u1|U233B281|U207")
     "mlsexp" 4) (tag-tm . "%414"))
   ((tag-th
     ("mlsexp" 154
      (("Canon_Port_Context" 14)
       ("arithmetic" 1 2 3 4 5 7 8 29 30 31 54 68 93 110 115 215)
       ("basicSize" 7)
       ("bool" 14 25 26 27 31 35 50 52 54 58 63 64 101 104 150)
       ("cv" 31 32 35 36 37 42 53 55 57 59 61 63 65 66 67 68 69 76 81 82)
       ("list" 674 738) ("mlsexp" 68) ("numeral" 3 5 7) ("prim_rec" 43)
       ("relation" 122 135 137) ("sum" 12 79)) ("DISK_THM"))
     ("%20%22%152%101$1$0U380B276$0u2B281|U235%185$1$0U331B276$0u3B281|U243B250$0u2B281|U243%183%152%184$2$1$0B321B267$1u4B281|U235|U243%152%184$2$1$0B321B267$0u3B281|U235|U243B250$0u1B281|U235B250%158$0u2|U243%156$0u1|U235B250B281|U212|U227")
     "mlsexp" 5) (tag-tm . "%452") (tag-tm . "%453"))
   ((tag-th
     ("mlsexp" 155
      (("Canon_Port_Context" 4 5 14)
       ("arithmetic" 1 2 3 4 5 7 8 26 28 29 30 31 49 54 68 93 115 215 222)
       ("basicSize" 0)
       ("bnfInitial" 10 11 12 13 49 50 51 52 57 63 64 76 77)
       ("bnfPrelims" 28 29 30 33 34 35 36 37 38 39 42 44 45 46 47 48 49 50
        70 73 74 75 76 78 81 82 83 84 85 86 87)
       ("bool" 7 14 15 25 26 31 35 46 47 50 51 54 58 60 63 64 72 77 78 80
        91 93 96 104 105 107 193) ("canonContext" 20 21)
       ("cardinalityCore" 5 6 162) ("combin" 8 21 23)
       ("cv" 31 32 35 36 37 42 53 55 57 59 61 63 65 66 67 68 69 76 81 82)
       ("mesonLibContext" 1) ("mlsexp" 78 80 81 82 83 84 85 87)
       ("numeral" 3 7) ("ordinalBasic" 107) ("pair" 8 9 35 47)
       ("pred_set" 0 19 412) ("prim_rec" 43) ("relation" 122 135 137)
       ("sum" 12 13 20 21 26)) ("DISK_THM"))
     ("%15%106%189$1$0B375u2|U239|U238%189%154%198$2u3$0u3B250$2$1B302$0@u3B281|U239|U201|U239%189$0u1$0U369u1B281|U239%171$0U377u1|U237B250B250B250%149$0u1|U239B281|U221")
     "mlsexp" 6) (tag-tm . "%399"))
   ((tag-th
     ("mlsexp" 156
      (("Canon_Port_Context" 4 5 14)
       ("arithmetic" 1 2 3 4 5 7 8 26 28 29 30 31 49 54 68 93 115 215 222)
       ("basicSize" 0)
       ("bnfInitial" 10 11 12 13 49 50 51 52 57 63 64 76 77)
       ("bnfPrelims" 28 29 30 33 34 35 36 37 38 39 42 44 45 46 47 48 49 50
        70 73 74 75 76 78 81 82 83 84 85 86 87)
       ("bool" 7 14 15 25 26 31 35 46 47 50 51 54 58 60 63 64 72 77 78 80
        91 93 96 104 105 107 193) ("canonContext" 20 21)
       ("cardinalityCore" 5 6 162) ("combin" 8 21 23)
       ("cv" 31 32 35 36 37 42 53 55 57 59 61 63 65 66 67 68 69 76 81 82)
       ("mesonLibContext" 1) ("mlsexp" 78 80 81 82 83 84 85 87)
       ("numeral" 3 7) ("ordinalBasic" 107) ("pair" 8 9 35 47)
       ("pred_set" 0 19 412) ("prim_rec" 43) ("relation" 122 135 137)
       ("sum" 12 13 20 21 26)) ("DISK_THM"))
     ("%15%106%189$1$0B375u2|U239|U238%189%154%198$2u3$2$1B302$0@u3B281|U239|U201|U239%189$0u1$0U369u1B281|U239%171$0U377u1|U237B250B250B250%149$0u1|U239B281|U221")
     "mlsexp" 7) (tag-tm . "%398"))
   ((tag-th
     ("mlsexp" 157
      (("bnfInitial" 10 11 12 13 49 50 51 52 57 63 64 76 77)
       ("bnfPrelims" 28 29 30 33 34 35 36 37 38 39 42 44 45 46 47 48 49 50
        70 73 74 75 76 78 81 82 83 84 85 86 87)
       ("bool" 7 14 15 26 50 51 58 60 63 91) ("cardinalityCore" 5 6 162)
       ("combin" 8 21 23) ("mlsexp" 78 80 81 82 83 84 85)
       ("ordinalBasic" 107) ("pair" 8 9 35 47) ("pred_set" 0 19 412)
       ("sum" 12 13 20 21 26)) ("DISK_THM"))
     ("%15%111$0u1$0U369u1B281|U239%102$0U377u1|U237%111%112%52$2u3$1u3B250$2$0B302$1@u3B281|U201|U239|U239%111%106$1u2$0$1B375u2B281|U238|U239B250B250B250%111$0u1|U239B281|U221")
     "mlsexp" 8) (tag-tm . "%389"))
   ((tag-th
     ("mlsexp" 158
      (("bnfInitial" 10 11 12 13 49 50 51 52 57 63 64 76 77)
       ("bnfPrelims" 28 29 30 33 34 35 36 37 38 39 42 44 45 46 47 48 49 50
        70 73 74 75 76 78 81 82 83 84 85 86 87)
       ("bool" 7 14 15 26 50 51 58 60 63 91) ("cardinalityCore" 5 6 162)
       ("combin" 8 21 23) ("mlsexp" 78 80 81 82 83 84 85)
       ("ordinalBasic" 107) ("pair" 8 9 35 47) ("pred_set" 0 19 412)
       ("sum" 12 13 20 21 26)) ("DISK_THM"))
     ("%15%111$0u1$0U369u1B281|U239%102$0U377u1|U237%111%112%52$2u3$1u3B250$2$0B302$1@u3B281|U201|U239|U239%111%106$1u2$0$1B375u2B281|U238|U239B250B250B250%111$0u1|U239B281|U221")
     "mlsexp" 9) (tag-tm . "%427"))
   ((tag-th
     ("mlsexp" 159
      (("bnfInitial" 10 11 12 13 49 50 51 52 57 63 64 76 77)
       ("bnfPrelims" 28 29 30 33 34 35 36 37 38 39 42 44 45 46 47 48 49 50
        70 73 74 75 76 78 81 82 83 84 85 86 87)
       ("bool" 7 14 15 26 50 51 58 60 63 91) ("cardinalityCore" 5 6 162)
       ("combin" 8 21 23) ("mlsexp" 78 80 81 82 83 84 85)
       ("ordinalBasic" 107) ("pair" 8 9 35 47) ("pred_set" 0 19 412)
       ("sum" 12 13 20 21 26)) ("DISK_THM"))
     ("%456%111%95%99%95%99$1$0b5$4@|U238|U238$1$0b3$2U369@B281|U238|U238|U239%102%95%99$1$0b3$2U377@|U238|U238|U237%111%112%52%95%99%95%99$1$0b7$6@|U238|U238%95%99$1$0b7$5@|U238|U238B250$1$0b5$4$2B302$3@2B281|U238|U238|U201|U239|U239%111%106%95%99%95%99$1$0b6$5@|U238|U238$1$0b4$2$3B375@B281|U238|U238|U238|U239B250B250B250%95%99%111$2$1b3$0@|U239|U238|U238B281|U464")
     "mlsexp" 10) (tag-tm . "%437"))
   ((tag-th
     ("mlsexp" 160
      (("bnfInitial" 10 11 12 13 49 50 51 52 57 63 64 76 77)
       ("bnfPrelims" 28 29 30 33 34 35 36 37 38 39 42 44 45 46 47 48 49 50
        70 73 74 75 76 78 81 82 83 84 85 86 87)
       ("bool" 7 14 15 26 50 51 58 60 63 91) ("cardinalityCore" 5 6 162)
       ("combin" 8 21 23) ("mlsexp" 78 80 81 82 83 84 85)
       ("ordinalBasic" 107) ("pair" 8 9 35 47) ("pred_set" 0 19 412)
       ("sum" 12 13 20 21 26)) ("DISK_THM"))
     ("%455%111%96%124%96%124$1$4b5$0@|U232|U237$1$2U369b3$0@B281|U232|U237|U239%102%96%124$1$2U377b3$0@|U232|U237|U237%111%112%52%96%124%96%124$1$6b7$0@|U232|U237%96%124$1$5b7$0@|U232|U237B250$1$4$2B302$3@b5$0@B281|U232|U237|U201|U239|U239%111%106%96%124%96%124$1$5b6$0@|U232|U237$1$2$3B375b4$0@B281|U232|U237|U238|U239B250B250B250%96%111%124$2$1b3$0@|U232|U239|U237B281|U463")
     "mlsexp" 11) (tag-tm . "%396"))
   ((tag-th
     ("mlsexp" 161
      (("Canon_Port_Context" 14)
       ("arithmetic" 1 2 3 4 5 7 8 26 28 29 30 31 54 93 110 115 214 215 219
        222 330) ("basicSize" 2)
       ("bool" 25 27 31 35 42 51 52 54 58 63 64 93 96 101 104 105 128)
       ("canonContext" 20 21)
       ("cv" 31 32 35 36 37 42 53 55 57 59 61 63 65 66 67 68 69 76 81 82)
       ("numeral" 3 5 7) ("pair" 5 22) ("prim_rec" 43)
       ("relation" 122 135 137)) ("DISK_THM"))
     ("%10%110%106%125$1%251B270U454$2$1%387U304U367B249b3$0@B281$2$1b3$0@B281|U237|U238|U204%144%164%171$2$1b3$0@|U237|U238|U204B281|U205")
     "mlsexp" 12) (tag-tm . "%438"))
   ((tag-th
     ("mlsexp" 162
      (("Canon_Port_Context" 4 5 14)
       ("arithmetic" 1 2 3 4 5 7 8 29 30 31 54 68 93 110 115 215)
       ("basicSize" 7) ("bnfFixBNF" 12 13) ("bnfInitial" 10 11 12 13 54 78)
       ("bnfPrelims" 9 11 33 34 35 36 37 81 82 83 84 85 86 87)
       ("bool" 14 25 26 27 31 35 46 47 50 52 54 58 60 63 64 72 77 78 80 104
        105 128 193) ("combin" 0 1 5 8 21 23)
       ("cv" 31 32 35 36 37 42 53 55 57 59 61 63 65 66 67 68 69 76 81 82)
       ("list" 11 12 13 14 84 674 738) ("mesonLibContext" 1)
       ("mlsexp" 3 4 5 6 8) ("numeral" 3 5 7)
       ("pred_set" 0 18 68 202 208 432 438) ("prim_rec" 43)
       ("relation" 122 135 137) ("sum" 12 13 46 79)) ("DISK_THM"))
     ("%19%21%125$0U303u2|U237%100$0u1$0U327u2B281|U234%362u0%151%182$1u3$0u2B250$1$0B320u2B281|U234|U242B250B250B250%157$0u2|U242%155$0u1|U234B250B281|U209|U225")
     "mlsexp" 13) (tag-tm . "%428") (tag-tm . "%429"))
   ((tag-th
     ("mlsexp" 163
      (("Canon_Port_Context" 4 5 14)
       ("arithmetic" 1 2 3 4 5 7 8 29 30 31 54 68 93 110 115 215)
       ("basicSize" 7) ("bnfFixBNF" 12 13) ("bnfInitial" 10 11 12 13 54 78)
       ("bnfPrelims" 9 11 33 34 35 36 37 81 82 83 84 85 86 87)
       ("bool" 14 25 26 27 31 35 46 47 50 52 54 58 60 63 64 72 77 78 80 104
        105 128 193) ("combin" 0 1 5 8 21 23)
       ("cv" 31 32 35 36 37 42 53 55 57 59 61 63 65 66 67 68 69 76 81 82)
       ("list" 11 12 13 14 84 674 738) ("mesonLibContext" 1)
       ("mlsexp" 3 4 5 6 8) ("numeral" 3 5 7)
       ("pred_set" 0 18 68 202 208 432 438) ("prim_rec" 43)
       ("relation" 122 135 137) ("sum" 12 13 46 79)) ("DISK_THM"))
     ("%19%21%125$0U303u2|U237%100$0u1$0U327u2B281|U234%362u0%151%182$0U366$1u3B281$0U366U454$1u3B281$0U366U454$0u2B281B250B250$1$0B320u2B281|U234|U242B250B250B250%157$0u2|U242%155$0u1|U234B250B281|U209|U225")
     "mlsexp" 14) (tag-tm . "%433") (tag-tm . "%436"))
   ((tag-th
     ("mlsexp" 164
      (("Canon_Port_Context" 14)
       ("arithmetic" 1 2 3 4 5 7 8 28 29 30 31 49 54 68 93 115 215 222)
       ("bnfFixBNF" 12 13) ("bnfInitial" 10 11 12 13 54 78)
       ("bnfPrelims" 9 11 33 34 35 36 37 81 82 83 84 85 86 87)
       ("bool" 14 25 27 31 35 51 52 54 58 60 63 64 93 96 104 105 107 128
        190 193) ("canonContext" 20 21) ("combin" 0 1 5 8 21 23)
       ("cv" 31 32 35 36 37 42 53 55 57 59 61 63 65 66 67 68 69 76 81 82)
       ("list" 11 12 13 14 163 210 674 738) ("mlsexp" 3 4 5 6 8)
       ("numeral" 3 5) ("pred_set" 0 18 68 202 208 432 438) ("prim_rec" 43)
       ("relation" 122 135 137) ("sum" 13 46)) ("DISK_THM"))
     ("%16%27$0U303u1|U237%196%190$0$1U349B337$0u2B281|U242$0U327u1B281|U234B250%151$0u1|U242B281|U225")
     "mlsexp" 15) (tag-tm . "%449")))))
