*** Using kernel spec --stdknl from earlier build command;
    use one of --expk, --stdknl, --otknl to override
Cleaning out /workspace/scratch/7755a98cf62b/HOL-release/sigobj
/workspace/scratch/7755a98cf62b/HOL-release/sigobj cleaned
*** Build log exists; new logging will concatenate onto this file
Building directory tools/check-builds [08 Oct, 12:28:31]
Uploading files to /workspace/scratch/7755a98cf62b/HOL-release/sigobj
Building directory tools/set_mtime [08 Oct, 12:28:31]
Uploading files to /workspace/scratch/7755a98cf62b/HOL-release/sigobj
Building directory tools/mlyacc/mlyacclib [08 Oct, 12:28:31]
Uploading files to /workspace/scratch/7755a98cf62b/HOL-release/sigobj
Building directory src/portableML/poly [08 Oct, 12:28:32]
Uploading files to /workspace/scratch/7755a98cf62b/HOL-release/sigobj
Building directory src/portableML [08 Oct, 12:28:32]
Uploading files to /workspace/scratch/7755a98cf62b/HOL-release/sigobj
Building directory src/portableML/monads [08 Oct, 12:28:33]
Uploading files to /workspace/scratch/7755a98cf62b/HOL-release/sigobj
Building directory src/portableML/rawtheory [08 Oct, 12:28:33]
Uploading files to /workspace/scratch/7755a98cf62b/HOL-release/sigobj
Building directory src/portableML/json [08 Oct, 12:28:34]
Uploading files to /workspace/scratch/7755a98cf62b/HOL-release/sigobj
Building directory src/portableML/poly/concurrent [08 Oct, 12:28:34]
Uploading files to /workspace/scratch/7755a98cf62b/HOL-release/sigobj
Building directory src/prekernel [08 Oct, 12:28:35]
Uploading files to /workspace/scratch/7755a98cf62b/HOL-release/sigobj
Building directory src/0 [08 Oct, 12:28:35]
Uploading files to /workspace/scratch/7755a98cf62b/HOL-release/sigobj
Building directory src/thm [08 Oct, 12:28:36]
Uploading files to /workspace/scratch/7755a98cf62b/HOL-release/sigobj
Building directory src/postkernel [08 Oct, 12:28:36]
Uploading files to /workspace/scratch/7755a98cf62b/HOL-release/sigobj
Building directory src/parse [08 Oct, 12:28:36]
Uploading files to /workspace/scratch/7755a98cf62b/HOL-release/sigobj
Building directory src/opentheory [08 Oct, 12:28:37]
Uploading files to /workspace/scratch/7755a98cf62b/HOL-release/sigobj
Building directory src/bool [08 Oct, 12:28:37]
Starting work on boolTheory
boolTheory                                                          (4s)     OK
Uploading files to /workspace/scratch/7755a98cf62b/HOL-release/sigobj
Building directory src/1 [08 Oct, 12:28:44]
Starting work on ConseqConvTheory
ConseqConvTheory                                                    (6s)     OK
Uploading files to /workspace/scratch/7755a98cf62b/HOL-release/sigobj
Building directory src/proofman [08 Oct, 12:28:52]
Starting work on /workspace/scratch/7755a98cf62b/HOL-release/bin/hol.state0
/workspace/scratch/7755a98cf62b/HOL-release/bin/hol.state0          (7s)     OK
Uploading files to /workspace/scratch/7755a98cf62b/HOL-release/sigobj
Building directory src/compute/src [08 Oct, 12:28:59]
Uploading files to /workspace/scratch/7755a98cf62b/HOL-release/sigobj
Building directory src/HolSat/sat_solvers/minisat [08 Oct, 12:28:59]
Building minisat (release)
Compiling: File.C
In file included from File.C:1:
File.h: In member function ‘void File::flush()’:
File.h:124:14: warning: ignoring return value of ‘ssize_t write(int, const void*, size_t)’ declared with attribute ‘warn_unused_result’ [-Wunused-result]
  124 |         write(fd, buf, pos);
      |         ~~~~~^~~~~~~~~~~~~~
File.h: In member function ‘int File::putCharQ(int)’:
File.h:101:18: warning: ignoring return value of ‘ssize_t write(int, const void*, size_t)’ declared with attribute ‘warn_unused_result’ [-Wunused-result]
  101 |             write(fd, buf, File_BufSize),
      |             ~~~~~^~~~~~~~~~~~~~~~~~~~~~~
Compiling: Main.C
In file included from SolverTypes.h:25,
                 from Solver.h:23,
                 from Main.C:20:
Global.h: In function ‘int memReadStat(int)’:
Global.h:127:15: warning: ignoring return value of ‘int fscanf(FILE*, const char*, ...)’ declared with attribute ‘warn_unused_result’ [-Wunused-result]
  127 |         fscanf(in, "%d", &value);
      |         ~~~~~~^~~~~~~~~~~~~~~~~~
Compiling: Proof.C
In file included from Proof.h:24,
                 from Proof.C:20:
File.h: In member function ‘void File::flush()’:
File.h:124:14: warning: ignoring return value of ‘ssize_t write(int, const void*, size_t)’ declared with attribute ‘warn_unused_result’ [-Wunused-result]
  124 |         write(fd, buf, pos);
      |         ~~~~~^~~~~~~~~~~~~~
File.h: In member function ‘int File::putCharQ(int)’:
File.h:101:18: warning: ignoring return value of ‘ssize_t write(int, const void*, size_t)’ declared with attribute ‘warn_unused_result’ [-Wunused-result]
  101 |             write(fd, buf, File_BufSize),
      |             ~~~~~^~~~~~~~~~~~~~~~~~~~~~~
Compiling: Solver.C
Linking minisat
/usr/bin/ld: Proof.o: in function `Proof::Proof()':
Proof.C:(.text+0x70d): warning: the use of `tempnam' is dangerous, better use `mkstemp'
Uploading files to /workspace/scratch/7755a98cf62b/HOL-release/sigobj
Building directory src/HolSat/sat_solvers/zc2hs [08 Oct, 12:29:01]
ln -fs ../minisat/Proof.o
ln -fs ../minisat/File.o
ln -fs ../minisat/File.h
ln -fs ../minisat/Proof.h
ln -fs ../minisat/Global.h
ln -fs ../minisat/Sort.h
ln -fs ../minisat/SolverTypes.h
In file included from zc2hs.cpp:12:
Global.h: In function ‘int memReadStat(int)’:
Global.h:127:15: warning: ignoring return value of ‘int fscanf(FILE*, const char*, ...)’ declared with attribute ‘warn_unused_result’ [-Wunused-result]
  127 |         fscanf(in, "%d", &value);
      |         ~~~~~~^~~~~~~~~~~~~~~~~~
/usr/bin/ld: Proof.o: in function `Proof::Proof()':
Proof.C:(.text+0x70d): warning: the use of `tempnam' is dangerous, better use `mkstemp'
Uploading files to /workspace/scratch/7755a98cf62b/HOL-release/sigobj
Building directory src/HolSat [08 Oct, 12:29:03]
Starting work on satTheory
satTheory                                                           (0s)     OK
Uploading files to /workspace/scratch/7755a98cf62b/HOL-release/sigobj
Building directory src/taut [08 Oct, 12:29:04]
Uploading files to /workspace/scratch/7755a98cf62b/HOL-release/sigobj
Building directory src/marker [08 Oct, 12:29:04]
Starting work on markerTheory
markerTheory                                                        (0s)     OK
Uploading files to /workspace/scratch/7755a98cf62b/HOL-release/sigobj
Building directory src/q [08 Oct, 12:29:05]
Uploading files to /workspace/scratch/7755a98cf62b/HOL-release/sigobj
Building directory src/combin [08 Oct, 12:29:06]
Starting work on combinTheory
combinTheory                                                        (0s)     OK
Uploading files to /workspace/scratch/7755a98cf62b/HOL-release/sigobj
Building directory src/lite [08 Oct, 12:29:08]
Uploading files to /workspace/scratch/7755a98cf62b/HOL-release/sigobj
Building directory src/refute [08 Oct, 12:29:08]
Uploading files to /workspace/scratch/7755a98cf62b/HOL-release/sigobj
Building directory src/simp/src [08 Oct, 12:29:09]
Uploading files to /workspace/scratch/7755a98cf62b/HOL-release/sigobj
Building directory src/metis [08 Oct, 12:29:09]
Starting work on normalFormsTheory
normalFormsTheory                                                   (0s)     OK
Uploading files to /workspace/scratch/7755a98cf62b/HOL-release/sigobj
Building directory src/meson/src [08 Oct, 12:29:10]
Uploading files to /workspace/scratch/7755a98cf62b/HOL-release/sigobj
Building directory src/IndDef [08 Oct, 12:29:11]
Uploading files to /workspace/scratch/7755a98cf62b/HOL-release/sigobj
Building directory src/basicProof [08 Oct, 12:29:11]
Uploading files to /workspace/scratch/7755a98cf62b/HOL-release/sigobj
Building directory src/relation [08 Oct, 12:29:12]
Starting work on relationTheory
relationTheory                                                      (7s)     OK
Starting work on bisimulationTheory
bisimulationTheory                                                  (5s)     OK
Uploading files to /workspace/scratch/7755a98cf62b/HOL-release/sigobj
Building directory src/quotient/src [08 Oct, 12:29:29]
Starting work on quotientTheory
quotientTheory                                                      (5s)     OK
Uploading files to /workspace/scratch/7755a98cf62b/HOL-release/sigobj
Building directory src/coretypes [08 Oct, 12:29:37]
Starting work on pairTheory
Starting work on oneTheory
oneTheory                                                           (3s)     OK
pairTheory                                                          (6s)     OK
Starting work on sumTheory
Starting work on posetTheory
sumTheory                                                           (4s)     OK
Starting work on optionTheory
posetTheory                                                         (6s)     OK
optionTheory                                                        (5s)     OK
Uploading files to /workspace/scratch/7755a98cf62b/HOL-release/sigobj
Building directory src/tfl/src [08 Oct, 12:29:58]
Uploading files to /workspace/scratch/7755a98cf62b/HOL-release/sigobj
Building directory src/num/theories [08 Oct, 12:29:59]
Starting work on numTheory
numTheory                                                           (0s)     OK
Starting work on prim_recTheory
prim_recTheory                                                      (3s)     OK
Starting work on arithmeticTheory
arithmeticTheory                                                    (7s)     OK
Starting work on numeralTheory
Starting work on whileTheory
numeralTheory                                                       (5s)     OK
Starting work on basicSizeTheory
whileTheory                                                         (5s)     OK
Starting work on cvTheory
basicSizeTheory                                                     (4s)     OK
cvTheory                                                            (5s)     OK
Uploading files to /workspace/scratch/7755a98cf62b/HOL-release/sigobj
Building directory src/num/theories/cv_compute [08 Oct, 12:30:27]
Uploading files to /workspace/scratch/7755a98cf62b/HOL-release/sigobj
Building directory src/num/reduce/conv [08 Oct, 12:30:28]
Uploading files to /workspace/scratch/7755a98cf62b/HOL-release/sigobj
Building directory src/num/reduce/src [08 Oct, 12:30:28]
Starting work on normalizerTheory
Starting work on reduceTheory
reduceTheory                                                        (1s)     OK
normalizerTheory                                                    (3s)     OK
Uploading files to /workspace/scratch/7755a98cf62b/HOL-release/sigobj
Building directory src/num/arith/src [08 Oct, 12:30:34]
Uploading files to /workspace/scratch/7755a98cf62b/HOL-release/sigobj
Building directory src/num [08 Oct, 12:30:35]
Uploading files to /workspace/scratch/7755a98cf62b/HOL-release/sigobj
Building directory src/num/termination [08 Oct, 12:30:35]
Starting work on numheap
numheap                                                             (8s)     OK
Uploading files to /workspace/scratch/7755a98cf62b/HOL-release/sigobj
Building directory src/num/extra_theories [08 Oct, 12:30:44]
Starting work on logrootTheory
Starting work on dividesTheory
dividesTheory                                                       (1s)     OK
Starting work on gcdTheory
logrootTheory                                                       (2s)     OK
Starting work on bitTheory
gcdTheory                                                           (2s)     OK
Starting work on numpairTheory
bitTheory                                                           (2s)     OK
numpairTheory                                                       (1s)     OK
Starting work on numeral_bitTheory
numeral_bitTheory                                                   (0s)     OK
Uploading files to /workspace/scratch/7755a98cf62b/HOL-release/sigobj
Building directory src/unwind [08 Oct, 12:30:52]
Uploading files to /workspace/scratch/7755a98cf62b/HOL-release/sigobj
Building directory src/pred_set/src [08 Oct, 12:30:53]
Starting work on pred_setTheory
pred_setTheory                                                     (13s)     OK
Starting work on fixedPointTheory
Starting work on gcdsetTheory
fixedPointTheory                                                    (1s)     OK
Starting work on permutesTheory
gcdsetTheory                                                        (1s)     OK
Starting work on set_relationTheory
permutesTheory                                                      (6s)     OK
Starting work on iterateTheory
set_relationTheory                                                  (8s)     OK
iterateTheory                                                       (4s)     OK
Uploading files to /workspace/scratch/7755a98cf62b/HOL-release/sigobj
Building directory src/datatype/record [08 Oct, 12:31:24]
Uploading files to /workspace/scratch/7755a98cf62b/HOL-release/sigobj
Building directory src/datatype [08 Oct, 12:31:24]
Starting work on ind_typeTheory
ind_typeTheory                                                      (0s)     OK
Uploading files to /workspace/scratch/7755a98cf62b/HOL-release/sigobj
Building directory src/monad [08 Oct, 12:31:26]
Uploading files to /workspace/scratch/7755a98cf62b/HOL-release/sigobj
Building directory src/list/src [08 Oct, 12:31:26]
Starting work on listTheory
listTheory                                                         (11s)     OK
Starting work on rich_listTheory
Starting work on listRangeTheory
listRangeTheory                                                     (2s)     OK
rich_listTheory                                                     (8s)     OK
Starting work on indexedListsTheory
Starting work on nlistTheory
indexedListsTheory                                                  (2s)     OK
Starting work on numposrepTheory
nlistTheory                                                         (2s)     OK
numposrepTheory                                                     (3s)     OK
Uploading files to /workspace/scratch/7755a98cf62b/HOL-release/sigobj
Building directory src/quantHeuristics [08 Oct, 12:31:56]
Starting work on quantHeuristicsTheory
quantHeuristicsTheory                                               (4s)     OK
Uploading files to /workspace/scratch/7755a98cf62b/HOL-release/sigobj
Building directory src/pattern_matches [08 Oct, 12:32:02]
Starting work on patternMatchesTheory
patternMatchesTheory                                                (4s)     OK
Uploading files to /workspace/scratch/7755a98cf62b/HOL-release/sigobj
Building directory src/HolSat/vector_def_CNF [08 Oct, 12:32:08]
Starting work on defCNFTheory
defCNFTheory                                                        (1s)     OK
Uploading files to /workspace/scratch/7755a98cf62b/HOL-release/sigobj
Building directory src/boss/ml_evaluation [08 Oct, 12:32:11]
Uploading files to /workspace/scratch/7755a98cf62b/HOL-release/sigobj
Building directory src/opentheory/reader [08 Oct, 12:32:12]
Uploading files to /workspace/scratch/7755a98cf62b/HOL-release/sigobj
Building directory src/boss [08 Oct, 12:32:12]
Starting work on holTheory
holTheory                                                           (4s)     OK
Starting work on /workspace/scratch/7755a98cf62b/HOL-release/bin/hol.state
/workspace/scratch/7755a98cf62b/HOL-release/bin/hol.state           (7s)     OK
Uploading files to /workspace/scratch/7755a98cf62b/HOL-release/sigobj
Building directory src/AI [08 Oct, 12:32:25]
Uploading files to /workspace/scratch/7755a98cf62b/HOL-release/sigobj
Building directory src/AI/sml_inspection [08 Oct, 12:32:25]
Uploading files to /workspace/scratch/7755a98cf62b/HOL-release/sigobj
Building directory src/AI/proof_search [08 Oct, 12:32:26]
Uploading files to /workspace/scratch/7755a98cf62b/HOL-release/sigobj
Building directory src/AI/machine_learning [08 Oct, 12:32:26]
Uploading files to /workspace/scratch/7755a98cf62b/HOL-release/sigobj
Building directory src/tactictoe/src [08 Oct, 12:32:27]
Uploading files to /workspace/scratch/7755a98cf62b/HOL-release/sigobj
Building directory src/tactictoe/selftest [08 Oct, 12:32:27]
Uploading files to /workspace/scratch/7755a98cf62b/HOL-release/sigobj
Building directory src/holyhammer [08 Oct, 12:32:28]
Uploading files to /workspace/scratch/7755a98cf62b/HOL-release/sigobj

Number of states = 83
Number of distinct rows = 55
Approx. memory size of trans. table = 14080 bytes
/usr/bin/ld: warning: /tmp/polyobj.4424.o: missing .note.GNU-stack section implies executable stack
/usr/bin/ld: NOTE: This behaviour is deprecated and will be removed in a future version of the linker
/usr/bin/ld: warning: /tmp/polyobj.4445.o: missing .note.GNU-stack section implies executable stack
/usr/bin/ld: NOTE: This behaviour is deprecated and will be removed in a future version of the linker
Generating HTML and plain text versions of Docfiles...
[WARNING] This document format requires a nonempty <title> element.
  Defaulting to 'Abbrev.conv' as the title.
  To specify a title, use 'title' in metadata or --metadata title="...".
[WARNING] This document format requires a nonempty <title> element.
  Defaulting to 'Arith.ARITH_FORM_NORM_CONV' as the title.
  To specify a title, use 'title' in metadata or --metadata title="...".
[WARNING] This document format requires a nonempty <title> element.
  Defaulting to 'Arith.COND_ELIM_CONV' as the title.
  To specify a title, use 'title' in metadata or --metadata title="...".
[WARNING] This document format requires a nonempty <title> element.
  Defaulting to 'Arith.DISJ_INEQS_FALSE_CONV' as the title.
  To specify a title, use 'title' in metadata or --metadata title="...".
[WARNING] This document format requires a nonempty <title> element.
  Defaulting to 'Arith.EXISTS_ARITH_CONV' as the title.
  To specify a title, use 'title' in metadata or --metadata title="...".
[WARNING] This document format requires a nonempty <title> element.
  Defaulting to 'Arith.FORALL_ARITH_CONV' as the title.
  To specify a title, use 'title' in metadata or --metadata title="...".
[WARNING] This document format requires a nonempty <title> element.
  Defaulting to 'Arith.INSTANCE_T_CONV' as the title.
  To specify a title, use 'title' in metadata or --metadata title="...".
[WARNING] This document format requires a nonempty <title> element.
  Defaulting to 'Arith.NEGATE_CONV' as the title.
  To specify a title, use 'title' in metadata or --metadata title="...".
[WARNING] This document format requires a nonempty <title> element.
  Defaulting to 'Arith.PRENEX_CONV' as the title.
  To specify a title, use 'title' in metadata or --metadata title="...".
[WARNING] This document format requires a nonempty <title> element.
  Defaulting to 'Arith.SUB_AND_COND_ELIM_CONV' as the title.
  To specify a title, use 'title' in metadata or --metadata title="...".
[WARNING] This document format requires a nonempty <title> element.
  Defaulting to 'Arith.is_prenex' as the title.
  To specify a title, use 'title' in metadata or --metadata title="...".
[WARNING] This document format requires a nonempty <title> element.
  Defaulting to 'Arith.is_presburger' as the title.
  To specify a title, use 'title' in metadata or --metadata title="...".
[WARNING] This document format requires a nonempty <title> element.
  Defaulting to 'Arith.non_presburger_subterms' as the title.
  To specify a title, use 'title' in metadata or --metadata title="...".
[WARNING] This document format requires a nonempty <title> element.
  Defaulting to 'BasicProvers..IYG' as the title.
  To specify a title, use 'title' in metadata or --metadata title="...".
[WARNING] This document format requires a nonempty <title> element.
  Defaulting to 'BasicProvers.Abbr' as the title.
  To specify a title, use 'title' in metadata or --metadata title="...".
[WARNING] This document format requires a nonempty <title> element.
  Defaulting to 'BasicProvers.CASE_TAC' as the title.
  To specify a title, use 'title' in metadata or --metadata title="...".
[WARNING] This document format requires a nonempty <title> element.
  Defaulting to 'BasicProvers.Cases' as the title.
  To specify a title, use 'title' in metadata or --metadata title="...".
[WARNING] This document format requires a nonempty <title> element.
  Defaulting to 'BasicProvers.Cases_on' as the title.
  To specify a title, use 'title' in metadata or --metadata title="...".
[WARNING] This document format requires a nonempty <title> element.
  Defaulting to 'BasicProvers.Induct' as the title.
  To specify a title, use 'title' in metadata or --metadata title="...".
[WARNING] This document format requires a nonempty <title> element.
  Defaulting to 'BasicProvers.Induct_on' as the title.
  To specify a title, use 'title' in metadata or --metadata title="...".
[WARNING] This document format requires a nonempty <title> element.
  Defaulting to 'BasicProvers.PROVE' as the title.
  To specify a title, use 'title' in metadata or --metadata title="...".
[WARNING] This document format requires a nonempty <title> element.
  Defaulting to 'BasicProvers.PROVE_TAC' as the title.
  To specify a title, use 'title' in metadata or --metadata title="...".
[WARNING] This document format requires a nonempty <title> element.
  Defaulting to 'BasicProvers.PURE_CASE_TAC' as the title.
  To specify a title, use 'title' in metadata or --metadata title="...".
[WARNING] This document format requires a nonempty <title> element.
  Defaulting to 'BasicProvers.RW_TAC' as the title.
  To specify a title, use 'title' in metadata or --metadata title="...".
[WARNING] This document format requires a nonempty <title> element.
  Defaulting to 'BasicProvers.SRW_TAC' as the title.
  To specify a title, use 'title' in metadata or --metadata title="...".
[WARNING] This document format requires a nonempty <title> element.
  Defaulting to 'BasicProvers.VAR_EQ_TAC' as the title.
  To specify a title, use 'title' in metadata or --metadata title="...".
[WARNING] This document format requires a nonempty <title> element.
  Defaulting to 'BasicProvers.augment_srw_ss' as the title.
  To specify a title, use 'title' in metadata or --metadata title="...".
[WARNING] This document format requires a nonempty <title> element.
  Defaulting to 'BasicProvers.bool_ss' as the title.
  To specify a title, use 'title' in metadata or --metadata title="...".
[WARNING] This document format requires a nonempty <title> element.
  Defaulting to 'BasicProvers.diminish_srw_ss' as the title.
  To specify a title, use 'title' in metadata or --metadata title="...".
[WARNING] This document format requires a nonempty <title> element.
  Defaulting to 'BasicProvers.export_rewrites' as the title.
  To specify a title, use 'title' in metadata or --metadata title="...".
[WARNING] This document format requires a nonempty <title> element.
  Defaulting to 'BasicProvers.namedCases' as the title.
  To specify a title, use 'title' in metadata or --metadata title="...".
[WARNING] This document format requires a nonempty <title> element.
  Defaulting to 'BasicProvers.namedCases_on' as the title.
  To specify a title, use 'title' in metadata or --metadata title="...".
[WARNING] This document format requires a nonempty <title> element.
  Defaulting to 'BasicProvers.srw_ss' as the title.
  To specify a title, use 'title' in metadata or --metadata title="...".
[WARNING] This document format requires a nonempty <title> element.
  Defaulting to 'BasicProvers.thy_ssfrag' as the title.
  To specify a title, use 'title' in metadata or --metadata title="...".
[WARNING] This document format requires a nonempty <title> element.
  Defaulting to 'BoundedRewrites.Ntimes' as the title.
  To specify a title, use 'title' in metadata or --metadata title="...".
[WARNING] This document format requires a nonempty <title> element.
  Defaulting to 'BoundedRewrites.Once' as the title.
  To specify a title, use 'title' in metadata or --metadata title="...".
[WARNING] This document format requires a nonempty <title> element.
  Defaulting to 'Cond_rewrite.COND_REWRITE1_CONV' as the title.
  To specify a title, use 'title' in metadata or --metadata title="...".
[WARNING] This document format requires a nonempty <title> element.
  Defaulting to 'Cond_rewrite.COND_REWRITE1_TAC' as the title.
  To specify a title, use 'title' in metadata or --metadata title="...".
[WARNING] This document format requires a nonempty <title> element.
  Defaulting to 'Cond_rewrite.COND_REWR_CANON' as the title.
  To specify a title, use 'title' in metadata or --metadata title="...".
[WARNING] This document format requires a nonempty <title> element.
  Defaulting to 'Cond_rewrite.COND_REWR_CONV' as the title.
  To specify a title, use 'title' in metadata or --metadata title="...".
[WARNING] This document format requires a nonempty <title> element.
  Defaulting to 'Cond_rewrite.COND_REWR_TAC' as the title.
  To specify a title, use 'title' in metadata or --metadata title="...".
[WARNING] This document format requires a nonempty <title> element.
  Defaulting to 'Cond_rewrite.search_top_down' as the title.
  To specify a title, use 'title' in metadata or --metadata title="...".
[WARNING] This document format requires a nonempty <title> element.
  Defaulting to 'ConseqConv.CHANGED_CONSEQ_CONV' as the title.
  To specify a title, use 'title' in metadata or --metadata title="...".
[WARNING] This document format requires a nonempty <title> element.
  Defaulting to 'ConseqConv.CONSEQ_CONV_TAC' as the title.
  To specify a title, use 'title' in metadata or --metadata title="...".
[WARNING] This document format requires a nonempty <title> element.
  Defaulting to 'ConseqConv.CONSEQ_CONV_direction' as the title.
  To specify a title, use 'title' in metadata or --metadata title="...".
[WARNING] This document format requires a nonempty <title> element.
  Defaulting to 'ConseqConv.CONSEQ_REWRITE_CONV' as the title.
  To specify a title, use 'title' in metadata or --metadata title="...".
[WARNING] This document format requires a nonempty <title> element.
  Defaulting to 'ConseqConv.CONSEQ_TOP_REWRITE_CONV' as the title.
  To specify a title, use 'title' in metadata or --metadata title="...".
[WARNING] This document format requires a nonempty <title> element.
  Defaulting to 'ConseqConv.DEPTH_CONSEQ_CONV' as the title.
  To specify a title, use 'title' in metadata or --metadata title="...".
[WARNING] This document format requires a nonempty <title> element.
  Defaulting to 'ConseqConv.DEPTH_STRENGTHEN_CONSEQ_CONV' as the title.
  To specify a title, use 'title' in metadata or --metadata title="...".
[WARNING] This document format requires a nonempty <title> element.
  Defaulting to 'ConseqConv.EVERY_CONSEQ_CONV' as the title.
  To specify a title, use 'title' in metadata or --metadata title="...".
[WARNING] This document format requires a nonempty <title> element.
  Defaulting to 'ConseqConv.EXISTS_CONSEQ_CONV' as the title.
  To specify a title, use 'title' in metadata or --metadata title="...".
[WARNING] This document format requires a nonempty <title> element.
  Defaulting to 'ConseqConv.EXISTS_EQ___CONSEQ_CONV' as the title.
  To specify a title, use 'title' in metadata or --metadata title="...".
[WARNING] This document format requires a nonempty <title> element.
  Defaulting to 'ConseqConv.EXISTS_INTRO_IMP' as the title.
  To specify a title, use 'title' in metadata or --metadata title="...".
[WARNING] This document format requires a nonempty <title> element.
  Defaulting to 'ConseqConv.EXT_CONSEQ_REWRITE_CONV' as the title.
  To specify a title, use 'title' in metadata or --metadata title="...".
[WARNING] This document format requires a nonempty <title> element.
  Defaulting to 'ConseqConv.EXT_DEPTH_CONSEQ_CONV' as the title.
  To specify a title, use 'title' in metadata or --metadata title="...".
[WARNING] This document format requires a nonempty <title> element.
  Defaulting to 'ConseqConv.FALSE_CONSEQ_CONV' as the title.
  To specify a title, use 'title' in metadata or --metadata title="...".
[WARNING] This document format requires a nonempty <title> element.
  Defaulting to 'ConseqConv.FIRST_CONSEQ_CONV' as the title.
  To specify a title, use 'title' in metadata or --metadata title="...".
[WARNING] This document format requires a nonempty <title> element.
  Defaulting to 'ConseqConv.FORALL_CONSEQ_CONV' as the title.
  To specify a title, use 'title' in metadata or --metadata title="...".
[WARNING] This document format requires a nonempty <title> element.
  Defaulting to 'ConseqConv.FORALL_EQ___CONSEQ_CONV' as the title.
  To specify a title, use 'title' in metadata or --metadata title="...".
[WARNING] This document format requires a nonempty <title> element.
  Defaulting to 'ConseqConv.GEN_ASSUM' as the title.
  To specify a title, use 'title' in metadata or --metadata title="...".
[WARNING] This document format requires a nonempty <title> element.
  Defaulting to 'ConseqConv.GEN_IMP' as the title.
  To specify a title, use 'title' in metadata or --metadata title="...".
[WARNING] This document format requires a nonempty <title> element.
  Defaulting to 'ConseqConv.NUM_DEPTH_CONSEQ_CONV' as the title.
  To specify a title, use 'title' in metadata or --metadata title="...".
[WARNING] This document format requires a nonempty <title> element.
  Defaulting to 'ConseqConv.ONCE_DEPTH_CONSEQ_CONV' as the title.
  To specify a title, use 'title' in metadata or --metadata title="...".
[WARNING] This document format requires a nonempty <title> element.
  Defaulting to 'ConseqConv.ORELSE_CONSEQ_CONV' as the title.
  To specify a title, use 'title' in metadata or --metadata title="...".
[WARNING] This document format requires a nonempty <title> element.
  Defaulting to 'ConseqConv.QCHANGED_CONSEQ_CONV' as the title.
  To specify a title, use 'title' in metadata or --metadata title="...".
[WARNING] This document format requires a nonempty <title> element.
  Defaulting to 'ConseqConv.QUANT_CONSEQ_CONV' as the title.
  To specify a title, use 'title' in metadata or --metadata title="...".
[WARNING] This document format requires a nonempty <title> element.
  Defaulting to 'ConseqConv.REDEPTH_CONSEQ_CONV' as the title.
  To specify a title, use 'title' in metadata or --metadata title="...".
[WARNING] This document format requires a nonempty <title> element.
  Defaulting to 'ConseqConv.REFL_CONSEQ_CONV' as the title.
  To specify a title, use 'title' in metadata or --metadata title="...".
[WARNING] This document format requires a nonempty <title> element.
  Defaulting to 'ConseqConv.SPEC_ALL_TAC' as the title.
  To specify a title, use 'title' in metadata or --metadata title="...".
[WARNING] This document format requires a nonempty <title> element.
  Defaulting to 'ConseqConv.STRENGTHEN_CONSEQ_CONV_RULE' as the title.
  To specify a title, use 'title' in metadata or --metadata title="...".
[WARNING] This document format requires a nonempty <title> element.
  Defaulting to 'ConseqConv.THEN_CONSEQ_CONV' as the title.
  To specify a title, use 'title' in metadata or --metadata title="...".
[WARNING] This document format requires a nonempty <title> element.
  Defaulting to 'ConseqConv.TRUE_CONSEQ_CONV' as the title.
  To specify a title, use 'title' in metadata or --metadata title="...".
[WARNING] This document format requires a nonempty <title> element.
  Defaulting to 'ConseqConv.TRUE_FALSE_REFL_CONSEQ_CONV' as the title.
  To specify a title, use 'title' in metadata or --metadata title="...".
[WARNING] This document format requires a nonempty <title> element.
  Defaulting to 'ConseqConv.WEAKEN_CONSEQ_CONV_RULE' as the title.
  To specify a title, use 'title' in metadata or --metadata title="...".
[WARNING] This document format requires a nonempty <title> element.
  Defaulting to 'ConseqConv.conseq_conv' as the title.
  To specify a title, use 'title' in metadata or --metadata title="...".
[WARNING] This document format requires a nonempty <title> element.
  Defaulting to 'ConseqConv.directed_conseq_conv' as the title.
  To specify a title, use 'title' in metadata or --metadata title="...".
[WARNING] This document format requires a nonempty <title> element.
  Defaulting to 'Conv.ABS_CONV' as the title.
  To specify a title, use 'title' in metadata or --metadata title="...".
[WARNING] This document format requires a nonempty <title> element.
  Defaulting to 'Conv.AC_CONV' as the title.
  To specify a title, use 'title' in metadata or --metadata title="...".
[WARNING] This document format requires a nonempty <title> element.
  Defaulting to 'Conv.ALL_CONV' as the title.
  To specify a title, use 'title' in metadata or --metadata title="...".
[WARNING] This document format requires a nonempty <title> element.
  Defaulting to 'Conv.AND_EXISTS_CONV' as the title.
  To specify a title, use 'title' in metadata or --metadata title="...".
[WARNING] This document format requires a nonempty <title> element.
  Defaulting to 'Conv.AND_FORALL_CONV' as the title.
  To specify a title, use 'title' in metadata or --metadata title="...".
[WARNING] This document format requires a nonempty <title> element.
  Defaulting to 'Conv.ANTE_CONJ_CONV' as the title.
  To specify a title, use 'title' in metadata or --metadata title="...".
[WARNING] This document format requires a nonempty <title> element.
  Defaulting to 'Conv.BETA_RULE' as the title.
  To specify a title, use 'title' in metadata or --metadata title="...".
[WARNING] This document format requires a nonempty <title> element.
  Defaulting to 'Conv.BINDER_CONV' as the title.
  To specify a title, use 'title' in metadata or --metadata title="...".
[WARNING] This document format requires a nonempty <title> element.
  Defaulting to 'Conv.BINOP_CONV' as the title.
  To specify a title, use 'title' in metadata or --metadata title="...".
[WARNING] This document format requires a nonempty <title> element.
  Defaulting to 'Conv.CHANGED_CONV' as the title.
  To specify a title, use 'title' in metadata or --metadata title="...".
[WARNING] This document format requires a nonempty <title> element.
  Defaulting to 'Conv.COMB2_CONV' as the title.
  To specify a title, use 'title' in metadata or --metadata title="...".
[WARNING] This document format requires a nonempty <title> element.
  Defaulting to 'Conv.COMB_CONV' as the title.
  To specify a title, use 'title' in metadata or --metadata title="...".
[WARNING] This document format requires a nonempty <title> element.
  Defaulting to 'Conv.COND_CONV' as the title.
  To specify a title, use 'title' in metadata or --metadata title="...".
[WARNING] This document format requires a nonempty <title> element.
  Defaulting to 'Conv.CONTRAPOS_CONV' as the title.
  To specify a title, use 'title' in metadata or --metadata title="...".
[WARNING] This document format requires a nonempty <title> element.
  Defaulting to 'Conv.CONV_RULE' as the title.
  To specify a title, use 'title' in metadata or --metadata title="...".
[WARNING] This document format requires a nonempty <title> element.
  Defaulting to 'Conv.DEPTH_CONV' as the title.
  To specify a title, use 'title' in metadata or --metadata title="...".
[WARNING] This document format requires a nonempty <title> element.
  Defaulting to 'Conv.EVERY_CONJ_CONV' as the title.
  To specify a title, use 'title' in metadata or --metadata title="...".
[WARNING] This document format requires a nonempty <title> element.
  Defaulting to 'Conv.EVERY_CONV' as the title.
  To specify a title, use 'title' in metadata or --metadata title="...".
[WARNING] This document format requires a nonempty <title> element.
  Defaulting to 'Conv.EVERY_DISJ_CONV' as the title.
  To specify a title, use 'title' in metadata or --metadata title="...".
[WARNING] This document format requires a nonempty <title> element.
  Defaulting to 'Conv.EXISTENCE' as the title.
  To specify a title, use 'title' in metadata or --metadata title="...".
[WARNING] This document format requires a nonempty <title> element.
  Defaulting to 'Conv.EXISTS_AND_CONV' as the title.
  To specify a title, use 'title' in metadata or --metadata title="...".
[WARNING] This document format requires a nonempty <title> element.
  Defaulting to 'Conv.EXISTS_AND_REORDER_CONV' as the title.
  To specify a title, use 'title' in metadata or --metadata title="...".
[WARNING] This document format requires a nonempty <title> element.
  Defaulting to 'Conv.EXISTS_IMP_CONV' as the title.
  To specify a title, use 'title' in metadata or --metadata title="...".
[WARNING] This document format requires a nonempty <title> element.
  Defaulting to 'Conv.EXISTS_NOT_CONV' as the title.
  To specify a title, use 'title' in metadata or --metadata title="...".
[WARNING] This document format requires a nonempty <title> element.
  Defaulting to 'Conv.EXISTS_OR_CONV' as the title.
  To specify a title, use 'title' in metadata or --metadata title="...".
[WARNING] This document format requires a nonempty <title> element.
  Defaulting to 'Conv.EXISTS_UNIQUE_CONV' as the title.
  To specify a title, use 'title' in metadata or --metadata title="...".
[WARNING] This document format requires a nonempty <title> element.
  Defaulting to 'Conv.FIRST_CONV' as the title.
  To specify a title, use 'title' in metadata or --metadata title="...".
[WARNING] This document format requires a nonempty <title> element.
  Defaulting to 'Conv.FORALL_AND_CONV' as the title.
  To specify a title, use 'title' in metadata or --metadata title="...".
[WARNING] This document format requires a nonempty <title> element.
  Defaulting to 'Conv.FORALL_IMP_CONV' as the title.
  To specify a title, use 'title' in metadata or --metadata title="...".
[WARNING] This document format requires a nonempty <title> element.
  Defaulting to 'Conv.FORALL_NOT_CONV' as the title.
  To specify a title, use 'title' in metadata or --metadata title="...".
[WARNING] This document format requires a nonempty <title> element.
  Defaulting to 'Conv.FORALL_OR_CONV' as the title.
  To specify a title, use 'title' in metadata or --metadata title="...".
[WARNING] This document format requires a nonempty <title> element.
  Defaulting to 'Conv.FORK_CONV' as the title.
  To specify a title, use 'title' in metadata or --metadata title="...".
[WARNING] This document format requires a nonempty <title> element.
  Defaulting to 'Conv.FUN_EQ_CONV' as the title.
  To specify a title, use 'title' in metadata or --metadata title="...".
[WARNING] This document format requires a nonempty <title> element.
  Defaulting to 'Conv.GSYM' as the title.
  To specify a title, use 'title' in metadata or --metadata title="...".
[WARNING] This document format requires a nonempty <title> element.
  Defaulting to 'Conv.HYP_CONV_RULE' as the title.
  To specify a title, use 'title' in metadata or --metadata title="...".
[WARNING] This document format requires a nonempty <title> element.
  Defaulting to 'Conv.IFC' as the title.
  To specify a title, use 'title' in metadata or --metadata title="...".
[WARNING] This document format requires a nonempty <title> element.
  Defaulting to 'Conv.LAND_CONV' as the title.
  To specify a title, use 'title' in metadata or --metadata title="...".
[WARNING] This document format requires a nonempty <title> element.
  Defaulting to 'Conv.LAST_EXISTS_CONV' as the title.
  To specify a title, use 'title' in metadata or --metadata title="...".
[WARNING] This document format requires a nonempty <title> element.
  Defaulting to 'Conv.LAST_FORALL_CONV' as the title.
  To specify a title, use 'title' in metadata or --metadata title="...".
[WARNING] This document format requires a nonempty <title> element.
  Defaulting to 'Conv.LEFT_AND_EXISTS_CONV' as the title.
  To specify a title, use 'title' in metadata or --metadata title="...".
[WARNING] This document format requires a nonempty <title> element.
  Defaulting to 'Conv.LEFT_AND_FORALL_CONV' as the title.
  To specify a title, use 'title' in metadata or --metadata title="...".
[WARNING] This document format requires a nonempty <title> element.
  Defaulting to 'Conv.LEFT_IMP_EXISTS_CONV' as the title.
  To specify a title, use 'title' in metadata or --metadata title="...".
[WARNING] This document format requires a nonempty <title> element.
  Defaulting to 'Conv.LEFT_IMP_FORALL_CONV' as the title.
  To specify a title, use 'title' in metadata or --metadata title="...".
[WARNING] This document format requires a nonempty <title> element.
  Defaulting to 'Conv.LEFT_OR_EXISTS_CONV' as the title.
  To specify a title, use 'title' in metadata or --metadata title="...".
[WARNING] This document format requires a nonempty <title> element.
  Defaulting to 'Conv.LEFT_OR_FORALL_CONV' as the title.
  To specify a title, use 'title' in metadata or --metadata title="...".
[WARNING] This document format requires a nonempty <title> element.
  Defaulting to 'Conv.LHS_CONV' as the title.
  To specify a title, use 'title' in metadata or --metadata title="...".
[WARNING] This document format requires a nonempty <title> element.
  Defaulting to 'Conv.MP_CONV' as the title.
  To specify a title, use 'title' in metadata or --metadata title="...".
[WARNING] This document format requires a nonempty <title> element.
  Defaulting to 'Conv.NOT_EXISTS_CONV' as the title.
  To specify a title, use 'title' in metadata or --metadata title="...".
[WARNING] This document format requires a nonempty <title> element.
  Defaulting to 'Conv.NOT_FORALL_CONV' as the title.
  To specify a title, use 'title' in metadata or --metadata title="...".
[WARNING] This document format requires a nonempty <title> element.
  Defaulting to 'Conv.NO_CONV' as the title.
  To specify a title, use 'title' in metadata or --metadata title="...".
[WARNING] This document format requires a nonempty <title> element.
  Defaulting to 'Conv.ONCE_DEPTH_CONV' as the title.
  To specify a title, use 'title' in metadata or --metadata title="...".
[WARNING] This document format requires a nonempty <title> element.
  Defaulting to 'Conv.ORELSEC' as the title.
  To specify a title, use 'title' in metadata or --metadata title="...".
[WARNING] This document format requires a nonempty <title> element.
  Defaulting to 'Conv.OR_EXISTS_CONV' as the title.
  To specify a title, use 'title' in metadata or --metadata title="...".
[WARNING] This document format requires a nonempty <title> element.
  Defaulting to 'Conv.OR_FORALL_CONV' as the title.
  To specify a title, use 'title' in metadata or --metadata title="...".
[WARNING] This document format requires a nonempty <title> element.
  Defaulting to 'Conv.PATH_CONV' as the title.
  To specify a title, use 'title' in metadata or --metadata title="...".
[WARNING] This document format requires a nonempty <title> element.
  Defaulting to 'Conv.PAT_CONV' as the title.
  To specify a title, use 'title' in metadata or --metadata title="...".
[WARNING] This document format requires a nonempty <title> element.
  Defaulting to 'Conv.QCHANGED_CONV' as the title.
  To specify a title, use 'title' in metadata or --metadata title="...".
[WARNING] This document format requires a nonempty <title> element.
  Defaulting to 'Conv.QCONV' as the title.
  To specify a title, use 'title' in metadata or --metadata title="...".
[WARNING] This document format requires a nonempty <title> element.
  Defaulting to 'Conv.QUANT_CONV' as the title.
  To specify a title, use 'title' in metadata or --metadata title="...".
[WARNING] This document format requires a nonempty <title> element.
  Defaulting to 'Conv.RAND_CONV' as the title.
  To specify a title, use 'title' in metadata or --metadata title="...".
[WARNING] This document format requires a nonempty <title> element.
  Defaulting to 'Conv.RATOR_CONV' as the title.
  To specify a title, use 'title' in metadata or --metadata title="...".
[WARNING] This document format requires a nonempty <title> element.
  Defaulting to 'Conv.REDEPTH_CONV' as the title.
  To specify a title, use 'title' in metadata or --metadata title="...".
[WARNING] This document format requires a nonempty <title> element.
  Defaulting to 'Conv.RENAME_VARS_CONV' as the title.
  To specify a title, use 'title' in metadata or --metadata title="...".
[WARNING] This document format requires a nonempty <title> element.
  Defaulting to 'Conv.REPEATC' as the title.
  To specify a title, use 'title' in metadata or --metadata title="...".
[WARNING] This document format requires a nonempty <title> element.
  Defaulting to 'Conv.RESORT_EXISTS_CONV' as the title.
  To specify a title, use 'title' in metadata or --metadata title="...".
[WARNING] This document format requires a nonempty <title> element.
  Defaulting to 'Conv.RESORT_FORALL_CONV' as the title.
  To specify a title, use 'title' in metadata or --metadata title="...".
[WARNING] This document format requires a nonempty <title> element.
  Defaulting to 'Conv.REWR_CONV' as the title.
  To specify a title, use 'title' in metadata or --metadata title="...".
[WARNING] This document format requires a nonempty <title> element.
  Defaulting to 'Conv.REWR_CONV_A' as the title.
  To specify a title, use 'title' in metadata or --metadata title="...".
[WARNING] This document format requires a nonempty <title> element.
  Defaulting to 'Conv.RHS_CONV' as the title.
  To specify a title, use 'title' in metadata or --metadata title="...".
[WARNING] This document format requires a nonempty <title> element.
  Defaulting to 'Conv.RIGHT_AND_EXISTS_CONV' as the title.
  To specify a title, use 'title' in metadata or --metadata title="...".
[WARNING] This document format requires a nonempty <title> element.
  Defaulting to 'Conv.RIGHT_AND_FORALL_CONV' as the title.
  To specify a title, use 'title' in metadata or --metadata title="...".
[WARNING] This document format requires a nonempty <title> element.
  Defaulting to 'Conv.RIGHT_CONV_RULE' as the title.
  To specify a title, use 'title' in metadata or --metadata title="...".
[WARNING] This document format requires a nonempty <title> element.
  Defaulting to 'Conv.RIGHT_IMP_EXISTS_CONV' as the title.
  To specify a title, use 'title' in metadata or --metadata title="...".
[WARNING] This document format requires a nonempty <title> element.
  Defaulting to 'Conv.RIGHT_IMP_FORALL_CONV' as the title.
  To specify a title, use 'title' in metadata or --metadata title="...".
[WARNING] This document format requires a nonempty <title> element.
  Defaulting to 'Conv.RIGHT_OR_EXISTS_CONV' as the title.
  To specify a title, use 'title' in metadata or --metadata title="...".
[WARNING] This document format requires a nonempty <title> element.
  Defaulting to 'Conv.RIGHT_OR_FORALL_CONV' as the title.
  To specify a title, use 'title' in metadata or --metadata title="...".
[WARNING] This document format requires a nonempty <title> element.
  Defaulting to 'Conv.SELECT_CONV' as the title.
  To specify a title, use 'title' in metadata or --metadata title="...".
[WARNING] This document format requires a nonempty <title> element.
  Defaulting to 'Conv.SKOLEM_CONV' as the title.
  To specify a title, use 'title' in metadata or --metadata title="...".
[WARNING] This document format requires a nonempty <title> element.
  Defaulting to 'Conv.SPLICE_CONJ_CONV' as the title.
  To specify a title, use 'title' in metadata or --metadata title="...".
[WARNING] This document format requires a nonempty <title> element.
  Defaulting to 'Conv.STRIP_BINDER_CONV' as the title.
  To specify a title, use 'title' in metadata or --metadata title="...".
[WARNING] This document format requires a nonempty <title> element.
  Defaulting to 'Conv.STRIP_QUANT_CONV' as the title.
  To specify a title, use 'title' in metadata or --metadata title="...".
[WARNING] This document format requires a nonempty <title> element.
  Defaulting to 'Conv.SUB_CONV' as the title.
  To specify a title, use 'title' in metadata or --metadata title="...".
[WARNING] This document format requires a nonempty <title> element.
  Defaulting to 'Conv.SWAP_EXISTS_CONV' as the title.
  To specify a title, use 'title' in metadata or --metadata title="...".
[WARNING] This document format requires a nonempty <title> element.
  Defaulting to 'Conv.SYM_CONV' as the title.
  To specify a title, use 'title' in metadata or --metadata title="...".
[WARNING] This document format requires a nonempty <title> element.
  Defaulting to 'Conv.THENC' as the title.
  To specify a title, use 'title' in metadata or --metadata title="...".
[WARNING] This document format requires a nonempty <title> element.
  Defaulting to 'Conv.TOP_DEPTH_CONV' as the title.
  To specify a title, use 'title' in metadata or --metadata title="...".
[WARNING] This document format requires a nonempty <title> element.
  Defaulting to 'Conv.TRY_CONV' as the title.
  To specify a title, use 'title' in metadata or --metadata title="...".
[WARNING] This document format requires a nonempty <title> element.
  Defaulting to 'Conv.UNBETA_CONV' as the title.
  To specify a title, use 'title' in metadata or --metadata title="...".
[WARNING] This document format requires a nonempty <title> element.
  Defaulting to 'Conv.UNCHANGED' as the title.
  To specify a title, use 'title' in metadata or --metadata title="...".
[WARNING] This document format requires a nonempty <title> element.
  Defaulting to 'Conv.X_FUN_EQ_CONV' as the title.
  To specify a title, use 'title' in metadata or --metadata title="...".
[WARNING] This document format requires a nonempty <title> element.
  Defaulting to 'Conv.X_SKOLEM_CONV' as the title.
  To specify a title, use 'title' in metadata or --metadata title="...".
[WARNING] This document format requires a nonempty <title> element.
  Defaulting to 'Conv.bool_EQ_CONV' as the title.
  To specify a title, use 'title' in metadata or --metadata title="...".
[WARNING] This document format requires a nonempty <title> element.
  Defaulting to 'Count.apply' as the title.
  To specify a title, use 'title' in metadata or --metadata title="...".
[WARNING] This document format requires a nonempty <title> element.
  Defaulting to 'Count.inferences' as the title.
  To specify a title, use 'title' in metadata or --metadata title="...".
[WARNING] This document format requires a nonempty <title> element.
  Defaulting to 'Count.thm_count' as the title.
  To specify a title, use 'title' in metadata or --metadata title="...".
[WARNING] This document format requires a nonempty <title> element.
  Defaulting to 'DB.apropos' as the title.
  To specify a title, use 'title' in metadata or --metadata title="...".
[WARNING] This document format requires a nonempty <title> element.
  Defaulting to 'DB.apropos_in' as the title.
  To specify a title, use 'title' in metadata or --metadata title="...".
[WARNING] This document format requires a nonempty <title> element.
  Defaulting to 'DB.axioms' as the title.
  To specify a title, use 'title' in metadata or --metadata title="...".
[WARNING] This document format requires a nonempty <title> element.
  Defaulting to 'DB.class' as the title.
  To specify a title, use 'title' in metadata or --metadata title="...".
[WARNING] This document format requires a nonempty <title> element.
  Defaulting to 'DB.data' as the title.
  To specify a title, use 'title' in metadata or --metadata title="...".
[WARNING] This document format requires a nonempty <title> element.
  Defaulting to 'DB.definitions' as the title.
  To specify a title, use 'title' in metadata or --metadata title="...".
[WARNING] This document format requires a nonempty <title> element.
  Defaulting to 'DB.dest_theory' as the title.
  To specify a title, use 'title' in metadata or --metadata title="...".
[WARNING] This document format requires a nonempty <title> element.
  Defaulting to 'DB.fetch' as the title.
  To specify a title, use 'title' in metadata or --metadata title="...".
[WARNING] This document format requires a nonempty <title> element.
  Defaulting to 'DB.find' as the title.
  To specify a title, use 'title' in metadata or --metadata title="...".
[WARNING] This document format requires a nonempty <title> element.
  Defaulting to 'DB.find_consts' as the title.
  To specify a title, use 'title' in metadata or --metadata title="...".
[WARNING] This document format requires a nonempty <title> element.
  Defaulting to 'DB.find_consts_thy' as the title.
  To specify a title, use 'title' in metadata or --metadata title="...".
[WARNING] This document format requires a nonempty <title> element.
  Defaulting to 'DB.find_in' as the title.
  To specify a title, use 'title' in metadata or --metadata title="...".
[WARNING] This document format requires a nonempty <title> element.
  Defaulting to 'DB.listDB' as the title.
  To specify a title, use 'title' in metadata or --metadata title="...".
[WARNING] This document format requires a nonempty <title> element.
  Defaulting to 'DB.match' as the title.
  To specify a title, use 'title' in metadata or --metadata title="...".
[WARNING] This document format requires a nonempty <title> element.
  Defaulting to 'DB.matcher' as the title.
  To specify a title, use 'title' in metadata or --metadata title="...".
[WARNING] This document format requires a nonempty <title> element.
  Defaulting to 'DB.matches' as the title.
  To specify a title, use 'title' in metadata or --metadata title="...".
[WARNING] This document format requires a nonempty <title> element.
  Defaulting to 'DB.matchp' as the title.
  To specify a title, use 'title' in metadata or --metadata title="...".
[WARNING] This document format requires a nonempty <title> element.
  Defaulting to 'DB.selectDB' as the title.
  To specify a title, use 'title' in metadata or --metadata title="...".
[WARNING] This document format requires a nonempty <title> element.
  Defaulting to 'DB.theorems' as the title.
  To specify a title, use 'title' in metadata or --metadata title="...".
[WARNING] This document format requires a nonempty <title> element.
  Defaulting to 'DB.thms' as the title.
  To specify a title, use 'title' in metadata or --metadata title="...".
[WARNING] This document format requires a nonempty <title> element.
  Defaulting to 'DB.thy' as the title.
  To specify a title, use 'title' in metadata or --metadata title="...".
[WARNING] This document format requires a nonempty <title> element.
  Defaulting to 'Definition.gen_new_specification' as the title.
  To specify a title, use 'title' in metadata or --metadata title="...".
[WARNING] This document format requires a nonempty <title> element.
  Defaulting to 'Definition.new_definition' as the title.
  To specify a title, use 'title' in metadata or --metadata title="...".
[WARNING] This document format requires a nonempty <title> element.
  Defaulting to 'Definition.new_specification' as the title.
  To specify a title, use 'title' in metadata or --metadata title="...".
[WARNING] This document format requires a nonempty <title> element.
  Defaulting to 'Definition.new_type_definition' as the title.
  To specify a title, use 'title' in metadata or --metadata title="...".
[WARNING] This document format requires a nonempty <title> element.
  Defaulting to 'Defn.Hol_defn' as the title.
  To specify a title, use 'title' in metadata or --metadata title="...".
[WARNING] This document format requires a nonempty <title> element.
  Defaulting to 'Defn.tgoal' as the title.
  To specify a title, use 'title' in metadata or --metadata title="...".
[WARNING] This document format requires a nonempty <title> element.
  Defaulting to 'Defn.tprove' as the title.
  To specify a title, use 'title' in metadata or --metadata title="...".
[WARNING] This document format requires a nonempty <title> element.
  Defaulting to 'Drule..BQHIIUJXBNHIJTHRIH' as the title.
  To specify a title, use 'title' in metadata or --metadata title="...".
[WARNING] This document format requires a nonempty <title> element.
  Defaulting to 'Drule.ADD_ASSUM' as the title.
  To specify a title, use 'title' in metadata or --metadata title="...".
[WARNING] This document format requires a nonempty <title> element.
  Defaulting to 'Drule.ALPHA_CONV' as the title.
  To specify a title, use 'title' in metadata or --metadata title="...".
[WARNING] This document format requires a nonempty <title> element.
  Defaulting to 'Drule.ASSUME_CONJS' as the title.
  To specify a title, use 'title' in metadata or --metadata title="...".
[WARNING] This document format requires a nonempty <title> element.
  Defaulting to 'Drule.BODY_CONJUNCTS' as the title.
  To specify a title, use 'title' in metadata or --metadata title="...".
[WARNING] This document format requires a nonempty <title> element.
  Defaulting to 'Drule.CONJUNCTS' as the title.
  To specify a title, use 'title' in metadata or --metadata title="...".
[WARNING] This document format requires a nonempty <title> element.
  Defaulting to 'Drule.CONJUNCTS_AC' as the title.
  To specify a title, use 'title' in metadata or --metadata title="...".
[WARNING] This document format requires a nonempty <title> element.
  Defaulting to 'Drule.CONJ_DISCH' as the title.
  To specify a title, use 'title' in metadata or --metadata title="...".
[WARNING] This document format requires a nonempty <title> element.
  Defaulting to 'Drule.CONJ_DISCHL' as the title.
  To specify a title, use 'title' in metadata or --metadata title="...".
[WARNING] This document format requires a nonempty <title> element.
  Defaulting to 'Drule.CONJ_LIST' as the title.
  To specify a title, use 'title' in metadata or --metadata title="...".
[WARNING] This document format requires a nonempty <title> element.
  Defaulting to 'Drule.CONJ_PAIR' as the title.
  To specify a title, use 'title' in metadata or --metadata title="...".
[WARNING] This document format requires a nonempty <title> element.
  Defaulting to 'Drule.CONTR' as the title.
  To specify a title, use 'title' in metadata or --metadata title="...".
[WARNING] This document format requires a nonempty <title> element.
  Defaulting to 'Drule.CONTRAPOS' as the title.
  To specify a title, use 'title' in metadata or --metadata title="...".
[WARNING] This document format requires a nonempty <title> element.
  Defaulting to 'Drule.DISCH_ALL' as the title.
  To specify a title, use 'title' in metadata or --metadata title="...".
[WARNING] This document format requires a nonempty <title> element.
  Defaulting to 'Drule.DISJUNCTS_AC' as the title.
  To specify a title, use 'title' in metadata or --metadata title="...".
[WARNING] This document format requires a nonempty <title> element.
  Defaulting to 'Drule.DISJ_CASES_UNION' as the title.
  To specify a title, use 'title' in metadata or --metadata title="...".
[WARNING] This document format requires a nonempty <title> element.
  Defaulting to 'Drule.DISJ_IMP' as the title.
  To specify a title, use 'title' in metadata or --metadata title="...".
[WARNING] This document format requires a nonempty <title> element.
  Defaulting to 'Drule.EQF_ELIM' as the title.
  To specify a title, use 'title' in metadata or --metadata title="...".
[WARNING] This document format requires a nonempty <title> element.
  Defaulting to 'Drule.EQF_INTRO' as the title.
  To specify a title, use 'title' in metadata or --metadata title="...".
[WARNING] This document format requires a nonempty <title> element.
  Defaulting to 'Drule.EQT_ELIM' as the title.
  To specify a title, use 'title' in metadata or --metadata title="...".
[WARNING] This document format requires a nonempty <title> element.
  Defaulting to 'Drule.EQT_INTRO' as the title.
  To specify a title, use 'title' in metadata or --metadata title="...".
[WARNING] This document format requires a nonempty <title> element.
  Defaulting to 'Drule.ETA_CONV' as the title.
  To specify a title, use 'title' in metadata or --metadata title="...".
[WARNING] This document format requires a nonempty <title> element.
  Defaulting to 'Drule.EXISTS_EQ' as the title.
  To specify a title, use 'title' in metadata or --metadata title="...".
[WARNING] This document format requires a nonempty <title> element.
  Defaulting to 'Drule.EXISTS_IMP' as the title.
  To specify a title, use 'title' in metadata or --metadata title="...".
[WARNING] This document format requires a nonempty <title> element.
  Defaulting to 'Drule.EXISTS_LEFT' as the title.
  To specify a title, use 'title' in metadata or --metadata title="...".
[WARNING] This document format requires a nonempty <title> element.
  Defaulting to 'Drule.EXISTS_LEFT1' as the title.
  To specify a title, use 'title' in metadata or --metadata title="...".
[WARNING] This document format requires a nonempty <title> element.
  Defaulting to 'Drule.EXT' as the title.
  To specify a title, use 'title' in metadata or --metadata title="...".
[WARNING] This document format requires a nonempty <title> element.
  Defaulting to 'Drule.FORALL_EQ' as the title.
  To specify a title, use 'title' in metadata or --metadata title="...".
[WARNING] This document format requires a nonempty <title> element.
  Defaulting to 'Drule.FULL_GEN_TYVARIFY' as the title.
  To specify a title, use 'title' in metadata or --metadata title="...".
[WARNING] This document format requires a nonempty <title> element.
  Defaulting to 'Drule.GEN_ALL' as the title.
  To specify a title, use 'title' in metadata or --metadata title="...".
[WARNING] This document format requires a nonempty <title> element.
  Defaulting to 'Drule.GEN_ALPHA_CONV' as the title.
  To specify a title, use 'title' in metadata or --metadata title="...".
[WARNING] This document format requires a nonempty <title> element.
  Defaulting to 'Drule.GEN_TYVARIFY' as the title.
  To specify a title, use 'title' in metadata or --metadata title="...".
[WARNING] This document format requires a nonempty <title> element.
  Defaulting to 'Drule.GSPEC' as the title.
  To specify a title, use 'title' in metadata or --metadata title="...".
[WARNING] This document format requires a nonempty <title> element.
  Defaulting to 'Drule.IMP_ANTISYM_RULE' as the title.
  To specify a title, use 'title' in metadata or --metadata title="...".
[WARNING] This document format requires a nonempty <title> element.
  Defaulting to 'Drule.IMP_CANON' as the title.
  To specify a title, use 'title' in metadata or --metadata title="...".
[WARNING] This document format requires a nonempty <title> element.
  Defaulting to 'Drule.IMP_CONJ' as the title.
  To specify a title, use 'title' in metadata or --metadata title="...".
[WARNING] This document format requires a nonempty <title> element.
  Defaulting to 'Drule.IMP_ELIM' as the title.
  To specify a title, use 'title' in metadata or --metadata title="...".
[WARNING] This document format requires a nonempty <title> element.
  Defaulting to 'Drule.IMP_TRANS' as the title.
  To specify a title, use 'title' in metadata or --metadata title="...".
[WARNING] This document format requires a nonempty <title> element.
  Defaulting to 'Drule.INST_TT_HYPS' as the title.
  To specify a title, use 'title' in metadata or --metadata title="...".
[WARNING] This document format requires a nonempty <title> element.
  Defaulting to 'Drule.INST_TY_TERM' as the title.
  To specify a title, use 'title' in metadata or --metadata title="...".
[WARNING] This document format requires a nonempty <title> element.
  Defaulting to 'Drule.IRULE_CANON' as the title.
  To specify a title, use 'title' in metadata or --metadata title="...".
[WARNING] This document format requires a nonempty <title> element.
  Defaulting to 'Drule.ISPEC' as the title.
  To specify a title, use 'title' in metadata or --metadata title="...".
[WARNING] This document format requires a nonempty <title> element.
  Defaulting to 'Drule.ISPECL' as the title.
  To specify a title, use 'title' in metadata or --metadata title="...".
[WARNING] This document format requires a nonempty <title> element.
  Defaulting to 'Drule.LIST_BETA_CONV' as the title.
  To specify a title, use 'title' in metadata or --metadata title="...".
[WARNING] This document format requires a nonempty <title> element.
  Defaulting to 'Drule.LIST_CONJ' as the title.
  To specify a title, use 'title' in metadata or --metadata title="...".
[WARNING] This document format requires a nonempty <title> element.
  Defaulting to 'Drule.LIST_MK_EXISTS' as the title.
  To specify a title, use 'title' in metadata or --metadata title="...".
[WARNING] This document format requires a nonempty <title> element.
  Defaulting to 'Drule.LIST_MP' as the title.
  To specify a title, use 'title' in metadata or --metadata title="...".
[WARNING] This document format requires a nonempty <title> element.
  Defaulting to 'Drule.MATCH_MP' as the title.
  To specify a title, use 'title' in metadata or --metadata title="...".
[WARNING] This document format requires a nonempty <title> element.
  Defaulting to 'Drule.MK_ABS' as the title.
  To specify a title, use 'title' in metadata or --metadata title="...".
[WARNING] This document format requires a nonempty <title> element.
  Defaulting to 'Drule.MK_EXISTS' as the title.
  To specify a title, use 'title' in metadata or --metadata title="...".
[WARNING] This document format requires a nonempty <title> element.
  Defaulting to 'Drule.NEG_DISCH' as the title.
  To specify a title, use 'title' in metadata or --metadata title="...".
[WARNING] This document format requires a nonempty <title> element.
  Defaulting to 'Drule.NOT_EQ_SYM' as the title.
  To specify a title, use 'title' in metadata or --metadata title="...".
[WARNING] This document format requires a nonempty <title> element.
  Defaulting to 'Drule.PART_MATCH' as the title.
  To specify a title, use 'title' in metadata or --metadata title="...".
[WARNING] This document format requires a nonempty <title> element.
  Defaulting to 'Drule.PART_MATCH_A' as the title.
  To specify a title, use 'title' in metadata or --metadata title="...".
[WARNING] This document format requires a nonempty <title> element.
  Defaulting to 'Drule.PROVE_HYP' as the title.
  To specify a title, use 'title' in metadata or --metadata title="...".
[WARNING] This document format requires a nonempty <title> element.
  Defaulting to 'Drule.REORDER_ANTS' as the title.
  To specify a title, use 'title' in metadata or --metadata title="...".
[WARNING] This document format requires a nonempty <title> element.
  Defaulting to 'Drule.REORDER_ANTS_MOD' as the title.
  To specify a title, use 'title' in metadata or --metadata title="...".
[WARNING] This document format requires a nonempty <title> element.
  Defaulting to 'Drule.RES_CANON' as the title.
  To specify a title, use 'title' in metadata or --metadata title="...".
[WARNING] This document format requires a nonempty <title> element.
  Defaulting to 'Drule.RIGHT_BETA' as the title.
  To specify a title, use 'title' in metadata or --metadata title="...".
[WARNING] This document format requires a nonempty <title> element.
  Defaulting to 'Drule.RIGHT_ETA' as the title.
  To specify a title, use 'title' in metadata or --metadata title="...".
[WARNING] This document format requires a nonempty <title> element.
  Defaulting to 'Drule.RIGHT_LIST_BETA' as the title.
  To specify a title, use 'title' in metadata or --metadata title="...".
[WARNING] This document format requires a nonempty <title> element.
  Defaulting to 'Drule.SELECT_ELIM' as the title.
  To specify a title, use 'title' in metadata or --metadata title="...".
[WARNING] This document format requires a nonempty <title> element.
  Defaulting to 'Drule.SELECT_EQ' as the title.
  To specify a title, use 'title' in metadata or --metadata title="...".
[WARNING] This document format requires a nonempty <title> element.
  Defaulting to 'Drule.SELECT_INTRO' as the title.
  To specify a title, use 'title' in metadata or --metadata title="...".
[WARNING] This document format requires a nonempty <title> element.
  Defaulting to 'Drule.SELECT_RULE' as the title.
  To specify a title, use 'title' in metadata or --metadata title="...".
[WARNING] This document format requires a nonempty <title> element.
  Defaulting to 'Drule.SIMPLE_EXISTS' as the title.
  To specify a title, use 'title' in metadata or --metadata title="...".
[WARNING] This document format requires a nonempty <title> element.
  Defaulting to 'Drule.SPECL' as the title.
  To specify a title, use 'title' in metadata or --metadata title="...".
[WARNING] This document format requires a nonempty <title> element.
  Defaulting to 'Drule.SPEC_ALL' as the title.
  To specify a title, use 'title' in metadata or --metadata title="...".
[WARNING] This document format requires a nonempty <title> element.
  Defaulting to 'Drule.SPEC_UNDISCH_EXL' as the title.
  To specify a title, use 'title' in metadata or --metadata title="...".
[WARNING] This document format requires a nonempty <title> element.
  Defaulting to 'Drule.SPEC_VAR' as the title.
  To specify a title, use 'title' in metadata or --metadata title="...".
[WARNING] This document format requires a nonempty <title> element.
  Defaulting to 'Drule.SUBS' as the title.
  To specify a title, use 'title' in metadata or --metadata title="...".
[WARNING] This document format requires a nonempty <title> element.
  Defaulting to 'Drule.SUBST_CONV' as the title.
  To specify a title, use 'title' in metadata or --metadata title="...".
[WARNING] This document format requires a nonempty <title> element.
  Defaulting to 'Drule.SUBS_OCCS' as the title.
  To specify a title, use 'title' in metadata or --metadata title="...".
[WARNING] This document format requires a nonempty <title> element.
  Defaulting to 'Drule.UNDISCH' as the title.
  To specify a title, use 'title' in metadata or --metadata title="...".
[WARNING] This document format requires a nonempty <title> element.
  Defaulting to 'Drule.UNDISCH_ALL' as the title.
  To specify a title, use 'title' in metadata or --metadata title="...".
[WARNING] This document format requires a nonempty <title> element.
  Defaulting to 'Drule.UNDISCH_SPLIT' as the title.
  To specify a title, use 'title' in metadata or --metadata title="...".
[WARNING] This document format requires a nonempty <title> element.
  Defaulting to 'Drule.UNDISCH_TM' as the title.
  To specify a title, use 'title' in metadata or --metadata title="...".
[WARNING] This document format requires a nonempty <title> element.
  Defaulting to 'Drule.cj' as the title.
  To specify a title, use 'title' in metadata or --metadata title="...".
[WARNING] This document format requires a nonempty <title> element.
  Defaulting to 'Drule.define_new_type_bijections' as the title.
  To specify a title, use 'title' in metadata or --metadata title="...".
[WARNING] This document format requires a nonempty <title> element.
  Defaulting to 'Drule.iffLR' as the title.
  To specify a title, use 'title' in metadata or --metadata title="...".
[WARNING] This document format requires a nonempty <title> element.
  Defaulting to 'Drule.iffRL' as the title.
  To specify a title, use 'title' in metadata or --metadata title="...".
[WARNING] This document format requires a nonempty <title> element.
  Defaulting to 'Drule.pp' as the title.
  To specify a title, use 'title' in metadata or --metadata title="...".
[WARNING] This document format requires a nonempty <title> element.
  Defaulting to 'Drule.prove_abs_fn_one_one' as the title.
  To specify a title, use 'title' in metadata or --metadata title="...".
[WARNING] This document format requires a nonempty <title> element.
  Defaulting to 'Drule.prove_abs_fn_onto' as the title.
  To specify a title, use 'title' in metadata or --metadata title="...".
[WARNING] This document format requires a nonempty <title> element.
  Defaulting to 'Drule.prove_rep_fn_one_one' as the title.
  To specify a title, use 'title' in metadata or --metadata title="...".
[WARNING] This document format requires a nonempty <title> element.
  Defaulting to 'Drule.prove_rep_fn_onto' as the title.
  To specify a title, use 'title' in metadata or --metadata title="...".
[WARNING] This document format requires a nonempty <title> element.
  Defaulting to 'Drule.underAIs' as the title.
  To specify a title, use 'title' in metadata or --metadata title="...".
[WARNING] This document format requires a nonempty <title> element.
  Defaulting to 'EmitTeX.datatype_theorems' as the title.
  To specify a title, use 'title' in metadata or --metadata title="...".
[WARNING] This document format requires a nonempty <title> element.
  Defaulting to 'EmitTeX.datatype_thm_to_string' as the title.
  To specify a title, use 'title' in metadata or --metadata title="...".
[WARNING] This document format requires a nonempty <title> element.
  Defaulting to 'EmitTeX.non_type_definitions' as the title.
  To specify a title, use 'title' in metadata or --metadata title="...".
[WARNING] This document format requires a nonempty <title> element.
  Defaulting to 'EmitTeX.non_type_theorems' as the title.
  To specify a title, use 'title' in metadata or --metadata title="...".
[WARNING] This document format requires a nonempty <title> element.
  Defaulting to 'EmitTeX.print_datatypes' as the title.
  To specify a title, use 'title' in metadata or --metadata title="...".
[WARNING] This document format requires a nonempty <title> element.
  Defaulting to 'EmitTeX.print_term_as_tex' as the title.
  To specify a title, use 'title' in metadata or --metadata title="...".
[WARNING] This document format requires a nonempty <title> element.
  Defaulting to 'EmitTeX.print_theorem_as_tex' as the title.
  To specify a title, use 'title' in metadata or --metadata title="...".
[WARNING] This document format requires a nonempty <title> element.
  Defaulting to 'EmitTeX.print_theories_as_tex_doc' as the title.
  To specify a title, use 'title' in metadata or --metadata title="...".
[WARNING] This document format requires a nonempty <title> element.
  Defaulting to 'EmitTeX.print_theory_as_tex' as the title.
  To specify a title, use 'title' in metadata or --metadata title="...".
[WARNING] This document format requires a nonempty <title> element.
  Defaulting to 'EmitTeX.print_type_as_tex' as the title.
  To specify a title, use 'title' in metadata or --metadata title="...".
[WARNING] This document format requires a nonempty <title> element.
  Defaulting to 'EmitTeX.tex_theory' as the title.
  To specify a title, use 'title' in metadata or --metadata title="...".
[WARNING] This document format requires a nonempty <title> element.
  Defaulting to 'Feedback.ERR_outstream' as the title.
  To specify a title, use 'title' in metadata or --metadata title="...".
[WARNING] This document format requires a nonempty <title> element.
  Defaulting to 'Feedback.ERR_to_string' as the title.
  To specify a title, use 'title' in metadata or --metadata title="...".
[WARNING] This document format requires a nonempty <title> element.
  Defaulting to 'Feedback.HOL_ERR' as the title.
  To specify a title, use 'title' in metadata or --metadata title="...".
[WARNING] This document format requires a nonempty <title> element.
  Defaulting to 'Feedback.HOL_MESG' as the title.
  To specify a title, use 'title' in metadata or --metadata title="...".
[WARNING] This document format requires a nonempty <title> element.
  Defaulting to 'Feedback.HOL_WARNING' as the title.
  To specify a title, use 'title' in metadata or --metadata title="...".
[WARNING] This document format requires a nonempty <title> element.
  Defaulting to 'Feedback.MESG_outstream' as the title.
  To specify a title, use 'title' in metadata or --metadata title="...".
[WARNING] This document format requires a nonempty <title> element.
  Defaulting to 'Feedback.MESG_to_string' as the title.
  To specify a title, use 'title' in metadata or --metadata title="...".
[WARNING] This document format requires a nonempty <title> element.
  Defaulting to 'Feedback.Raise' as the title.
  To specify a title, use 'title' in metadata or --metadata title="...".
[WARNING] This document format requires a nonempty <title> element.
  Defaulting to 'Feedback.WARNING_outstream' as the title.
  To specify a title, use 'title' in metadata or --metadata title="...".
[WARNING] This document format requires a nonempty <title> element.
  Defaulting to 'Feedback.WARNING_to_string' as the title.
  To specify a title, use 'title' in metadata or --metadata title="...".
[WARNING] This document format requires a nonempty <title> element.
  Defaulting to 'Feedback.current_trace' as the title.
  To specify a title, use 'title' in metadata or --metadata title="...".
[WARNING] This document format requires a nonempty <title> element.
  Defaulting to 'Feedback.emit_ERR' as the title.
  To specify a title, use 'title' in metadata or --metadata title="...".
[WARNING] This document format requires a nonempty <title> element.
  Defaulting to 'Feedback.emit_MESG' as the title.
  To specify a title, use 'title' in metadata or --metadata title="...".
[WARNING] This document format requires a nonempty <title> element.
  Defaulting to 'Feedback.emit_WARNING' as the title.
  To specify a title, use 'title' in metadata or --metadata title="...".
[WARNING] This document format requires a nonempty <title> element.
  Defaulting to 'Feedback.error_record' as the title.
  To specify a title, use 'title' in metadata or --metadata title="...".
[WARNING] This document format requires a nonempty <title> element.
  Defaulting to 'Feedback.exn_to_string' as the title.
  To specify a title, use 'title' in metadata or --metadata title="...".
[WARNING] This document format requires a nonempty <title> element.
  Defaulting to 'Feedback.fail' as the title.
  To specify a title, use 'title' in metadata or --metadata title="...".
[WARNING] This document format requires a nonempty <title> element.
  Defaulting to 'Feedback.failwith' as the title.
  To specify a title, use 'title' in metadata or --metadata title="...".
[WARNING] This document format requires a nonempty <title> element.
  Defaulting to 'Feedback.format_ERR' as the title.
  To specify a title, use 'title' in metadata or --metadata title="...".
[WARNING] This document format requires a nonempty <title> element.
  Defaulting to 'Feedback.format_MESG' as the title.
  To specify a title, use 'title' in metadata or --metadata title="...".
[WARNING] This document format requires a nonempty <title> element.
  Defaulting to 'Feedback.format_WARNING' as the title.
  To specify a title, use 'title' in metadata or --metadata title="...".
[WARNING] This document format requires a nonempty <title> element.
  Defaulting to 'Feedback' as the title.
  To specify a title, use 'title' in metadata or --metadata title="...".
[WARNING] This document format requires a nonempty <title> element.
  Defaulting to 'Feedback.mk_HOL_ERR' as the title.
  To specify a title, use 'title' in metadata or --metadata title="...".
[WARNING] This document format requires a nonempty <title> element.
  Defaulting to 'Feedback.register_btrace' as the title.
  To specify a title, use 'title' in metadata or --metadata title="...".
[WARNING] This document format requires a nonempty <title> element.
  Defaulting to 'Feedback.register_ftrace' as the title.
  To specify a title, use 'title' in metadata or --metadata title="...".
[WARNING] This document format requires a nonempty <title> element.
  Defaulting to 'Feedback.register_trace' as the title.
  To specify a title, use 'title' in metadata or --metadata title="...".
[WARNING] This document format requires a nonempty <title> element.
  Defaulting to 'Feedback.reset_trace' as the title.
  To specify a title, use 'title' in metadata or --metadata title="...".
[WARNING] This document format requires a nonempty <title> element.
  Defaulting to 'Feedback.reset_traces' as the title.
  To specify a title, use 'title' in metadata or --metadata title="...".
[WARNING] This document format requires a nonempty <title> element.
  Defaulting to 'Feedback.set_trace' as the title.
  To specify a title, use 'title' in metadata or --metadata title="...".
[WARNING] This document format requires a nonempty <title> element.
  Defaulting to 'Feedback.trace' as the title.
  To specify a title, use 'title' in metadata or --metadata title="...".
[WARNING] This document format requires a nonempty <title> element.
  Defaulting to 'Feedback.traces' as the title.
  To specify a title, use 'title' in metadata or --metadata title="...".
[WARNING] This document format requires a nonempty <title> element.
  Defaulting to 'Feedback.wrap_exn' as the title.
  To specify a title, use 'title' in metadata or --metadata title="...".
[WARNING] This document format requires a nonempty <title> element.
  Defaulting to 'Globals.max_print_depth' as the title.
  To specify a title, use 'title' in metadata or --metadata title="...".
[WARNING] This document format requires a nonempty <title> element.
  Defaulting to 'Globals.max_print_length' as the title.
  To specify a title, use 'title' in metadata or --metadata title="...".
[WARNING] This document format requires a nonempty <title> element.
  Defaulting to 'Globals.release' as the title.
  To specify a title, use 'title' in metadata or --metadata title="...".
[WARNING] This document format requires a nonempty <title> element.
  Defaulting to 'Globals.show_tags' as the title.
  To specify a title, use 'title' in metadata or --metadata title="...".
[WARNING] This document format requires a nonempty <title> element.
  Defaulting to 'Globals.show_types' as the title.
  To specify a title, use 'title' in metadata or --metadata title="...".
[WARNING] This document format requires a nonempty <title> element.
  Defaulting to 'Globals.version' as the title.
  To specify a title, use 'title' in metadata or --metadata title="...".
[WARNING] This document format requires a nonempty <title> element.
  Defaulting to 'HolKernel.bvk_find_term' as the title.
  To specify a title, use 'title' in metadata or --metadata title="...".
[WARNING] This document format requires a nonempty <title> element.
  Defaulting to 'HolKernel.disch' as the title.
  To specify a title, use 'title' in metadata or --metadata title="...".
[WARNING] This document format requires a nonempty <title> element.
  Defaulting to 'HolKernel.find_term' as the title.
  To specify a title, use 'title' in metadata or --metadata title="...".
[WARNING] This document format requires a nonempty <title> element.
  Defaulting to 'HolKernel.find_terms' as the title.
  To specify a title, use 'title' in metadata or --metadata title="...".
[WARNING] This document format requires a nonempty <title> element.
  Defaulting to 'HolKernel.gen_find_term' as the title.
  To specify a title, use 'title' in metadata or --metadata title="...".
[WARNING] This document format requires a nonempty <title> element.
  Defaulting to 'HolKernel.gen_find_terms' as the title.
  To specify a title, use 'title' in metadata or --metadata title="...".
[WARNING] This document format requires a nonempty <title> element.
  Defaulting to 'HolKernel.sort_vars' as the title.
  To specify a title, use 'title' in metadata or --metadata title="...".
[WARNING] This document format requires a nonempty <title> element.
  Defaulting to 'HolKernel.subst_occs' as the title.
  To specify a title, use 'title' in metadata or --metadata title="...".
[WARNING] This document format requires a nonempty <title> element.
  Defaulting to 'HolKernel.syntax_fns' as the title.
  To specify a title, use 'title' in metadata or --metadata title="...".
[WARNING] This document format requires a nonempty <title> element.
  Defaulting to 'HolSatLib.SAT_PROVE' as the title.
  To specify a title, use 'title' in metadata or --metadata title="...".
[WARNING] This document format requires a nonempty <title> element.
  Defaulting to 'Hol_pp.print_theory' as the title.
  To specify a title, use 'title' in metadata or --metadata title="...".
[WARNING] This document format requires a nonempty <title> element.
  Defaulting to 'IndDefLib.Hol_reln' as the title.
  To specify a title, use 'title' in metadata or --metadata title="...".
[WARNING] This document format requires a nonempty <title> element.
  Defaulting to 'IndDefLib.export_mono' as the title.
  To specify a title, use 'title' in metadata or --metadata title="...".
[WARNING] This document format requires a nonempty <title> element.
  Defaulting to 'IndDefRules' as the title.
  To specify a title, use 'title' in metadata or --metadata title="...".
[WARNING] This document format requires a nonempty <title> element.
  Defaulting to 'Lexis.allowed_term_constant' as the title.
  To specify a title, use 'title' in metadata or --metadata title="...".
[WARNING] This document format requires a nonempty <title> element.
  Defaulting to 'Lexis.allowed_type_constant' as the title.
  To specify a title, use 'title' in metadata or --metadata title="...".
[WARNING] This document format requires a nonempty <title> element.
  Defaulting to 'Lib..AE' as the title.
  To specify a title, use 'title' in metadata or --metadata title="...".
[WARNING] This document format requires a nonempty <title> element.
  Defaulting to 'Lib.C' as the title.
  To specify a title, use 'title' in metadata or --metadata title="...".
[WARNING] This document format requires a nonempty <title> element.
  Defaulting to 'Lib.I' as the title.
  To specify a title, use 'title' in metadata or --metadata title="...".
[WARNING] This document format requires a nonempty <title> element.
  Defaulting to 'Lib.K' as the title.
  To specify a title, use 'title' in metadata or --metadata title="...".
[WARNING] This document format requires a nonempty <title> element.
  Defaulting to 'Lib.S' as the title.
  To specify a title, use 'title' in metadata or --metadata title="...".
[WARNING] This document format requires a nonempty <title> element.
  Defaulting to 'Lib.U' as the title.
  To specify a title, use 'title' in metadata or --metadata title="...".
[WARNING] This document format requires a nonempty <title> element.
  Defaulting to 'Lib.W' as the title.
  To specify a title, use 'title' in metadata or --metadata title="...".
[WARNING] This document format requires a nonempty <title> element.
  Defaulting to 'Lib.all' as the title.
  To specify a title, use 'title' in metadata or --metadata title="...".
[WARNING] This document format requires a nonempty <title> element.
  Defaulting to 'Lib.all2' as the title.
  To specify a title, use 'title' in metadata or --metadata title="...".
[WARNING] This document format requires a nonempty <title> element.
  Defaulting to 'Lib.append' as the title.
  To specify a title, use 'title' in metadata or --metadata title="...".
[WARNING] This document format requires a nonempty <title> element.
  Defaulting to 'Lib.assert' as the title.
  To specify a title, use 'title' in metadata or --metadata title="...".
[WARNING] This document format requires a nonempty <title> element.
  Defaulting to 'Lib.assert_exn' as the title.
  To specify a title, use 'title' in metadata or --metadata title="...".
[WARNING] This document format requires a nonempty <title> element.
  Defaulting to 'Lib.assoc' as the title.
  To specify a title, use 'title' in metadata or --metadata title="...".
[WARNING] This document format requires a nonempty <title> element.
  Defaulting to 'Lib.assoc1' as the title.
  To specify a title, use 'title' in metadata or --metadata title="...".
[WARNING] This document format requires a nonempty <title> element.
  Defaulting to 'Lib.assoc2' as the title.
  To specify a title, use 'title' in metadata or --metadata title="...".
[WARNING] This document format requires a nonempty <title> element.
  Defaulting to 'Lib.butlast' as the title.
  To specify a title, use 'title' in metadata or --metadata title="...".
[WARNING] This document format requires a nonempty <title> element.
  Defaulting to 'Lib.can' as the title.
  To specify a title, use 'title' in metadata or --metadata title="...".
[WARNING] This document format requires a nonempty <title> element.
  Defaulting to 'Lib.combine' as the title.
  To specify a title, use 'title' in metadata or --metadata title="...".
[WARNING] This document format requires a nonempty <title> element.
  Defaulting to 'Lib.commafy' as the title.
  To specify a title, use 'title' in metadata or --metadata title="...".
[WARNING] This document format requires a nonempty <title> element.
  Defaulting to 'Lib.cons' as the title.
  To specify a title, use 'title' in metadata or --metadata title="...".
[WARNING] This document format requires a nonempty <title> element.
  Defaulting to 'Lib.curry' as the title.
  To specify a title, use 'title' in metadata or --metadata title="...".
[WARNING] This document format requires a nonempty <title> element.
  Defaulting to 'Lib.delta' as the title.
  To specify a title, use 'title' in metadata or --metadata title="...".
[WARNING] This document format requires a nonempty <title> element.
  Defaulting to 'Lib.delta_apply' as the title.
  To specify a title, use 'title' in metadata or --metadata title="...".
[WARNING] This document format requires a nonempty <title> element.
  Defaulting to 'Lib.delta_map' as the title.
  To specify a title, use 'title' in metadata or --metadata title="...".
[WARNING] This document format requires a nonempty <title> element.
  Defaulting to 'Lib.delta_pair' as the title.
  To specify a title, use 'title' in metadata or --metadata title="...".
[WARNING] This document format requires a nonempty <title> element.
  Defaulting to 'Lib.el' as the title.
  To specify a title, use 'title' in metadata or --metadata title="...".
[WARNING] This document format requires a nonempty <title> element.
  Defaulting to 'Lib.end_itlist' as the title.
  To specify a title, use 'title' in metadata or --metadata title="...".
[WARNING] This document format requires a nonempty <title> element.
  Defaulting to 'Lib.end_time' as the title.
  To specify a title, use 'title' in metadata or --metadata title="...".
[WARNING] This document format requires a nonempty <title> element.
  Defaulting to 'Lib.enumerate' as the title.
  To specify a title, use 'title' in metadata or --metadata title="...".
[WARNING] This document format requires a nonempty <title> element.
  Defaulting to 'Lib.equal' as the title.
  To specify a title, use 'title' in metadata or --metadata title="...".
[WARNING] This document format requires a nonempty <title> element.
  Defaulting to 'Lib.exists' as the title.
  To specify a title, use 'title' in metadata or --metadata title="...".
[WARNING] This document format requires a nonempty <title> element.
  Defaulting to 'Lib.filter' as the title.
  To specify a title, use 'title' in metadata or --metadata title="...".
[WARNING] This document format requires a nonempty <title> element.
  Defaulting to 'Lib.first' as the title.
  To specify a title, use 'title' in metadata or --metadata title="...".
[WARNING] This document format requires a nonempty <title> element.
  Defaulting to 'Lib.flatten' as the title.
  To specify a title, use 'title' in metadata or --metadata title="...".
[WARNING] This document format requires a nonempty <title> element.
  Defaulting to 'Lib.for' as the title.
  To specify a title, use 'title' in metadata or --metadata title="...".
[WARNING] This document format requires a nonempty <title> element.
  Defaulting to 'Lib.for_se' as the title.
  To specify a title, use 'title' in metadata or --metadata title="...".
[WARNING] This document format requires a nonempty <title> element.
  Defaulting to 'Lib.front_last' as the title.
  To specify a title, use 'title' in metadata or --metadata title="...".
[WARNING] This document format requires a nonempty <title> element.
  Defaulting to 'Lib.fst' as the title.
  To specify a title, use 'title' in metadata or --metadata title="...".
[WARNING] This document format requires a nonempty <title> element.
  Defaulting to 'Lib.funpow' as the title.
  To specify a title, use 'title' in metadata or --metadata title="...".
[WARNING] This document format requires a nonempty <title> element.
  Defaulting to 'Lib.hash' as the title.
  To specify a title, use 'title' in metadata or --metadata title="...".
[WARNING] This document format requires a nonempty <title> element.
  Defaulting to 'Lib.hash2' as the title.
  To specify a title, use 'title' in metadata or --metadata title="...".
[WARNING] This document format requires a nonempty <title> element.
  Defaulting to 'Lib.index' as the title.
  To specify a title, use 'title' in metadata or --metadata title="...".
[WARNING] This document format requires a nonempty <title> element.
  Defaulting to 'Lib.insert' as the title.
  To specify a title, use 'title' in metadata or --metadata title="...".
[WARNING] This document format requires a nonempty <title> element.
  Defaulting to 'Lib.int_sort' as the title.
  To specify a title, use 'title' in metadata or --metadata title="...".
[WARNING] This document format requires a nonempty <title> element.
  Defaulting to 'Lib.int_to_string' as the title.
  To specify a title, use 'title' in metadata or --metadata title="...".
[WARNING] This document format requires a nonempty <title> element.
  Defaulting to 'Lib.intersect' as the title.
  To specify a title, use 'title' in metadata or --metadata title="...".
[WARNING] This document format requires a nonempty <title> element.
  Defaulting to 'Lib.istream' as the title.
  To specify a title, use 'title' in metadata or --metadata title="...".
[WARNING] This document format requires a nonempty <title> element.
  Defaulting to 'Lib.itlist' as the title.
  To specify a title, use 'title' in metadata or --metadata title="...".
[WARNING] This document format requires a nonempty <title> element.
  Defaulting to 'Lib.itlist2' as the title.
  To specify a title, use 'title' in metadata or --metadata title="...".
[WARNING] This document format requires a nonempty <title> element.
  Defaulting to 'Lib.last' as the title.
  To specify a title, use 'title' in metadata or --metadata title="...".
[WARNING] This document format requires a nonempty <title> element.
  Defaulting to 'Lib.list_compare' as the title.
  To specify a title, use 'title' in metadata or --metadata title="...".
[WARNING] This document format requires a nonempty <title> element.
  Defaulting to 'Lib.map2' as the title.
  To specify a title, use 'title' in metadata or --metadata title="...".
[WARNING] This document format requires a nonempty <title> element.
  Defaulting to 'Lib.mapfilter' as the title.
  To specify a title, use 'title' in metadata or --metadata title="...".
[WARNING] This document format requires a nonempty <title> element.
  Defaulting to 'Lib.maplet' as the title.
  To specify a title, use 'title' in metadata or --metadata title="...".
[WARNING] This document format requires a nonempty <title> element.
  Defaulting to 'Lib' as the title.
  To specify a title, use 'title' in metadata or --metadata title="...".
[WARNING] This document format requires a nonempty <title> element.
  Defaulting to 'Lib.mem' as the title.
  To specify a title, use 'title' in metadata or --metadata title="...".
[WARNING] This document format requires a nonempty <title> element.
  Defaulting to 'Lib.mk_istream' as the title.
  To specify a title, use 'title' in metadata or --metadata title="...".
[WARNING] This document format requires a nonempty <title> element.
  Defaulting to 'Lib.mk_set' as the title.
  To specify a title, use 'title' in metadata or --metadata title="...".
[WARNING] This document format requires a nonempty <title> element.
  Defaulting to 'Lib.mlquote' as the title.
  To specify a title, use 'title' in metadata or --metadata title="...".
[WARNING] This document format requires a nonempty <title> element.
  Defaulting to 'Lib.next' as the title.
  To specify a title, use 'title' in metadata or --metadata title="...".
[WARNING] This document format requires a nonempty <title> element.
  Defaulting to 'Lib.null_intersection' as the title.
  To specify a title, use 'title' in metadata or --metadata title="...".
[WARNING] This document format requires a nonempty <title> element.
  Defaulting to 'Lib.op_U' as the title.
  To specify a title, use 'title' in metadata or --metadata title="...".
[WARNING] This document format requires a nonempty <title> element.
  Defaulting to 'Lib.op_insert' as the title.
  To specify a title, use 'title' in metadata or --metadata title="...".
[WARNING] This document format requires a nonempty <title> element.
  Defaulting to 'Lib.op_intersect' as the title.
  To specify a title, use 'title' in metadata or --metadata title="...".
[WARNING] This document format requires a nonempty <title> element.
  Defaulting to 'Lib.op_mem' as the title.
  To specify a title, use 'title' in metadata or --metadata title="...".
[WARNING] This document format requires a nonempty <title> element.
  Defaulting to 'Lib.op_mk_set' as the title.
  To specify a title, use 'title' in metadata or --metadata title="...".
[WARNING] This document format requires a nonempty <title> element.
  Defaulting to 'Lib.op_set_diff' as the title.
  To specify a title, use 'title' in metadata or --metadata title="...".
[WARNING] This document format requires a nonempty <title> element.
  Defaulting to 'Lib.op_union' as the title.
  To specify a title, use 'title' in metadata or --metadata title="...".
[WARNING] This document format requires a nonempty <title> element.
  Defaulting to 'Lib.pair' as the title.
  To specify a title, use 'title' in metadata or --metadata title="...".
[WARNING] This document format requires a nonempty <title> element.
  Defaulting to 'Lib.pair_of_list' as the title.
  To specify a title, use 'title' in metadata or --metadata title="...".
[WARNING] This document format requires a nonempty <title> element.
  Defaulting to 'Lib.partial' as the title.
  To specify a title, use 'title' in metadata or --metadata title="...".
[WARNING] This document format requires a nonempty <title> element.
  Defaulting to 'Lib.partition' as the title.
  To specify a title, use 'title' in metadata or --metadata title="...".
[WARNING] This document format requires a nonempty <title> element.
  Defaulting to 'Lib.pipegt' as the title.
  To specify a title, use 'title' in metadata or --metadata title="...".
[WARNING] This document format requires a nonempty <title> element.
  Defaulting to 'Lib.pluck' as the title.
  To specify a title, use 'title' in metadata or --metadata title="...".
[WARNING] This document format requires a nonempty <title> element.
  Defaulting to 'Lib.ppstring' as the title.
  To specify a title, use 'title' in metadata or --metadata title="...".
[WARNING] This document format requires a nonempty <title> element.
  Defaulting to 'Lib.prime' as the title.
  To specify a title, use 'title' in metadata or --metadata title="...".
[WARNING] This document format requires a nonempty <title> element.
  Defaulting to 'Lib.quadruple' as the title.
  To specify a title, use 'title' in metadata or --metadata title="...".
[WARNING] This document format requires a nonempty <title> element.
  Defaulting to 'Lib.quadruple_of_list' as the title.
  To specify a title, use 'title' in metadata or --metadata title="...".
[WARNING] This document format requires a nonempty <title> element.
  Defaulting to 'Lib.quote' as the title.
  To specify a title, use 'title' in metadata or --metadata title="...".
[WARNING] This document format requires a nonempty <title> element.
  Defaulting to 'Lib.repeat' as the title.
  To specify a title, use 'title' in metadata or --metadata title="...".
[WARNING] This document format requires a nonempty <title> element.
  Defaulting to 'Lib.reset' as the title.
  To specify a title, use 'title' in metadata or --metadata title="...".
[WARNING] This document format requires a nonempty <title> element.
  Defaulting to 'Lib.rev_assoc' as the title.
  To specify a title, use 'title' in metadata or --metadata title="...".
[WARNING] This document format requires a nonempty <title> element.
  Defaulting to 'Lib.rev_itlist' as the title.
  To specify a title, use 'title' in metadata or --metadata title="...".
[WARNING] This document format requires a nonempty <title> element.
  Defaulting to 'Lib.rev_itlist2' as the title.
  To specify a title, use 'title' in metadata or --metadata title="...".
[WARNING] This document format requires a nonempty <title> element.
  Defaulting to 'Lib.rpair' as the title.
  To specify a title, use 'title' in metadata or --metadata title="...".
[WARNING] This document format requires a nonempty <title> element.
  Defaulting to 'Lib.say' as the title.
  To specify a title, use 'title' in metadata or --metadata title="...".
[WARNING] This document format requires a nonempty <title> element.
  Defaulting to 'Lib.set_diff' as the title.
  To specify a title, use 'title' in metadata or --metadata title="...".
[WARNING] This document format requires a nonempty <title> element.
  Defaulting to 'Lib.set_eq' as the title.
  To specify a title, use 'title' in metadata or --metadata title="...".
[WARNING] This document format requires a nonempty <title> element.
  Defaulting to 'Lib.singleton_of_list' as the title.
  To specify a title, use 'title' in metadata or --metadata title="...".
[WARNING] This document format requires a nonempty <title> element.
  Defaulting to 'Lib.snd' as the title.
  To specify a title, use 'title' in metadata or --metadata title="...".
[WARNING] This document format requires a nonempty <title> element.
  Defaulting to 'Lib.sort' as the title.
  To specify a title, use 'title' in metadata or --metadata title="...".
[WARNING] This document format requires a nonempty <title> element.
  Defaulting to 'Lib.split' as the title.
  To specify a title, use 'title' in metadata or --metadata title="...".
[WARNING] This document format requires a nonempty <title> element.
  Defaulting to 'Lib.split_after' as the title.
  To specify a title, use 'title' in metadata or --metadata title="...".
[WARNING] This document format requires a nonempty <title> element.
  Defaulting to 'Lib.start_time' as the title.
  To specify a title, use 'title' in metadata or --metadata title="...".
[WARNING] This document format requires a nonempty <title> element.
  Defaulting to 'Lib.state' as the title.
  To specify a title, use 'title' in metadata or --metadata title="...".
[WARNING] This document format requires a nonempty <title> element.
  Defaulting to 'Lib.strcat' as the title.
  To specify a title, use 'title' in metadata or --metadata title="...".
[WARNING] This document format requires a nonempty <title> element.
  Defaulting to 'Lib.string_to_int' as the title.
  To specify a title, use 'title' in metadata or --metadata title="...".
[WARNING] This document format requires a nonempty <title> element.
  Defaulting to 'Lib.subst' as the title.
  To specify a title, use 'title' in metadata or --metadata title="...".
[WARNING] This document format requires a nonempty <title> element.
  Defaulting to 'Lib.subst_assoc' as the title.
  To specify a title, use 'title' in metadata or --metadata title="...".
[WARNING] This document format requires a nonempty <title> element.
  Defaulting to 'Lib.subtract' as the title.
  To specify a title, use 'title' in metadata or --metadata title="...".
[WARNING] This document format requires a nonempty <title> element.
  Defaulting to 'Lib.swap' as the title.
  To specify a title, use 'title' in metadata or --metadata title="...".
[WARNING] This document format requires a nonempty <title> element.
  Defaulting to 'Lib.time' as the title.
  To specify a title, use 'title' in metadata or --metadata title="...".
[WARNING] This document format requires a nonempty <title> element.
  Defaulting to 'Lib.topsort' as the title.
  To specify a title, use 'title' in metadata or --metadata title="...".
[WARNING] This document format requires a nonempty <title> element.
  Defaulting to 'Lib.total' as the title.
  To specify a title, use 'title' in metadata or --metadata title="...".
[WARNING] This document format requires a nonempty <title> element.
  Defaulting to 'Lib.triple' as the title.
  To specify a title, use 'title' in metadata or --metadata title="...".
[WARNING] This document format requires a nonempty <title> element.
  Defaulting to 'Lib.triple_of_list' as the title.
  To specify a title, use 'title' in metadata or --metadata title="...".
[WARNING] This document format requires a nonempty <title> element.
  Defaulting to 'Lib.try' as the title.
  To specify a title, use 'title' in metadata or --metadata title="...".
[WARNING] This document format requires a nonempty <title> element.
  Defaulting to 'Lib.trye' as the title.
  To specify a title, use 'title' in metadata or --metadata title="...".
[WARNING] This document format requires a nonempty <title> element.
  Defaulting to 'Lib.tryfind' as the title.
  To specify a title, use 'title' in metadata or --metadata title="...".
[WARNING] This document format requires a nonempty <title> element.
  Defaulting to 'Lib.trypluck' as the title.
  To specify a title, use 'title' in metadata or --metadata title="...".
[WARNING] This document format requires a nonempty <title> element.
  Defaulting to 'Lib.trypluckprime' as the title.
  To specify a title, use 'title' in metadata or --metadata title="...".
[WARNING] This document format requires a nonempty <title> element.
  Defaulting to 'Lib.uncurry' as the title.
  To specify a title, use 'title' in metadata or --metadata title="...".
[WARNING] This document format requires a nonempty <title> element.
  Defaulting to 'Lib.union' as the title.
  To specify a title, use 'title' in metadata or --metadata title="...".
[WARNING] This document format requires a nonempty <title> element.
  Defaulting to 'Lib.unzip' as the title.
  To specify a title, use 'title' in metadata or --metadata title="...".
[WARNING] This document format requires a nonempty <title> element.
  Defaulting to 'Lib.upto' as the title.
  To specify a title, use 'title' in metadata or --metadata title="...".
[WARNING] This document format requires a nonempty <title> element.
  Defaulting to 'Lib.with_exn' as the title.
  To specify a title, use 'title' in metadata or --metadata title="...".
[WARNING] This document format requires a nonempty <title> element.
  Defaulting to 'Lib.with_flag' as the title.
  To specify a title, use 'title' in metadata or --metadata title="...".
[WARNING] This document format requires a nonempty <title> element.
  Defaulting to 'Lib.words2' as the title.
  To specify a title, use 'title' in metadata or --metadata title="...".
[WARNING] This document format requires a nonempty <title> element.
  Defaulting to 'Lib.zip' as the title.
  To specify a title, use 'title' in metadata or --metadata title="...".
[WARNING] This document format requires a nonempty <title> element.
  Defaulting to 'PairRules.AND_PEXISTS_CONV' as the title.
  To specify a title, use 'title' in metadata or --metadata title="...".
[WARNING] This document format requires a nonempty <title> element.
  Defaulting to 'PairRules.AND_PFORALL_CONV' as the title.
  To specify a title, use 'title' in metadata or --metadata title="...".
[WARNING] This document format requires a nonempty <title> element.
  Defaulting to 'PairRules.CURRY_CONV' as the title.
  To specify a title, use 'title' in metadata or --metadata title="...".
[WARNING] This document format requires a nonempty <title> element.
  Defaulting to 'PairRules.CURRY_EXISTS_CONV' as the title.
  To specify a title, use 'title' in metadata or --metadata title="...".
[WARNING] This document format requires a nonempty <title> element.
  Defaulting to 'PairRules.CURRY_FORALL_CONV' as the title.
  To specify a title, use 'title' in metadata or --metadata title="...".
[WARNING] This document format requires a nonempty <title> element.
  Defaulting to 'PairRules.FILTER_PGEN_TAC' as the title.
  To specify a title, use 'title' in metadata or --metadata title="...".
[WARNING] This document format requires a nonempty <title> element.
  Defaulting to 'PairRules.FILTER_PSTRIP_TAC' as the title.
  To specify a title, use 'title' in metadata or --metadata title="...".
[WARNING] This document format requires a nonempty <title> element.
  Defaulting to 'PairRules.FILTER_PSTRIP_THEN' as the title.
  To specify a title, use 'title' in metadata or --metadata title="...".
[WARNING] This document format requires a nonempty <title> element.
  Defaulting to 'PairRules.GEN_PALPHA_CONV' as the title.
  To specify a title, use 'title' in metadata or --metadata title="...".
[WARNING] This document format requires a nonempty <title> element.
  Defaulting to 'PairRules.GPSPEC' as the title.
  To specify a title, use 'title' in metadata or --metadata title="...".
[WARNING] This document format requires a nonempty <title> element.
  Defaulting to 'PairRules.HALF_MK_PABS' as the title.
  To specify a title, use 'title' in metadata or --metadata title="...".
[WARNING] This document format requires a nonempty <title> element.
  Defaulting to 'PairRules.IPSPEC' as the title.
  To specify a title, use 'title' in metadata or --metadata title="...".
[WARNING] This document format requires a nonempty <title> element.
  Defaulting to 'PairRules.IPSPECL' as the title.
  To specify a title, use 'title' in metadata or --metadata title="...".
[WARNING] This document format requires a nonempty <title> element.
  Defaulting to 'PairRules.LEFT_AND_PEXISTS_CONV' as the title.
  To specify a title, use 'title' in metadata or --metadata title="...".
[WARNING] This document format requires a nonempty <title> element.
  Defaulting to 'PairRules.LEFT_AND_PFORALL_CONV' as the title.
  To specify a title, use 'title' in metadata or --metadata title="...".
[WARNING] This document format requires a nonempty <title> element.
  Defaulting to 'PairRules.LEFT_IMP_PEXISTS_CONV' as the title.
  To specify a title, use 'title' in metadata or --metadata title="...".
[WARNING] This document format requires a nonempty <title> element.
  Defaulting to 'PairRules.LEFT_IMP_PFORALL_CONV' as the title.
  To specify a title, use 'title' in metadata or --metadata title="...".
[WARNING] This document format requires a nonempty <title> element.
  Defaulting to 'PairRules.LEFT_LIST_PBETA' as the title.
  To specify a title, use 'title' in metadata or --metadata title="...".
[WARNING] This document format requires a nonempty <title> element.
  Defaulting to 'PairRules.LEFT_OR_PEXISTS_CONV' as the title.
  To specify a title, use 'title' in metadata or --metadata title="...".
[WARNING] This document format requires a nonempty <title> element.
  Defaulting to 'PairRules.LEFT_OR_PFORALL_CONV' as the title.
  To specify a title, use 'title' in metadata or --metadata title="...".
[WARNING] This document format requires a nonempty <title> element.
  Defaulting to 'PairRules.LEFT_PBETA' as the title.
  To specify a title, use 'title' in metadata or --metadata title="...".
[WARNING] This document format requires a nonempty <title> element.
  Defaulting to 'PairRules.LIST_MK_PEXISTS' as the title.
  To specify a title, use 'title' in metadata or --metadata title="...".
[WARNING] This document format requires a nonempty <title> element.
  Defaulting to 'PairRules.LIST_MK_PFORALL' as the title.
  To specify a title, use 'title' in metadata or --metadata title="...".
[WARNING] This document format requires a nonempty <title> element.
  Defaulting to 'PairRules.LIST_PBETA_CONV' as the title.
  To specify a title, use 'title' in metadata or --metadata title="...".
[WARNING] This document format requires a nonempty <title> element.
  Defaulting to 'PairRules.MK_PABS' as the title.
  To specify a title, use 'title' in metadata or --metadata title="...".
[WARNING] This document format requires a nonempty <title> element.
  Defaulting to 'PairRules.MK_PAIR' as the title.
  To specify a title, use 'title' in metadata or --metadata title="...".
[WARNING] This document format requires a nonempty <title> element.
  Defaulting to 'PairRules.MK_PEXISTS' as the title.
  To specify a title, use 'title' in metadata or --metadata title="...".
[WARNING] This document format requires a nonempty <title> element.
  Defaulting to 'PairRules.MK_PFORALL' as the title.
  To specify a title, use 'title' in metadata or --metadata title="...".
[WARNING] This document format requires a nonempty <title> element.
  Defaulting to 'PairRules.MK_PSELECT' as the title.
  To specify a title, use 'title' in metadata or --metadata title="...".
[WARNING] This document format requires a nonempty <title> element.
  Defaulting to 'PairRules.NOT_PEXISTS_CONV' as the title.
  To specify a title, use 'title' in metadata or --metadata title="...".
[WARNING] This document format requires a nonempty <title> element.
  Defaulting to 'PairRules.NOT_PFORALL_CONV' as the title.
  To specify a title, use 'title' in metadata or --metadata title="...".
[WARNING] This document format requires a nonempty <title> element.
  Defaulting to 'PairRules.OR_PEXISTS_CONV' as the title.
  To specify a title, use 'title' in metadata or --metadata title="...".
[WARNING] This document format requires a nonempty <title> element.
  Defaulting to 'PairRules.OR_PFORALL_CONV' as the title.
  To specify a title, use 'title' in metadata or --metadata title="...".
[WARNING] This document format requires a nonempty <title> element.
  Defaulting to 'PairRules.PABS' as the title.
  To specify a title, use 'title' in metadata or --metadata title="...".
[WARNING] This document format requires a nonempty <title> element.
  Defaulting to 'PairRules.PABS_CONV' as the title.
  To specify a title, use 'title' in metadata or --metadata title="...".
[WARNING] This document format requires a nonempty <title> element.
  Defaulting to 'PairRules.PAIR_CONV' as the title.
  To specify a title, use 'title' in metadata or --metadata title="...".
[WARNING] This document format requires a nonempty <title> element.
  Defaulting to 'PairRules.PALPHA' as the title.
  To specify a title, use 'title' in metadata or --metadata title="...".
[WARNING] This document format requires a nonempty <title> element.
  Defaulting to 'PairRules.PALPHA_CONV' as the title.
  To specify a title, use 'title' in metadata or --metadata title="...".
[WARNING] This document format requires a nonempty <title> element.
  Defaulting to 'PairRules.PART_PMATCH' as the title.
  To specify a title, use 'title' in metadata or --metadata title="...".
[WARNING] This document format requires a nonempty <title> element.
  Defaulting to 'PairRules.PBETA_CONV' as the title.
  To specify a title, use 'title' in metadata or --metadata title="...".
[WARNING] This document format requires a nonempty <title> element.
  Defaulting to 'PairRules.PBETA_RULE' as the title.
  To specify a title, use 'title' in metadata or --metadata title="...".
[WARNING] This document format requires a nonempty <title> element.
  Defaulting to 'PairRules.PBETA_TAC' as the title.
  To specify a title, use 'title' in metadata or --metadata title="...".
[WARNING] This document format requires a nonempty <title> element.
  Defaulting to 'PairRules.PCHOOSE' as the title.
  To specify a title, use 'title' in metadata or --metadata title="...".
[WARNING] This document format requires a nonempty <title> element.
  Defaulting to 'PairRules.PCHOOSE_TAC' as the title.
  To specify a title, use 'title' in metadata or --metadata title="...".
[WARNING] This document format requires a nonempty <title> element.
  Defaulting to 'PairRules.PCHOOSE_THEN' as the title.
  To specify a title, use 'title' in metadata or --metadata title="...".
[WARNING] This document format requires a nonempty <title> element.
  Defaulting to 'PairRules.PETA_CONV' as the title.
  To specify a title, use 'title' in metadata or --metadata title="...".
[WARNING] This document format requires a nonempty <title> element.
  Defaulting to 'PairRules.PEXISTENCE' as the title.
  To specify a title, use 'title' in metadata or --metadata title="...".
[WARNING] This document format requires a nonempty <title> element.
  Defaulting to 'PairRules.PEXISTS' as the title.
  To specify a title, use 'title' in metadata or --metadata title="...".
[WARNING] This document format requires a nonempty <title> element.
  Defaulting to 'PairRules.PEXISTS_AND_CONV' as the title.
  To specify a title, use 'title' in metadata or --metadata title="...".
[WARNING] This document format requires a nonempty <title> element.
  Defaulting to 'PairRules.PEXISTS_CONV' as the title.
  To specify a title, use 'title' in metadata or --metadata title="...".
[WARNING] This document format requires a nonempty <title> element.
  Defaulting to 'PairRules.PEXISTS_EQ' as the title.
  To specify a title, use 'title' in metadata or --metadata title="...".
[WARNING] This document format requires a nonempty <title> element.
  Defaulting to 'PairRules.PEXISTS_IMP' as the title.
  To specify a title, use 'title' in metadata or --metadata title="...".
[WARNING] This document format requires a nonempty <title> element.
  Defaulting to 'PairRules.PEXISTS_IMP_CONV' as the title.
  To specify a title, use 'title' in metadata or --metadata title="...".
[WARNING] This document format requires a nonempty <title> element.
  Defaulting to 'PairRules.PEXISTS_NOT_CONV' as the title.
  To specify a title, use 'title' in metadata or --metadata title="...".
[WARNING] This document format requires a nonempty <title> element.
  Defaulting to 'PairRules.PEXISTS_OR_CONV' as the title.
  To specify a title, use 'title' in metadata or --metadata title="...".
[WARNING] This document format requires a nonempty <title> element.
  Defaulting to 'PairRules.PEXISTS_RULE' as the title.
  To specify a title, use 'title' in metadata or --metadata title="...".
[WARNING] This document format requires a nonempty <title> element.
  Defaulting to 'PairRules.PEXISTS_TAC' as the title.
  To specify a title, use 'title' in metadata or --metadata title="...".
[WARNING] This document format requires a nonempty <title> element.
  Defaulting to 'PairRules.PEXISTS_UNIQUE_CONV' as the title.
  To specify a title, use 'title' in metadata or --metadata title="...".
[WARNING] This document format requires a nonempty <title> element.
  Defaulting to 'PairRules.PEXT' as the title.
  To specify a title, use 'title' in metadata or --metadata title="...".
[WARNING] This document format requires a nonempty <title> element.
  Defaulting to 'PairRules.PFORALL_AND_CONV' as the title.
  To specify a title, use 'title' in metadata or --metadata title="...".
[WARNING] This document format requires a nonempty <title> element.
  Defaulting to 'PairRules.PFORALL_EQ' as the title.
  To specify a title, use 'title' in metadata or --metadata title="...".
[WARNING] This document format requires a nonempty <title> element.
  Defaulting to 'PairRules.PFORALL_IMP_CONV' as the title.
  To specify a title, use 'title' in metadata or --metadata title="...".
[WARNING] This document format requires a nonempty <title> element.
  Defaulting to 'PairRules.PFORALL_NOT_CONV' as the title.
  To specify a title, use 'title' in metadata or --metadata title="...".
[WARNING] This document format requires a nonempty <title> element.
  Defaulting to 'PairRules.PFORALL_OR_CONV' as the title.
  To specify a title, use 'title' in metadata or --metadata title="...".
[WARNING] This document format requires a nonempty <title> element.
  Defaulting to 'PairRules.PGEN' as the title.
  To specify a title, use 'title' in metadata or --metadata title="...".
[WARNING] This document format requires a nonempty <title> element.
  Defaulting to 'PairRules.PGENL' as the title.
  To specify a title, use 'title' in metadata or --metadata title="...".
[WARNING] This document format requires a nonempty <title> element.
  Defaulting to 'PairRules.PGEN_TAC' as the title.
  To specify a title, use 'title' in metadata or --metadata title="...".
[WARNING] This document format requires a nonempty <title> element.
  Defaulting to 'PairRules.PMATCH_MP' as the title.
  To specify a title, use 'title' in metadata or --metadata title="...".
[WARNING] This document format requires a nonempty <title> element.
  Defaulting to 'PairRules.PMATCH_MP_TAC' as the title.
  To specify a title, use 'title' in metadata or --metadata title="...".
[WARNING] This document format requires a nonempty <title> element.
  Defaulting to 'PairRules.PSELECT_CONV' as the title.
  To specify a title, use 'title' in metadata or --metadata title="...".
[WARNING] This document format requires a nonempty <title> element.
  Defaulting to 'PairRules.PSELECT_ELIM' as the title.
  To specify a title, use 'title' in metadata or --metadata title="...".
[WARNING] This document format requires a nonempty <title> element.
  Defaulting to 'PairRules.PSELECT_EQ' as the title.
  To specify a title, use 'title' in metadata or --metadata title="...".
[WARNING] This document format requires a nonempty <title> element.
  Defaulting to 'PairRules.PSELECT_INTRO' as the title.
  To specify a title, use 'title' in metadata or --metadata title="...".
[WARNING] This document format requires a nonempty <title> element.
  Defaulting to 'PairRules.PSELECT_RULE' as the title.
  To specify a title, use 'title' in metadata or --metadata title="...".
[WARNING] This document format requires a nonempty <title> element.
  Defaulting to 'PairRules.PSKOLEM_CONV' as the title.
  To specify a title, use 'title' in metadata or --metadata title="...".
[WARNING] This document format requires a nonempty <title> element.
  Defaulting to 'PairRules.PSPEC' as the title.
  To specify a title, use 'title' in metadata or --metadata title="...".
[WARNING] This document format requires a nonempty <title> element.
  Defaulting to 'PairRules.PSPECL' as the title.
  To specify a title, use 'title' in metadata or --metadata title="...".
[WARNING] This document format requires a nonempty <title> element.
  Defaulting to 'PairRules.PSPEC_ALL' as the title.
  To specify a title, use 'title' in metadata or --metadata title="...".
[WARNING] This document format requires a nonempty <title> element.
  Defaulting to 'PairRules.PSPEC_PAIR' as the title.
  To specify a title, use 'title' in metadata or --metadata title="...".
[WARNING] This document format requires a nonempty <title> element.
  Defaulting to 'PairRules.PSPEC_TAC' as the title.
  To specify a title, use 'title' in metadata or --metadata title="...".
[WARNING] This document format requires a nonempty <title> element.
  Defaulting to 'PairRules.PSTRIP_ASSUME_TAC' as the title.
  To specify a title, use 'title' in metadata or --metadata title="...".
[WARNING] This document format requires a nonempty <title> element.
  Defaulting to 'PairRules.PSTRIP_GOAL_THEN' as the title.
  To specify a title, use 'title' in metadata or --metadata title="...".
[WARNING] This document format requires a nonempty <title> element.
  Defaulting to 'PairRules.PSTRIP_TAC' as the title.
  To specify a title, use 'title' in metadata or --metadata title="...".
[WARNING] This document format requires a nonempty <title> element.
  Defaulting to 'PairRules.PSTRIP_THM_THEN' as the title.
  To specify a title, use 'title' in metadata or --metadata title="...".
[WARNING] This document format requires a nonempty <title> element.
  Defaulting to 'PairRules.PSTRUCT_CASES_TAC' as the title.
  To specify a title, use 'title' in metadata or --metadata title="...".
[WARNING] This document format requires a nonempty <title> element.
  Defaulting to 'PairRules.PSUB_CONV' as the title.
  To specify a title, use 'title' in metadata or --metadata title="...".
[WARNING] This document format requires a nonempty <title> element.
  Defaulting to 'PairRules.P_FUN_EQ_CONV' as the title.
  To specify a title, use 'title' in metadata or --metadata title="...".
[WARNING] This document format requires a nonempty <title> element.
  Defaulting to 'PairRules.P_PCHOOSE_TAC' as the title.
  To specify a title, use 'title' in metadata or --metadata title="...".
[WARNING] This document format requires a nonempty <title> element.
  Defaulting to 'PairRules.P_PCHOOSE_THEN' as the title.
  To specify a title, use 'title' in metadata or --metadata title="...".
[WARNING] This document format requires a nonempty <title> element.
  Defaulting to 'PairRules.P_PGEN_TAC' as the title.
  To specify a title, use 'title' in metadata or --metadata title="...".
[WARNING] This document format requires a nonempty <title> element.
  Defaulting to 'PairRules.P_PSKOLEM_CONV' as the title.
  To specify a title, use 'title' in metadata or --metadata title="...".
[WARNING] This document format requires a nonempty <title> element.
  Defaulting to 'PairRules.RIGHT_AND_PEXISTS_CONV' as the title.
  To specify a title, use 'title' in metadata or --metadata title="...".
[WARNING] This document format requires a nonempty <title> element.
  Defaulting to 'PairRules.RIGHT_AND_PFORALL_CONV' as the title.
  To specify a title, use 'title' in metadata or --metadata title="...".
[WARNING] This document format requires a nonempty <title> element.
  Defaulting to 'PairRules.RIGHT_IMP_PEXISTS_CONV' as the title.
  To specify a title, use 'title' in metadata or --metadata title="...".
[WARNING] This document format requires a nonempty <title> element.
  Defaulting to 'PairRules.RIGHT_IMP_PFORALL_CONV' as the title.
  To specify a title, use 'title' in metadata or --metadata title="...".
[WARNING] This document format requires a nonempty <title> element.
  Defaulting to 'PairRules.RIGHT_LIST_PBETA' as the title.
  To specify a title, use 'title' in metadata or --metadata title="...".
[WARNING] This document format requires a nonempty <title> element.
  Defaulting to 'PairRules.RIGHT_OR_PEXISTS_CONV' as the title.
  To specify a title, use 'title' in metadata or --metadata title="...".
[WARNING] This document format requires a nonempty <title> element.
  Defaulting to 'PairRules.RIGHT_OR_PFORALL_CONV' as the title.
  To specify a title, use 'title' in metadata or --metadata title="...".
[WARNING] This document format requires a nonempty <title> element.
  Defaulting to 'PairRules.RIGHT_PBETA' as the title.
  To specify a title, use 'title' in metadata or --metadata title="...".
[WARNING] This document format requires a nonempty <title> element.
  Defaulting to 'PairRules.SWAP_PEXISTS_CONV' as the title.
  To specify a title, use 'title' in metadata or --metadata title="...".
[WARNING] This document format requires a nonempty <title> element.
  Defaulting to 'PairRules.SWAP_PFORALL_CONV' as the title.
  To specify a title, use 'title' in metadata or --metadata title="...".
[WARNING] This document format requires a nonempty <title> element.
  Defaulting to 'PairRules.UNCURRY_CONV' as the title.
  To specify a title, use 'title' in metadata or --metadata title="...".
[WARNING] This document format requires a nonempty <title> element.
  Defaulting to 'PairRules.UNCURRY_EXISTS_CONV' as the title.
  To specify a title, use 'title' in metadata or --metadata title="...".
[WARNING] This document format requires a nonempty <title> element.
  Defaulting to 'PairRules.UNCURRY_FORALL_CONV' as the title.
  To specify a title, use 'title' in metadata or --metadata title="...".
[WARNING] This document format requires a nonempty <title> element.
  Defaulting to 'PairRules.UNPBETA_CONV' as the title.
  To specify a title, use 'title' in metadata or --metadata title="...".
[WARNING] This document format requires a nonempty <title> element.
  Defaulting to 'PairRules.pvariant' as the title.
  To specify a title, use 'title' in metadata or --metadata title="...".
[WARNING] This document format requires a nonempty <title> element.
  Defaulting to 'PairedLambda.GEN_BETA_CONV' as the title.
  To specify a title, use 'title' in metadata or --metadata title="...".
[WARNING] This document format requires a nonempty <title> element.
  Defaulting to 'PairedLambda.PAIRED_BETA_CONV' as the title.
  To specify a title, use 'title' in metadata or --metadata title="...".
[WARNING] This document format requires a nonempty <title> element.
  Defaulting to 'PairedLambda.PAIRED_ETA_CONV' as the title.
  To specify a title, use 'title' in metadata or --metadata title="...".
[WARNING] This document format requires a nonempty <title> element.
  Defaulting to 'Parse..OQ3' as the title.
  To specify a title, use 'title' in metadata or --metadata title="...".
[WARNING] This document format requires a nonempty <title> element.
  Defaulting to 'Parse.Absyn' as the title.
  To specify a title, use 'title' in metadata or --metadata title="...".
[WARNING] This document format requires a nonempty <title> element.
  Defaulting to 'Parse.Term' as the title.
  To specify a title, use 'title' in metadata or --metadata title="...".
[WARNING] This document format requires a nonempty <title> element.
  Defaulting to 'Parse.add_bare_numeral_form' as the title.
  To specify a title, use 'title' in metadata or --metadata title="...".
[WARNING] This document format requires a nonempty <title> element.
  Defaulting to 'Parse.add_infix' as the title.
  To specify a title, use 'title' in metadata or --metadata title="...".
[WARNING] This document format requires a nonempty <title> element.
  Defaulting to 'Parse.add_infix_type' as the title.
  To specify a title, use 'title' in metadata or --metadata title="...".
[WARNING] This document format requires a nonempty <title> element.
  Defaulting to 'Parse.add_listform' as the title.
  To specify a title, use 'title' in metadata or --metadata title="...".
[WARNING] This document format requires a nonempty <title> element.
  Defaulting to 'Parse.add_numeral_form' as the title.
  To specify a title, use 'title' in metadata or --metadata title="...".
[WARNING] This document format requires a nonempty <title> element.
  Defaulting to 'Parse.add_rule' as the title.
  To specify a title, use 'title' in metadata or --metadata title="...".
[WARNING] This document format requires a nonempty <title> element.
  Defaulting to 'Parse.add_strliteral_form' as the title.
  To specify a title, use 'title' in metadata or --metadata title="...".
[WARNING] This document format requires a nonempty <title> element.
  Defaulting to 'Parse.add_user_printer' as the title.
  To specify a title, use 'title' in metadata or --metadata title="...".
[WARNING] This document format requires a nonempty <title> element.
  Defaulting to 'Parse.associate_restriction' as the title.
  To specify a title, use 'title' in metadata or --metadata title="...".
[WARNING] This document format requires a nonempty <title> element.
  Defaulting to 'Parse.clear_overloads_on' as the title.
  To specify a title, use 'title' in metadata or --metadata title="...".
[WARNING] This document format requires a nonempty <title> element.
  Defaulting to 'Parse.current_grammars' as the title.
  To specify a title, use 'title' in metadata or --metadata title="...".
[WARNING] This document format requires a nonempty <title> element.
  Defaulting to 'Parse.disable_tyabbrev_printing' as the title.
  To specify a title, use 'title' in metadata or --metadata title="...".
[WARNING] This document format requires a nonempty <title> element.
  Defaulting to 'Parse.hidden' as the title.
  To specify a title, use 'title' in metadata or --metadata title="...".
[WARNING] This document format requires a nonempty <title> element.
  Defaulting to 'Parse.hide' as the title.
  To specify a title, use 'title' in metadata or --metadata title="...".
[WARNING] This document format requires a nonempty <title> element.
  Defaulting to 'Parse.known_constants' as the title.
  To specify a title, use 'title' in metadata or --metadata title="...".
[WARNING] This document format requires a nonempty <title> element.
  Defaulting to 'Parse.overload_info_for' as the title.
  To specify a title, use 'title' in metadata or --metadata title="...".
[WARNING] This document format requires a nonempty <title> element.
  Defaulting to 'Parse.overload_on' as the title.
  To specify a title, use 'title' in metadata or --metadata title="...".
[WARNING] This document format requires a nonempty <title> element.
  Defaulting to 'Parse.parse_from_grammars' as the title.
  To specify a title, use 'title' in metadata or --metadata title="...".
[WARNING] This document format requires a nonempty <title> element.
  Defaulting to 'Parse.parse_in_context' as the title.
  To specify a title, use 'title' in metadata or --metadata title="...".
[WARNING] This document format requires a nonempty <title> element.
  Defaulting to 'Parse.permahide' as the title.
  To specify a title, use 'title' in metadata or --metadata title="...".
[WARNING] This document format requires a nonempty <title> element.
  Defaulting to 'Parse.pp_term_without_overloads_on' as the title.
  To specify a title, use 'title' in metadata or --metadata title="...".
[WARNING] This document format requires a nonempty <title> element.
  Defaulting to 'Parse.prefer_form_with_tok' as the title.
  To specify a title, use 'title' in metadata or --metadata title="...".
[WARNING] This document format requires a nonempty <title> element.
  Defaulting to 'Parse.print_from_grammars' as the title.
  To specify a title, use 'title' in metadata or --metadata title="...".
[WARNING] This document format requires a nonempty <title> element.
  Defaulting to 'Parse.print_term' as the title.
  To specify a title, use 'title' in metadata or --metadata title="...".
[WARNING] This document format requires a nonempty <title> element.
  Defaulting to 'Parse.print_term_by_grammar' as the title.
  To specify a title, use 'title' in metadata or --metadata title="...".
[WARNING] This document format requires a nonempty <title> element.
  Defaulting to 'Parse.print_without_macros' as the title.
  To specify a title, use 'title' in metadata or --metadata title="...".
[WARNING] This document format requires a nonempty <title> element.
  Defaulting to 'Parse.rawterm_pp' as the title.
  To specify a title, use 'title' in metadata or --metadata title="...".
[WARNING] This document format requires a nonempty <title> element.
  Defaulting to 'Parse.remove_ovl_mapping' as the title.
  To specify a title, use 'title' in metadata or --metadata title="...".
[WARNING] This document format requires a nonempty <title> element.
  Defaulting to 'Parse.remove_rules_for_term' as the title.
  To specify a title, use 'title' in metadata or --metadata title="...".
[WARNING] This document format requires a nonempty <title> element.
  Defaulting to 'Parse.remove_termtok' as the title.
  To specify a title, use 'title' in metadata or --metadata title="...".
[WARNING] This document format requires a nonempty <title> element.
  Defaulting to 'Parse.remove_type_abbrev' as the title.
  To specify a title, use 'title' in metadata or --metadata title="...".
[WARNING] This document format requires a nonempty <title> element.
  Defaulting to 'Parse.remove_user_printer' as the title.
  To specify a title, use 'title' in metadata or --metadata title="...".
[WARNING] This document format requires a nonempty <title> element.
  Defaulting to 'Parse.reveal' as the title.
  To specify a title, use 'title' in metadata or --metadata title="...".
[WARNING] This document format requires a nonempty <title> element.
  Defaulting to 'Parse.set_fixity' as the title.
  To specify a title, use 'title' in metadata or --metadata title="...".
[WARNING] This document format requires a nonempty <title> element.
  Defaulting to 'Parse.set_known_constants' as the title.
  To specify a title, use 'title' in metadata or --metadata title="...".
[WARNING] This document format requires a nonempty <title> element.
  Defaulting to 'Parse.set_mapped_fixity' as the title.
  To specify a title, use 'title' in metadata or --metadata title="...".
[WARNING] This document format requires a nonempty <title> element.
  Defaulting to 'Parse.show_numeral_types' as the title.
  To specify a title, use 'title' in metadata or --metadata title="...".
[WARNING] This document format requires a nonempty <title> element.
  Defaulting to 'Parse.temp_set_grammars' as the title.
  To specify a title, use 'title' in metadata or --metadata title="...".
[WARNING] This document format requires a nonempty <title> element.
  Defaulting to 'Parse.term_grammar' as the title.
  To specify a title, use 'title' in metadata or --metadata title="...".
[WARNING] This document format requires a nonempty <title> element.
  Defaulting to 'Parse.term_to_string' as the title.
  To specify a title, use 'title' in metadata or --metadata title="...".
[WARNING] This document format requires a nonempty <title> element.
  Defaulting to 'Parse.thytype_abbrev' as the title.
  To specify a title, use 'title' in metadata or --metadata title="...".
[WARNING] This document format requires a nonempty <title> element.
  Defaulting to 'Parse.ty_antiq' as the title.
  To specify a title, use 'title' in metadata or --metadata title="...".
[WARNING] This document format requires a nonempty <title> element.
  Defaulting to 'Parse.type_abbrev' as the title.
  To specify a title, use 'title' in metadata or --metadata title="...".
[WARNING] This document format requires a nonempty <title> element.
  Defaulting to 'Parse.type_abbrev_pp' as the title.
  To specify a title, use 'title' in metadata or --metadata title="...".
[WARNING] This document format requires a nonempty <title> element.
  Defaulting to 'Parse.update_overload_maps' as the title.
  To specify a title, use 'title' in metadata or --metadata title="...".
[WARNING] This document format requires a nonempty <title> element.
  Defaulting to 'Portable.pprint' as the title.
  To specify a title, use 'title' in metadata or --metadata title="...".
[WARNING] This document format requires a nonempty <title> element.
  Defaulting to 'Portable.remove_external_wspace' as the title.
  To specify a title, use 'title' in metadata or --metadata title="...".
[WARNING] This document format requires a nonempty <title> element.
  Defaulting to 'Portable.remove_wspace' as the title.
  To specify a title, use 'title' in metadata or --metadata title="...".
[WARNING] This document format requires a nonempty <title> element.
  Defaulting to 'Prim_rec.INDUCT_THEN' as the title.
  To specify a title, use 'title' in metadata or --metadata title="...".
[WARNING] This document format requires a nonempty <title> element.
  Defaulting to 'Prim_rec.new_recursive_definition' as the title.
  To specify a title, use 'title' in metadata or --metadata title="...".
[WARNING] This document format requires a nonempty <title> element.
  Defaulting to 'Prim_rec.prove_case_elim_thm' as the title.
  To specify a title, use 'title' in metadata or --metadata title="...".
[WARNING] This document format requires a nonempty <title> element.
  Defaulting to 'Prim_rec.prove_case_eq_thm' as the title.
  To specify a title, use 'title' in metadata or --metadata title="...".
[WARNING] This document format requires a nonempty <title> element.
  Defaulting to 'Prim_rec.prove_case_rand_thm' as the title.
  To specify a title, use 'title' in metadata or --metadata title="...".
[WARNING] This document format requires a nonempty <title> element.
  Defaulting to 'Prim_rec.prove_cases_thm' as the title.
  To specify a title, use 'title' in metadata or --metadata title="...".
[WARNING] This document format requires a nonempty <title> element.
  Defaulting to 'Prim_rec.prove_constructors_distinct' as the title.
  To specify a title, use 'title' in metadata or --metadata title="...".
[WARNING] This document format requires a nonempty <title> element.
  Defaulting to 'Prim_rec.prove_constructors_one_one' as the title.
  To specify a title, use 'title' in metadata or --metadata title="...".
[WARNING] This document format requires a nonempty <title> element.
  Defaulting to 'Prim_rec.prove_induction_thm' as the title.
  To specify a title, use 'title' in metadata or --metadata title="...".
[WARNING] This document format requires a nonempty <title> element.
  Defaulting to 'Prim_rec.prove_rec_fn_exists' as the title.
  To specify a title, use 'title' in metadata or --metadata title="...".
[WARNING] This document format requires a nonempty <title> element.
  Defaulting to 'Psyntax' as the title.
  To specify a title, use 'title' in metadata or --metadata title="...".
[WARNING] This document format requires a nonempty <title> element.
  Defaulting to 'Q.ABBREV_TAC' as the title.
  To specify a title, use 'title' in metadata or --metadata title="...".
[WARNING] This document format requires a nonempty <title> element.
  Defaulting to 'Q.HO_MATCH_ABBREV_TAC' as the title.
  To specify a title, use 'title' in metadata or --metadata title="...".
[WARNING] This document format requires a nonempty <title> element.
  Defaulting to 'Q.LIST_REFINE_EXISTS_TAC' as the title.
  To specify a title, use 'title' in metadata or --metadata title="...".
[WARNING] This document format requires a nonempty <title> element.
  Defaulting to 'Q.MATCH_ABBREV_TAC' as the title.
  To specify a title, use 'title' in metadata or --metadata title="...".
[WARNING] This document format requires a nonempty <title> element.
  Defaulting to 'Q.MATCH_ASMSUB_RENAME_TAC' as the title.
  To specify a title, use 'title' in metadata or --metadata title="...".
[WARNING] This document format requires a nonempty <title> element.
  Defaulting to 'Q.MATCH_ASSUM_ABBREV_TAC' as the title.
  To specify a title, use 'title' in metadata or --metadata title="...".
[WARNING] This document format requires a nonempty <title> element.
  Defaulting to 'Q.MATCH_ASSUM_RENAME_TAC' as the title.
  To specify a title, use 'title' in metadata or --metadata title="...".
[WARNING] This document format requires a nonempty <title> element.
  Defaulting to 'Q.MATCH_GOALSUB_RENAME_TAC' as the title.
  To specify a title, use 'title' in metadata or --metadata title="...".
[WARNING] This document format requires a nonempty <title> element.
  Defaulting to 'Q.MATCH_RENAME_TAC' as the title.
  To specify a title, use 'title' in metadata or --metadata title="...".
[WARNING] This document format requires a nonempty <title> element.
  Defaulting to 'Q.PAT_ABBREV_TAC' as the title.
  To specify a title, use 'title' in metadata or --metadata title="...".
[WARNING] This document format requires a nonempty <title> element.
  Defaulting to 'Q.REFINE_EXISTS_TAC' as the title.
  To specify a title, use 'title' in metadata or --metadata title="...".
[WARNING] This document format requires a nonempty <title> element.
  Defaulting to 'Q.RENAME1_TAC' as the title.
  To specify a title, use 'title' in metadata or --metadata title="...".
[WARNING] This document format requires a nonempty <title> element.
  Defaulting to 'Q.RENAME_TAC' as the title.
  To specify a title, use 'title' in metadata or --metadata title="...".
[WARNING] This document format requires a nonempty <title> element.
  Defaulting to 'Q.UNABBREV_TAC' as the title.
  To specify a title, use 'title' in metadata or --metadata title="...".
[WARNING] This document format requires a nonempty <title> element.
  Defaulting to 'Rewrite.ASM_REWRITE_RULE' as the title.
  To specify a title, use 'title' in metadata or --metadata title="...".
[WARNING] This document format requires a nonempty <title> element.
  Defaulting to 'Rewrite.ASM_REWRITE_TAC' as the title.
  To specify a title, use 'title' in metadata or --metadata title="...".
[WARNING] This document format requires a nonempty <title> element.
  Defaulting to 'Rewrite.FILTER_ASM_REWRITE_RULE' as the title.
  To specify a title, use 'title' in metadata or --metadata title="...".
[WARNING] This document format requires a nonempty <title> element.
  Defaulting to 'Rewrite.FILTER_ASM_REWRITE_TAC' as the title.
  To specify a title, use 'title' in metadata or --metadata title="...".
[WARNING] This document format requires a nonempty <title> element.
  Defaulting to 'Rewrite.FILTER_ONCE_ASM_REWRITE_RULE' as the title.
  To specify a title, use 'title' in metadata or --metadata title="...".
[WARNING] This document format requires a nonempty <title> element.
  Defaulting to 'Rewrite.FILTER_ONCE_ASM_REWRITE_TAC' as the title.
  To specify a title, use 'title' in metadata or --metadata title="...".
[WARNING] This document format requires a nonempty <title> element.
  Defaulting to 'Rewrite.FILTER_PURE_ASM_REWRITE_RULE' as the title.
  To specify a title, use 'title' in metadata or --metadata title="...".
[WARNING] This document format requires a nonempty <title> element.
  Defaulting to 'Rewrite.FILTER_PURE_ASM_REWRITE_TAC' as the title.
  To specify a title, use 'title' in metadata or --metadata title="...".
[WARNING] This document format requires a nonempty <title> element.
  Defaulting to 'Rewrite.FILTER_PURE_ONCE_ASM_REWRITE_RULE' as the title.
  To specify a title, use 'title' in metadata or --metadata title="...".
[WARNING] This document format requires a nonempty <title> element.
  Defaulting to 'Rewrite.FILTER_PURE_ONCE_ASM_REWRITE_TAC' as the title.
  To specify a title, use 'title' in metadata or --metadata title="...".
[WARNING] This document format requires a nonempty <title> element.
  Defaulting to 'Rewrite.GEN_REWRITE_CONV' as the title.
  To specify a title, use 'title' in metadata or --metadata title="...".
[WARNING] This document format requires a nonempty <title> element.
  Defaulting to 'Rewrite.GEN_REWRITE_RULE' as the title.
  To specify a title, use 'title' in metadata or --metadata title="...".
[WARNING] This document format requires a nonempty <title> element.
  Defaulting to 'Rewrite.GEN_REWRITE_TAC' as the title.
  To specify a title, use 'title' in metadata or --metadata title="...".
[WARNING] This document format requires a nonempty <title> element.
  Defaulting to 'Rewrite.ONCE_ASM_REWRITE_RULE' as the title.
  To specify a title, use 'title' in metadata or --metadata title="...".
[WARNING] This document format requires a nonempty <title> element.
  Defaulting to 'Rewrite.ONCE_ASM_REWRITE_TAC' as the title.
  To specify a title, use 'title' in metadata or --metadata title="...".
[WARNING] This document format requires a nonempty <title> element.
  Defaulting to 'Rewrite.ONCE_REWRITE_CONV' as the title.
  To specify a title, use 'title' in metadata or --metadata title="...".
[WARNING] This document format requires a nonempty <title> element.
  Defaulting to 'Rewrite.ONCE_REWRITE_RULE' as the title.
  To specify a title, use 'title' in metadata or --metadata title="...".
[WARNING] This document format requires a nonempty <title> element.
  Defaulting to 'Rewrite.ONCE_REWRITE_TAC' as the title.
  To specify a title, use 'title' in metadata or --metadata title="...".
[WARNING] This document format requires a nonempty <title> element.
  Defaulting to 'Rewrite.PURE_ASM_REWRITE_RULE' as the title.
  To specify a title, use 'title' in metadata or --metadata title="...".
[WARNING] This document format requires a nonempty <title> element.
  Defaulting to 'Rewrite.PURE_ASM_REWRITE_TAC' as the title.
  To specify a title, use 'title' in metadata or --metadata title="...".
[WARNING] This document format requires a nonempty <title> element.
  Defaulting to 'Rewrite.PURE_ONCE_ASM_REWRITE_RULE' as the title.
  To specify a title, use 'title' in metadata or --metadata title="...".
[WARNING] This document format requires a nonempty <title> element.
  Defaulting to 'Rewrite.PURE_ONCE_ASM_REWRITE_TAC' as the title.
  To specify a title, use 'title' in metadata or --metadata title="...".
[WARNING] This document format requires a nonempty <title> element.
  Defaulting to 'Rewrite.PURE_ONCE_REWRITE_CONV' as the title.
  To specify a title, use 'title' in metadata or --metadata title="...".
[WARNING] This document format requires a nonempty <title> element.
  Defaulting to 'Rewrite.PURE_ONCE_REWRITE_RULE' as the title.
  To specify a title, use 'title' in metadata or --metadata title="...".
[WARNING] This document format requires a nonempty <title> element.
  Defaulting to 'Rewrite.PURE_ONCE_REWRITE_TAC' as the title.
  To specify a title, use 'title' in metadata or --metadata title="...".
[WARNING] This document format requires a nonempty <title> element.
  Defaulting to 'Rewrite.PURE_REWRITE_CONV' as the title.
  To specify a title, use 'title' in metadata or --metadata title="...".
[WARNING] This document format requires a nonempty <title> element.
  Defaulting to 'Rewrite.PURE_REWRITE_RULE' as the title.
  To specify a title, use 'title' in metadata or --metadata title="...".
[WARNING] This document format requires a nonempty <title> element.
  Defaulting to 'Rewrite.PURE_REWRITE_TAC' as the title.
  To specify a title, use 'title' in metadata or --metadata title="...".
[WARNING] This document format requires a nonempty <title> element.
  Defaulting to 'Rewrite.REWRITE_CONV' as the title.
  To specify a title, use 'title' in metadata or --metadata title="...".
[WARNING] This document format requires a nonempty <title> element.
  Defaulting to 'Rewrite.REWRITE_RULE' as the title.
  To specify a title, use 'title' in metadata or --metadata title="...".
[WARNING] This document format requires a nonempty <title> element.
  Defaulting to 'Rewrite.REWRITE_TAC' as the title.
  To specify a title, use 'title' in metadata or --metadata title="...".
[WARNING] This document format requires a nonempty <title> element.
  Defaulting to 'Rewrite.SUBST_MATCH' as the title.
  To specify a title, use 'title' in metadata or --metadata title="...".
[WARNING] This document format requires a nonempty <title> element.
  Defaulting to 'Rewrite.add_implicit_rewrites' as the title.
  To specify a title, use 'title' in metadata or --metadata title="...".
[WARNING] This document format requires a nonempty <title> element.
  Defaulting to 'Rewrite.add_rewrites' as the title.
  To specify a title, use 'title' in metadata or --metadata title="...".
[WARNING] This document format requires a nonempty <title> element.
  Defaulting to 'Rewrite.bool_rewrites' as the title.
  To specify a title, use 'title' in metadata or --metadata title="...".
[WARNING] This document format requires a nonempty <title> element.
  Defaulting to 'Rewrite.empty_rewrites' as the title.
  To specify a title, use 'title' in metadata or --metadata title="...".
[WARNING] This document format requires a nonempty <title> element.
  Defaulting to 'Rewrite.implicit_rewrites' as the title.
  To specify a title, use 'title' in metadata or --metadata title="...".
[WARNING] This document format requires a nonempty <title> element.
  Defaulting to 'Rewrite.set_implicit_rewrites' as the title.
  To specify a title, use 'title' in metadata or --metadata title="...".
[WARNING] This document format requires a nonempty <title> element.
  Defaulting to 'Rsyntax' as the title.
  To specify a title, use 'title' in metadata or --metadata title="...".
[WARNING] This document format requires a nonempty <title> element.
  Defaulting to 'Tactic.ABS_TAC' as the title.
  To specify a title, use 'title' in metadata or --metadata title="...".
[WARNING] This document format requires a nonempty <title> element.
  Defaulting to 'Tactic.ACCEPT_TAC' as the title.
  To specify a title, use 'title' in metadata or --metadata title="...".
[WARNING] This document format requires a nonempty <title> element.
  Defaulting to 'Tactic.AP_TERM_TAC' as the title.
  To specify a title, use 'title' in metadata or --metadata title="...".
[WARNING] This document format requires a nonempty <title> element.
  Defaulting to 'Tactic.AP_THM_TAC' as the title.
  To specify a title, use 'title' in metadata or --metadata title="...".
[WARNING] This document format requires a nonempty <title> element.
  Defaulting to 'Tactic.ASM_CASES_TAC' as the title.
  To specify a title, use 'title' in metadata or --metadata title="...".
[WARNING] This document format requires a nonempty <title> element.
  Defaulting to 'Tactic.ASSUME_TAC' as the title.
  To specify a title, use 'title' in metadata or --metadata title="...".
[WARNING] This document format requires a nonempty <title> element.
  Defaulting to 'Tactic.BETA_TAC' as the title.
  To specify a title, use 'title' in metadata or --metadata title="...".
[WARNING] This document format requires a nonempty <title> element.
  Defaulting to 'Tactic.BOOL_CASES_TAC' as the title.
  To specify a title, use 'title' in metadata or --metadata title="...".
[WARNING] This document format requires a nonempty <title> element.
  Defaulting to 'Tactic.CCONTR_TAC' as the title.
  To specify a title, use 'title' in metadata or --metadata title="...".
[WARNING] This document format requires a nonempty <title> element.
  Defaulting to 'Tactic.CHECK_ASSUME_TAC' as the title.
  To specify a title, use 'title' in metadata or --metadata title="...".
[WARNING] This document format requires a nonempty <title> element.
  Defaulting to 'Tactic.CHOOSE_TAC' as the title.
  To specify a title, use 'title' in metadata or --metadata title="...".
[WARNING] This document format requires a nonempty <title> element.
  Defaulting to 'Tactic.COND_CASES_TAC' as the title.
  To specify a title, use 'title' in metadata or --metadata title="...".
[WARNING] This document format requires a nonempty <title> element.
  Defaulting to 'Tactic.CONJ_ASM1_TAC' as the title.
  To specify a title, use 'title' in metadata or --metadata title="...".
[WARNING] This document format requires a nonempty <title> element.
  Defaulting to 'Tactic.CONJ_ASM2_TAC' as the title.
  To specify a title, use 'title' in metadata or --metadata title="...".
[WARNING] This document format requires a nonempty <title> element.
  Defaulting to 'Tactic.CONJ_TAC' as the title.
  To specify a title, use 'title' in metadata or --metadata title="...".
[WARNING] This document format requires a nonempty <title> element.
  Defaulting to 'Tactic.CONTR_TAC' as the title.
  To specify a title, use 'title' in metadata or --metadata title="...".
[WARNING] This document format requires a nonempty <title> element.
  Defaulting to 'Tactic.CONV_TAC' as the title.
  To specify a title, use 'title' in metadata or --metadata title="...".
[WARNING] This document format requires a nonempty <title> element.
  Defaulting to 'Tactic.DEEP_INTRO_TAC' as the title.
  To specify a title, use 'title' in metadata or --metadata title="...".
[WARNING] This document format requires a nonempty <title> element.
  Defaulting to 'Tactic.DISCARD_TAC' as the title.
  To specify a title, use 'title' in metadata or --metadata title="...".
[WARNING] This document format requires a nonempty <title> element.
  Defaulting to 'Tactic.DISCH_TAC' as the title.
  To specify a title, use 'title' in metadata or --metadata title="...".
[WARNING] This document format requires a nonempty <title> element.
  Defaulting to 'Tactic.DISJ1_TAC' as the title.
  To specify a title, use 'title' in metadata or --metadata title="...".
[WARNING] This document format requires a nonempty <title> element.
  Defaulting to 'Tactic.DISJ2_TAC' as the title.
  To specify a title, use 'title' in metadata or --metadata title="...".
[WARNING] This document format requires a nonempty <title> element.
  Defaulting to 'Tactic.DISJ_CASES_TAC' as the title.
  To specify a title, use 'title' in metadata or --metadata title="...".
[WARNING] This document format requires a nonempty <title> element.
  Defaulting to 'Tactic.EQ_MP_TAC' as the title.
  To specify a title, use 'title' in metadata or --metadata title="...".
[WARNING] This document format requires a nonempty <title> element.
  Defaulting to 'Tactic.EQ_TAC' as the title.
  To specify a title, use 'title' in metadata or --metadata title="...".
[WARNING] This document format requires a nonempty <title> element.
  Defaulting to 'Tactic.EXISTS_TAC' as the title.
  To specify a title, use 'title' in metadata or --metadata title="...".
[WARNING] This document format requires a nonempty <title> element.
  Defaulting to 'Tactic.FILTER_DISCH_TAC' as the title.
  To specify a title, use 'title' in metadata or --metadata title="...".
[WARNING] This document format requires a nonempty <title> element.
  Defaulting to 'Tactic.FILTER_DISCH_THEN' as the title.
  To specify a title, use 'title' in metadata or --metadata title="...".
[WARNING] This document format requires a nonempty <title> element.
  Defaulting to 'Tactic.FILTER_GEN_TAC' as the title.
  To specify a title, use 'title' in metadata or --metadata title="...".
[WARNING] This document format requires a nonempty <title> element.
  Defaulting to 'Tactic.FILTER_STRIP_TAC' as the title.
  To specify a title, use 'title' in metadata or --metadata title="...".
[WARNING] This document format requires a nonempty <title> element.
  Defaulting to 'Tactic.FILTER_STRIP_THEN' as the title.
  To specify a title, use 'title' in metadata or --metadata title="...".
[WARNING] This document format requires a nonempty <title> element.
  Defaulting to 'Tactic.FREEZE_THEN' as the title.
  To specify a title, use 'title' in metadata or --metadata title="...".
[WARNING] This document format requires a nonempty <title> element.
  Defaulting to 'Tactic.FULL_STRUCT_CASES_TAC' as the title.
  To specify a title, use 'title' in metadata or --metadata title="...".
[WARNING] This document format requires a nonempty <title> element.
  Defaulting to 'Tactic.GEN_TAC' as the title.
  To specify a title, use 'title' in metadata or --metadata title="...".
[WARNING] This document format requires a nonempty <title> element.
  Defaulting to 'Tactic.GSUBST_TAC' as the title.
  To specify a title, use 'title' in metadata or --metadata title="...".
[WARNING] This document format requires a nonempty <title> element.
  Defaulting to 'Tactic.HINT_EXISTS_TAC' as the title.
  To specify a title, use 'title' in metadata or --metadata title="...".
[WARNING] This document format requires a nonempty <title> element.
  Defaulting to 'Tactic.HO_MATCH_MP_TAC' as the title.
  To specify a title, use 'title' in metadata or --metadata title="...".
[WARNING] This document format requires a nonempty <title> element.
  Defaulting to 'Tactic.IMP_RES_TAC' as the title.
  To specify a title, use 'title' in metadata or --metadata title="...".
[WARNING] This document format requires a nonempty <title> element.
  Defaulting to 'Tactic.KNOW_TAC' as the title.
  To specify a title, use 'title' in metadata or --metadata title="...".
[WARNING] This document format requires a nonempty <title> element.
  Defaulting to 'Tactic.LAST_ASSUME_TAC' as the title.
  To specify a title, use 'title' in metadata or --metadata title="...".
[WARNING] This document format requires a nonempty <title> element.
  Defaulting to 'Tactic.MATCH_ACCEPT_TAC' as the title.
  To specify a title, use 'title' in metadata or --metadata title="...".
[WARNING] This document format requires a nonempty <title> element.
  Defaulting to 'Tactic.MATCH_MP_TAC' as the title.
  To specify a title, use 'title' in metadata or --metadata title="...".
[WARNING] This document format requires a nonempty <title> element.
  Defaulting to 'Tactic.MK_COMB_TAC' as the title.
  To specify a title, use 'title' in metadata or --metadata title="...".
[WARNING] This document format requires a nonempty <title> element.
  Defaulting to 'Tactic.MP_TAC' as the title.
  To specify a title, use 'title' in metadata or --metadata title="...".
[WARNING] This document format requires a nonempty <title> element.
  Defaulting to 'Tactic.NTAC' as the title.
  To specify a title, use 'title' in metadata or --metadata title="...".
[WARNING] This document format requires a nonempty <title> element.
  Defaulting to 'Tactic.REFL_TAC' as the title.
  To specify a title, use 'title' in metadata or --metadata title="...".
[WARNING] This document format requires a nonempty <title> element.
  Defaulting to 'Tactic.RES_TAC' as the title.
  To specify a title, use 'title' in metadata or --metadata title="...".
[WARNING] This document format requires a nonempty <title> element.
  Defaulting to 'Tactic.RULE_ASSUM_TAC' as the title.
  To specify a title, use 'title' in metadata or --metadata title="...".
[WARNING] This document format requires a nonempty <title> element.
  Defaulting to 'Tactic.RULE_L_ASSUM_TAC' as the title.
  To specify a title, use 'title' in metadata or --metadata title="...".
[WARNING] This document format requires a nonempty <title> element.
  Defaulting to 'Tactic.SELECT_ELIM_TAC' as the title.
  To specify a title, use 'title' in metadata or --metadata title="...".
[WARNING] This document format requires a nonempty <title> element.
  Defaulting to 'Tactic.SPEC_TAC' as the title.
  To specify a title, use 'title' in metadata or --metadata title="...".
[WARNING] This document format requires a nonempty <title> element.
  Defaulting to 'Tactic.STRIP_ASSUME_TAC' as the title.
  To specify a title, use 'title' in metadata or --metadata title="...".
[WARNING] This document format requires a nonempty <title> element.
  Defaulting to 'Tactic.STRIP_GOAL_THEN' as the title.
  To specify a title, use 'title' in metadata or --metadata title="...".
[WARNING] This document format requires a nonempty <title> element.
  Defaulting to 'Tactic.STRIP_TAC' as the title.
  To specify a title, use 'title' in metadata or --metadata title="...".
[WARNING] This document format requires a nonempty <title> element.
  Defaulting to 'Tactic.STRUCT_CASES_TAC' as the title.
  To specify a title, use 'title' in metadata or --metadata title="...".
[WARNING] This document format requires a nonempty <title> element.
  Defaulting to 'Tactic.SUBST1_TAC' as the title.
  To specify a title, use 'title' in metadata or --metadata title="...".
[WARNING] This document format requires a nonempty <title> element.
  Defaulting to 'Tactic.SUBST_ALL_TAC' as the title.
  To specify a title, use 'title' in metadata or --metadata title="...".
[WARNING] This document format requires a nonempty <title> element.
  Defaulting to 'Tactic.SUBST_OCCS_TAC' as the title.
  To specify a title, use 'title' in metadata or --metadata title="...".
[WARNING] This document format requires a nonempty <title> element.
  Defaulting to 'Tactic.SUBST_TAC' as the title.
  To specify a title, use 'title' in metadata or --metadata title="...".
[WARNING] This document format requires a nonempty <title> element.
  Defaulting to 'Tactic.SUFF_TAC' as the title.
  To specify a title, use 'title' in metadata or --metadata title="...".
[WARNING] This document format requires a nonempty <title> element.
  Defaulting to 'Tactic.SYM_TAC' as the title.
  To specify a title, use 'title' in metadata or --metadata title="...".
[WARNING] This document format requires a nonempty <title> element.
  Defaulting to 'Tactic.TRANS_TAC' as the title.
  To specify a title, use 'title' in metadata or --metadata title="...".
[WARNING] This document format requires a nonempty <title> element.
  Defaulting to 'Tactic.UNDISCH_TAC' as the title.
  To specify a title, use 'title' in metadata or --metadata title="...".
[WARNING] This document format requires a nonempty <title> element.
  Defaulting to 'Tactic.WEAKEN_TAC' as the title.
  To specify a title, use 'title' in metadata or --metadata title="...".
[WARNING] This document format requires a nonempty <title> element.
  Defaulting to 'Tactic.X_CHOOSE_TAC' as the title.
  To specify a title, use 'title' in metadata or --metadata title="...".
[WARNING] This document format requires a nonempty <title> element.
  Defaulting to 'Tactic.X_GEN_TAC' as the title.
  To specify a title, use 'title' in metadata or --metadata title="...".
[WARNING] This document format requires a nonempty <title> element.
  Defaulting to 'Tactic.drule' as the title.
  To specify a title, use 'title' in metadata or --metadata title="...".
[WARNING] This document format requires a nonempty <title> element.
  Defaulting to 'Tactic.drule_all' as the title.
  To specify a title, use 'title' in metadata or --metadata title="...".
[WARNING] This document format requires a nonempty <title> element.
  Defaulting to 'Tactic.impl_keep_tac' as the title.
  To specify a title, use 'title' in metadata or --metadata title="...".
[WARNING] This document format requires a nonempty <title> element.
  Defaulting to 'Tactic.impl_tac' as the title.
  To specify a title, use 'title' in metadata or --metadata title="...".
[WARNING] This document format requires a nonempty <title> element.
  Defaulting to 'Tactic.irule' as the title.
  To specify a title, use 'title' in metadata or --metadata title="...".
[WARNING] This document format requires a nonempty <title> element.
  Defaulting to 'Tactic.irule_at' as the title.
  To specify a title, use 'title' in metadata or --metadata title="...".
[WARNING] This document format requires a nonempty <title> element.
  Defaulting to 'Tactic.mp_then' as the title.
  To specify a title, use 'title' in metadata or --metadata title="...".
[WARNING] This document format requires a nonempty <title> element.
  Defaulting to 'Tactic.prim_irule' as the title.
  To specify a title, use 'title' in metadata or --metadata title="...".
[WARNING] This document format requires a nonempty <title> element.
  Defaulting to 'Tactical.ADD_SGS_TAC' as the title.
  To specify a title, use 'title' in metadata or --metadata title="...".
[WARNING] This document format requires a nonempty <title> element.
  Defaulting to 'Tactical.ALLGOALS' as the title.
  To specify a title, use 'title' in metadata or --metadata title="...".
[WARNING] This document format requires a nonempty <title> element.
  Defaulting to 'Tactical.ALL_LT' as the title.
  To specify a title, use 'title' in metadata or --metadata title="...".
[WARNING] This document format requires a nonempty <title> element.
  Defaulting to 'Tactical.ALL_TAC' as the title.
  To specify a title, use 'title' in metadata or --metadata title="...".
[WARNING] This document format requires a nonempty <title> element.
  Defaulting to 'Tactical.ASSUM_LIST' as the title.
  To specify a title, use 'title' in metadata or --metadata title="...".
[WARNING] This document format requires a nonempty <title> element.
  Defaulting to 'Tactical.CHANGED_TAC' as the title.
  To specify a title, use 'title' in metadata or --metadata title="...".
[WARNING] This document format requires a nonempty <title> element.
  Defaulting to 'Tactical.CONJ_VALIDATE' as the title.
  To specify a title, use 'title' in metadata or --metadata title="...".
[WARNING] This document format requires a nonempty <title> element.
  Defaulting to 'Tactical.EVERY' as the title.
  To specify a title, use 'title' in metadata or --metadata title="...".
[WARNING] This document format requires a nonempty <title> element.
  Defaulting to 'Tactical.EVERY_ASSUM' as the title.
  To specify a title, use 'title' in metadata or --metadata title="...".
[WARNING] This document format requires a nonempty <title> element.
  Defaulting to 'Tactical.EVERY_LT' as the title.
  To specify a title, use 'title' in metadata or --metadata title="...".
[WARNING] This document format requires a nonempty <title> element.
  Defaulting to 'Tactical.FAIL_LT' as the title.
  To specify a title, use 'title' in metadata or --metadata title="...".
[WARNING] This document format requires a nonempty <title> element.
  Defaulting to 'Tactical.FAIL_TAC' as the title.
  To specify a title, use 'title' in metadata or --metadata title="...".
[WARNING] This document format requires a nonempty <title> element.
  Defaulting to 'Tactical.FIRST' as the title.
  To specify a title, use 'title' in metadata or --metadata title="...".
[WARNING] This document format requires a nonempty <title> element.
  Defaulting to 'Tactical.FIRST_ASSUM' as the title.
  To specify a title, use 'title' in metadata or --metadata title="...".
[WARNING] This document format requires a nonempty <title> element.
  Defaulting to 'Tactical.FIRST_LT' as the title.
  To specify a title, use 'title' in metadata or --metadata title="...".
[WARNING] This document format requires a nonempty <title> element.
  Defaulting to 'Tactical.FIRST_PROVE' as the title.
  To specify a title, use 'title' in metadata or --metadata title="...".
[WARNING] This document format requires a nonempty <title> element.
  Defaulting to 'Tactical.FIRST_X_ASSUM' as the title.
  To specify a title, use 'title' in metadata or --metadata title="...".
[WARNING] This document format requires a nonempty <title> element.
  Defaulting to 'Tactical.GEN_VALIDATE' as the title.
  To specify a title, use 'title' in metadata or --metadata title="...".
[WARNING] This document format requires a nonempty <title> element.
  Defaulting to 'Tactical.GEN_VALIDATE_LT' as the title.
  To specify a title, use 'title' in metadata or --metadata title="...".
[WARNING] This document format requires a nonempty <title> element.
  Defaulting to 'Tactical.HEADGOAL' as the title.
  To specify a title, use 'title' in metadata or --metadata title="...".
[WARNING] This document format requires a nonempty <title> element.
  Defaulting to 'Tactical.IF' as the title.
  To specify a title, use 'title' in metadata or --metadata title="...".
[WARNING] This document format requires a nonempty <title> element.
  Defaulting to 'Tactical.LASTGOAL' as the title.
  To specify a title, use 'title' in metadata or --metadata title="...".
[WARNING] This document format requires a nonempty <title> element.
  Defaulting to 'Tactical.LAST_ASSUM' as the title.
  To specify a title, use 'title' in metadata or --metadata title="...".
[WARNING] This document format requires a nonempty <title> element.
  Defaulting to 'Tactical.LAST_X_ASSUM' as the title.
  To specify a title, use 'title' in metadata or --metadata title="...".
[WARNING] This document format requires a nonempty <title> element.
  Defaulting to 'Tactical.MAP_EVERY' as the title.
  To specify a title, use 'title' in metadata or --metadata title="...".
[WARNING] This document format requires a nonempty <title> element.
  Defaulting to 'Tactical.MAP_FIRST' as the title.
  To specify a title, use 'title' in metadata or --metadata title="...".
[WARNING] This document format requires a nonempty <title> element.
  Defaulting to 'Tactical.NO_LT' as the title.
  To specify a title, use 'title' in metadata or --metadata title="...".
[WARNING] This document format requires a nonempty <title> element.
  Defaulting to 'Tactical.NO_TAC' as the title.
  To specify a title, use 'title' in metadata or --metadata title="...".
[WARNING] This document format requires a nonempty <title> element.
  Defaulting to 'Tactical.NTH_GOAL' as the title.
  To specify a title, use 'title' in metadata or --metadata title="...".
[WARNING] This document format requires a nonempty <title> element.
  Defaulting to 'Tactical.NULL_OK_LT' as the title.
  To specify a title, use 'title' in metadata or --metadata title="...".
[WARNING] This document format requires a nonempty <title> element.
  Defaulting to 'Tactical.ORELSE' as the title.
  To specify a title, use 'title' in metadata or --metadata title="...".
[WARNING] This document format requires a nonempty <title> element.
  Defaulting to 'Tactical.ORELSE_LT' as the title.
  To specify a title, use 'title' in metadata or --metadata title="...".
[WARNING] This document format requires a nonempty <title> element.
  Defaulting to 'Tactical.PAT_ASSUM' as the title.
  To specify a title, use 'title' in metadata or --metadata title="...".
[WARNING] This document format requires a nonempty <title> element.
  Defaulting to 'Tactical.PAT_X_ASSUM' as the title.
  To specify a title, use 'title' in metadata or --metadata title="...".
[WARNING] This document format requires a nonempty <title> element.
  Defaulting to 'Tactical.POP_ASSUM' as the title.
  To specify a title, use 'title' in metadata or --metadata title="...".
[WARNING] This document format requires a nonempty <title> element.
  Defaulting to 'Tactical.POP_ASSUM_LIST' as the title.
  To specify a title, use 'title' in metadata or --metadata title="...".
[WARNING] This document format requires a nonempty <title> element.
  Defaulting to 'Tactical.POP_LAST_ASSUM' as the title.
  To specify a title, use 'title' in metadata or --metadata title="...".
[WARNING] This document format requires a nonempty <title> element.
  Defaulting to 'Tactical.PRED_ASSUM' as the title.
  To specify a title, use 'title' in metadata or --metadata title="...".
[WARNING] This document format requires a nonempty <title> element.
  Defaulting to 'Tactical.Q_TAC' as the title.
  To specify a title, use 'title' in metadata or --metadata title="...".
[WARNING] This document format requires a nonempty <title> element.
  Defaulting to 'Tactical.REPEAT' as the title.
  To specify a title, use 'title' in metadata or --metadata title="...".
[WARNING] This document format requires a nonempty <title> element.
  Defaulting to 'Tactical.REPEAT_LT' as the title.
  To specify a title, use 'title' in metadata or --metadata title="...".
[WARNING] This document format requires a nonempty <title> element.
  Defaulting to 'Tactical.REVERSE' as the title.
  To specify a title, use 'title' in metadata or --metadata title="...".
[WARNING] This document format requires a nonempty <title> element.
  Defaulting to 'Tactical.REVERSE_LT' as the title.
  To specify a title, use 'title' in metadata or --metadata title="...".
[WARNING] This document format requires a nonempty <title> element.
  Defaulting to 'Tactical.ROTATE_LT' as the title.
  To specify a title, use 'title' in metadata or --metadata title="...".
[WARNING] This document format requires a nonempty <title> element.
  Defaulting to 'Tactical.SELECT_LT' as the title.
  To specify a title, use 'title' in metadata or --metadata title="...".
[WARNING] This document format requires a nonempty <title> element.
  Defaulting to 'Tactical.SELECT_LT_THEN' as the title.
  To specify a title, use 'title' in metadata or --metadata title="...".
[WARNING] This document format requires a nonempty <title> element.
  Defaulting to 'Tactical.SPLIT_LT' as the title.
  To specify a title, use 'title' in metadata or --metadata title="...".
[WARNING] This document format requires a nonempty <title> element.
  Defaulting to 'Tactical.SUBGOAL_THEN' as the title.
  To specify a title, use 'title' in metadata or --metadata title="...".
[WARNING] This document format requires a nonempty <title> element.
  Defaulting to 'Tactical.TACS_TO_LT' as the title.
  To specify a title, use 'title' in metadata or --metadata title="...".
[WARNING] This document format requires a nonempty <title> element.
  Defaulting to 'Tactical.TAC_PROOF' as the title.
  To specify a title, use 'title' in metadata or --metadata title="...".
[WARNING] This document format requires a nonempty <title> element.
  Defaulting to 'Tactical.THEN' as the title.
  To specify a title, use 'title' in metadata or --metadata title="...".
[WARNING] This document format requires a nonempty <title> element.
  Defaulting to 'Tactical.THEN1' as the title.
  To specify a title, use 'title' in metadata or --metadata title="...".
[WARNING] This document format requires a nonempty <title> element.
  Defaulting to 'Tactical.THENL' as the title.
  To specify a title, use 'title' in metadata or --metadata title="...".
[WARNING] This document format requires a nonempty <title> element.
  Defaulting to 'Tactical.THEN_LT' as the title.
  To specify a title, use 'title' in metadata or --metadata title="...".
[WARNING] This document format requires a nonempty <title> element.
  Defaulting to 'Tactical.TRY' as the title.
  To specify a title, use 'title' in metadata or --metadata title="...".
[WARNING] This document format requires a nonempty <title> element.
  Defaulting to 'Tactical.TRYALL' as the title.
  To specify a title, use 'title' in metadata or --metadata title="...".
[WARNING] This document format requires a nonempty <title> element.
  Defaulting to 'Tactical.TRY_LT' as the title.
  To specify a title, use 'title' in metadata or --metadata title="...".
[WARNING] This document format requires a nonempty <title> element.
  Defaulting to 'Tactical.USE_SG_THEN' as the title.
  To specify a title, use 'title' in metadata or --metadata title="...".
[WARNING] This document format requires a nonempty <title> element.
  Defaulting to 'Tactical.VALID' as the title.
  To specify a title, use 'title' in metadata or --metadata title="...".
[WARNING] This document format requires a nonempty <title> element.
  Defaulting to 'Tactical.VALIDATE' as the title.
  To specify a title, use 'title' in metadata or --metadata title="...".
[WARNING] This document format requires a nonempty <title> element.
  Defaulting to 'Tactical.VALIDATE_LT' as the title.
  To specify a title, use 'title' in metadata or --metadata title="...".
[WARNING] This document format requires a nonempty <title> element.
  Defaulting to 'Tactical.VALID_LT' as the title.
  To specify a title, use 'title' in metadata or --metadata title="...".
[WARNING] This document format requires a nonempty <title> element.
  Defaulting to 'Tactical.goal_assum' as the title.
  To specify a title, use 'title' in metadata or --metadata title="...".
[WARNING] This document format requires a nonempty <title> element.
  Defaulting to 'Tactical.prove' as the title.
  To specify a title, use 'title' in metadata or --metadata title="...".
[WARNING] This document format requires a nonempty <title> element.
  Defaulting to 'Tactical.store_thm' as the title.
  To specify a title, use 'title' in metadata or --metadata title="...".
[WARNING] This document format requires a nonempty <title> element.
  Defaulting to 'Tag.isEmpty' as the title.
  To specify a title, use 'title' in metadata or --metadata title="...".
[WARNING] This document format requires a nonempty <title> element.
  Defaulting to 'Tag.merge' as the title.
  To specify a title, use 'title' in metadata or --metadata title="...".
[WARNING] This document format requires a nonempty <title> element.
  Defaulting to 'Tag.pp_tag' as the title.
  To specify a title, use 'title' in metadata or --metadata title="...".
[WARNING] This document format requires a nonempty <title> element.
  Defaulting to 'Tag.read' as the title.
  To specify a title, use 'title' in metadata or --metadata title="...".
[WARNING] This document format requires a nonempty <title> element.
  Defaulting to 'Tag.tag' as the title.
  To specify a title, use 'title' in metadata or --metadata title="...".
[WARNING] This document format requires a nonempty <title> element.
  Defaulting to 'Term.FVL' as the title.
  To specify a title, use 'title' in metadata or --metadata title="...".
[WARNING] This document format requires a nonempty <title> element.
  Defaulting to 'Term.aconv' as the title.
  To specify a title, use 'title' in metadata or --metadata title="...".
[WARNING] This document format requires a nonempty <title> element.
  Defaulting to 'Term.all_atoms' as the title.
  To specify a title, use 'title' in metadata or --metadata title="...".
[WARNING] This document format requires a nonempty <title> element.
  Defaulting to 'Term.all_consts' as the title.
  To specify a title, use 'title' in metadata or --metadata title="...".
[WARNING] This document format requires a nonempty <title> element.
  Defaulting to 'Term.all_vars' as the title.
  To specify a title, use 'title' in metadata or --metadata title="...".
[WARNING] This document format requires a nonempty <title> element.
  Defaulting to 'Term.all_varsl' as the title.
  To specify a title, use 'title' in metadata or --metadata title="...".
[WARNING] This document format requires a nonempty <title> element.
  Defaulting to 'Term.beta_conv' as the title.
  To specify a title, use 'title' in metadata or --metadata title="...".
[WARNING] This document format requires a nonempty <title> element.
  Defaulting to 'Term.body' as the title.
  To specify a title, use 'title' in metadata or --metadata title="...".
[WARNING] This document format requires a nonempty <title> element.
  Defaulting to 'Term.bvar' as the title.
  To specify a title, use 'title' in metadata or --metadata title="...".
[WARNING] This document format requires a nonempty <title> element.
  Defaulting to 'Term.compare' as the title.
  To specify a title, use 'title' in metadata or --metadata title="...".
[WARNING] This document format requires a nonempty <title> element.
  Defaulting to 'Term.decls' as the title.
  To specify a title, use 'title' in metadata or --metadata title="...".
[WARNING] This document format requires a nonempty <title> element.
  Defaulting to 'Term.dest_abs' as the title.
  To specify a title, use 'title' in metadata or --metadata title="...".
[WARNING] This document format requires a nonempty <title> element.
  Defaulting to 'Term.dest_comb' as the title.
  To specify a title, use 'title' in metadata or --metadata title="...".
[WARNING] This document format requires a nonempty <title> element.
  Defaulting to 'Term.dest_const' as the title.
  To specify a title, use 'title' in metadata or --metadata title="...".
[WARNING] This document format requires a nonempty <title> element.
  Defaulting to 'Term.dest_term' as the title.
  To specify a title, use 'title' in metadata or --metadata title="...".
[WARNING] This document format requires a nonempty <title> element.
  Defaulting to 'Term.dest_thy_const' as the title.
  To specify a title, use 'title' in metadata or --metadata title="...".
[WARNING] This document format requires a nonempty <title> element.
  Defaulting to 'Term.dest_var' as the title.
  To specify a title, use 'title' in metadata or --metadata title="...".
[WARNING] This document format requires a nonempty <title> element.
  Defaulting to 'Term.empty_tmset' as the title.
  To specify a title, use 'title' in metadata or --metadata title="...".
[WARNING] This document format requires a nonempty <title> element.
  Defaulting to 'Term.empty_varset' as the title.
  To specify a title, use 'title' in metadata or --metadata title="...".
[WARNING] This document format requires a nonempty <title> element.
  Defaulting to 'Term.eta_conv' as the title.
  To specify a title, use 'title' in metadata or --metadata title="...".
[WARNING] This document format requires a nonempty <title> element.
  Defaulting to 'Term.free_in' as the title.
  To specify a title, use 'title' in metadata or --metadata title="...".
[WARNING] This document format requires a nonempty <title> element.
  Defaulting to 'Term.free_vars' as the title.
  To specify a title, use 'title' in metadata or --metadata title="...".
[WARNING] This document format requires a nonempty <title> element.
  Defaulting to 'Term.free_vars_lr' as the title.
  To specify a title, use 'title' in metadata or --metadata title="...".
[WARNING] This document format requires a nonempty <title> element.
  Defaulting to 'Term.free_varsl' as the title.
  To specify a title, use 'title' in metadata or --metadata title="...".
[WARNING] This document format requires a nonempty <title> element.
  Defaulting to 'Term.genvar' as the title.
  To specify a title, use 'title' in metadata or --metadata title="...".
[WARNING] This document format requires a nonempty <title> element.
  Defaulting to 'Term.genvars' as the title.
  To specify a title, use 'title' in metadata or --metadata title="...".
[WARNING] This document format requires a nonempty <title> element.
  Defaulting to 'Term.inst' as the title.
  To specify a title, use 'title' in metadata or --metadata title="...".
[WARNING] This document format requires a nonempty <title> element.
  Defaulting to 'Term.is_abs' as the title.
  To specify a title, use 'title' in metadata or --metadata title="...".
[WARNING] This document format requires a nonempty <title> element.
  Defaulting to 'Term.is_comb' as the title.
  To specify a title, use 'title' in metadata or --metadata title="...".
[WARNING] This document format requires a nonempty <title> element.
  Defaulting to 'Term.is_const' as the title.
  To specify a title, use 'title' in metadata or --metadata title="...".
[WARNING] This document format requires a nonempty <title> element.
  Defaulting to 'Term.is_genvar' as the title.
  To specify a title, use 'title' in metadata or --metadata title="...".
[WARNING] This document format requires a nonempty <title> element.
  Defaulting to 'Term.is_var' as the title.
  To specify a title, use 'title' in metadata or --metadata title="...".
[WARNING] This document format requires a nonempty <title> element.
  Defaulting to 'Term.list_mk_abs' as the title.
  To specify a title, use 'title' in metadata or --metadata title="...".
[WARNING] This document format requires a nonempty <title> element.
  Defaulting to 'Term.list_mk_binder' as the title.
  To specify a title, use 'title' in metadata or --metadata title="...".
[WARNING] This document format requires a nonempty <title> element.
  Defaulting to 'Term.list_mk_comb' as the title.
  To specify a title, use 'title' in metadata or --metadata title="...".
[WARNING] This document format requires a nonempty <title> element.
  Defaulting to 'Term.match_term' as the title.
  To specify a title, use 'title' in metadata or --metadata title="...".
[WARNING] This document format requires a nonempty <title> element.
  Defaulting to 'Term.match_terml' as the title.
  To specify a title, use 'title' in metadata or --metadata title="...".
[WARNING] This document format requires a nonempty <title> element.
  Defaulting to 'Term.mk_abs' as the title.
  To specify a title, use 'title' in metadata or --metadata title="...".
[WARNING] This document format requires a nonempty <title> element.
  Defaulting to 'Term.mk_comb' as the title.
  To specify a title, use 'title' in metadata or --metadata title="...".
[WARNING] This document format requires a nonempty <title> element.
  Defaulting to 'Term.mk_const' as the title.
  To specify a title, use 'title' in metadata or --metadata title="...".
[WARNING] This document format requires a nonempty <title> element.
  Defaulting to 'Term.mk_primed_var' as the title.
  To specify a title, use 'title' in metadata or --metadata title="...".
[WARNING] This document format requires a nonempty <title> element.
  Defaulting to 'Term.mk_thy_const' as the title.
  To specify a title, use 'title' in metadata or --metadata title="...".
[WARNING] This document format requires a nonempty <title> element.
  Defaulting to 'Term.mk_var' as the title.
  To specify a title, use 'title' in metadata or --metadata title="...".
[WARNING] This document format requires a nonempty <title> element.
  Defaulting to 'Term.norm_subst' as the title.
  To specify a title, use 'title' in metadata or --metadata title="...".
[WARNING] This document format requires a nonempty <title> element.
  Defaulting to 'Term.prim_mk_const' as the title.
  To specify a title, use 'title' in metadata or --metadata title="...".
[WARNING] This document format requires a nonempty <title> element.
  Defaulting to 'Term.prim_variant' as the title.
  To specify a title, use 'title' in metadata or --metadata title="...".
[WARNING] This document format requires a nonempty <title> element.
  Defaulting to 'Term.rand' as the title.
  To specify a title, use 'title' in metadata or --metadata title="...".
[WARNING] This document format requires a nonempty <title> element.
  Defaulting to 'Term.rator' as the title.
  To specify a title, use 'title' in metadata or --metadata title="...".
[WARNING] This document format requires a nonempty <title> element.
  Defaulting to 'Term.raw_match' as the title.
  To specify a title, use 'title' in metadata or --metadata title="...".
[WARNING] This document format requires a nonempty <title> element.
  Defaulting to 'Term.rename_bvar' as the title.
  To specify a title, use 'title' in metadata or --metadata title="...".
[WARNING] This document format requires a nonempty <title> element.
  Defaulting to 'Term.same_const' as the title.
  To specify a title, use 'title' in metadata or --metadata title="...".
[WARNING] This document format requires a nonempty <title> element.
  Defaulting to 'Term.strip_abs' as the title.
  To specify a title, use 'title' in metadata or --metadata title="...".
[WARNING] This document format requires a nonempty <title> element.
  Defaulting to 'Term.strip_binder' as the title.
  To specify a title, use 'title' in metadata or --metadata title="...".
[WARNING] This document format requires a nonempty <title> element.
  Defaulting to 'Term.subst' as the title.
  To specify a title, use 'title' in metadata or --metadata title="...".
[WARNING] This document format requires a nonempty <title> element.
  Defaulting to 'Term.term' as the title.
  To specify a title, use 'title' in metadata or --metadata title="...".
[WARNING] This document format requires a nonempty <title> element.
  Defaulting to 'Term.type_of' as the title.
  To specify a title, use 'title' in metadata or --metadata title="...".
[WARNING] This document format requires a nonempty <title> element.
  Defaulting to 'Term.type_vars_in_term' as the title.
  To specify a title, use 'title' in metadata or --metadata title="...".
[WARNING] This document format requires a nonempty <title> element.
  Defaulting to 'Term.var_compare' as the title.
  To specify a title, use 'title' in metadata or --metadata title="...".
[WARNING] This document format requires a nonempty <title> element.
  Defaulting to 'Term.var_occurs' as the title.
  To specify a title, use 'title' in metadata or --metadata title="...".
[WARNING] This document format requires a nonempty <title> element.
  Defaulting to 'Term.variant' as the title.
  To specify a title, use 'title' in metadata or --metadata title="...".
[WARNING] This document format requires a nonempty <title> element.
  Defaulting to 'Theory.ancestry' as the title.
  To specify a title, use 'title' in metadata or --metadata title="...".
[WARNING] This document format requires a nonempty <title> element.
  Defaulting to 'Theory.constants' as the title.
  To specify a title, use 'title' in metadata or --metadata title="...".
[WARNING] This document format requires a nonempty <title> element.
  Defaulting to 'Theory.current_axioms' as the title.
  To specify a title, use 'title' in metadata or --metadata title="...".
[WARNING] This document format requires a nonempty <title> element.
  Defaulting to 'Theory.current_definitions' as the title.
  To specify a title, use 'title' in metadata or --metadata title="...".
[WARNING] This document format requires a nonempty <title> element.
  Defaulting to 'Theory.current_theorems' as the title.
  To specify a title, use 'title' in metadata or --metadata title="...".
[WARNING] This document format requires a nonempty <title> element.
  Defaulting to 'Theory.current_theory' as the title.
  To specify a title, use 'title' in metadata or --metadata title="...".
[WARNING] This document format requires a nonempty <title> element.
  Defaulting to 'Theory.delete_binding' as the title.
  To specify a title, use 'title' in metadata or --metadata title="...".
[WARNING] This document format requires a nonempty <title> element.
  Defaulting to 'Theory.delete_const' as the title.
  To specify a title, use 'title' in metadata or --metadata title="...".
[WARNING] This document format requires a nonempty <title> element.
  Defaulting to 'Theory.delete_type' as the title.
  To specify a title, use 'title' in metadata or --metadata title="...".
[WARNING] This document format requires a nonempty <title> element.
  Defaulting to 'Theory.export_theory' as the title.
  To specify a title, use 'title' in metadata or --metadata title="...".
[WARNING] This document format requires a nonempty <title> element.
  Defaulting to 'Theory.new_axiom' as the title.
  To specify a title, use 'title' in metadata or --metadata title="...".
[WARNING] This document format requires a nonempty <title> element.
  Defaulting to 'Theory.new_constant' as the title.
  To specify a title, use 'title' in metadata or --metadata title="...".
[WARNING] This document format requires a nonempty <title> element.
  Defaulting to 'Theory.new_theory' as the title.
  To specify a title, use 'title' in metadata or --metadata title="...".
[WARNING] This document format requires a nonempty <title> element.
  Defaulting to 'Theory.new_type' as the title.
  To specify a title, use 'title' in metadata or --metadata title="...".
[WARNING] This document format requires a nonempty <title> element.
  Defaulting to 'Theory.parents' as the title.
  To specify a title, use 'title' in metadata or --metadata title="...".
[WARNING] This document format requires a nonempty <title> element.
  Defaulting to 'Theory.save_thm' as the title.
  To specify a title, use 'title' in metadata or --metadata title="...".
[WARNING] This document format requires a nonempty <title> element.
  Defaulting to 'Theory.scrub' as the title.
  To specify a title, use 'title' in metadata or --metadata title="...".
[WARNING] This document format requires a nonempty <title> element.
  Defaulting to 'Theory.set_MLname' as the title.
  To specify a title, use 'title' in metadata or --metadata title="...".
[WARNING] This document format requires a nonempty <title> element.
  Defaulting to 'Theory.thy_addon' as the title.
  To specify a title, use 'title' in metadata or --metadata title="...".
[WARNING] This document format requires a nonempty <title> element.
  Defaulting to 'Theory.types' as the title.
  To specify a title, use 'title' in metadata or --metadata title="...".
[WARNING] This document format requires a nonempty <title> element.
  Defaulting to 'Theory.uptodate_term' as the title.
  To specify a title, use 'title' in metadata or --metadata title="...".
[WARNING] This document format requires a nonempty <title> element.
  Defaulting to 'Theory.uptodate_thm' as the title.
  To specify a title, use 'title' in metadata or --metadata title="...".
[WARNING] This document format requires a nonempty <title> element.
  Defaulting to 'Theory.uptodate_type' as the title.
  To specify a title, use 'title' in metadata or --metadata title="...".
[WARNING] This document format requires a nonempty <title> element.
  Defaulting to 'Thm.ABS' as the title.
  To specify a title, use 'title' in metadata or --metadata title="...".
[WARNING] This document format requires a nonempty <title> element.
  Defaulting to 'Thm.ALPHA' as the title.
  To specify a title, use 'title' in metadata or --metadata title="...".
[WARNING] This document format requires a nonempty <title> element.
  Defaulting to 'Thm.AP_TERM' as the title.
  To specify a title, use 'title' in metadata or --metadata title="...".
[WARNING] This document format requires a nonempty <title> element.
  Defaulting to 'Thm.AP_THM' as the title.
  To specify a title, use 'title' in metadata or --metadata title="...".
[WARNING] This document format requires a nonempty <title> element.
  Defaulting to 'Thm.ASSUME' as the title.
  To specify a title, use 'title' in metadata or --metadata title="...".
[WARNING] This document format requires a nonempty <title> element.
  Defaulting to 'Thm.BETA_CONV' as the title.
  To specify a title, use 'title' in metadata or --metadata title="...".
[WARNING] This document format requires a nonempty <title> element.
  Defaulting to 'Thm.Beta' as the title.
  To specify a title, use 'title' in metadata or --metadata title="...".
[WARNING] This document format requires a nonempty <title> element.
  Defaulting to 'Thm.CCONTR' as the title.
  To specify a title, use 'title' in metadata or --metadata title="...".
[WARNING] This document format requires a nonempty <title> element.
  Defaulting to 'Thm.CHOOSE' as the title.
  To specify a title, use 'title' in metadata or --metadata title="...".
[WARNING] This document format requires a nonempty <title> element.
  Defaulting to 'Thm.CONJ' as the title.
  To specify a title, use 'title' in metadata or --metadata title="...".
[WARNING] This document format requires a nonempty <title> element.
  Defaulting to 'Thm.CONJUNCT1' as the title.
  To specify a title, use 'title' in metadata or --metadata title="...".
[WARNING] This document format requires a nonempty <title> element.
  Defaulting to 'Thm.CONJUNCT2' as the title.
  To specify a title, use 'title' in metadata or --metadata title="...".
[WARNING] This document format requires a nonempty <title> element.
  Defaulting to 'Thm.DISCH' as the title.
  To specify a title, use 'title' in metadata or --metadata title="...".
[WARNING] This document format requires a nonempty <title> element.
  Defaulting to 'Thm.DISJ1' as the title.
  To specify a title, use 'title' in metadata or --metadata title="...".
[WARNING] This document format requires a nonempty <title> element.
  Defaulting to 'Thm.DISJ2' as the title.
  To specify a title, use 'title' in metadata or --metadata title="...".
[WARNING] This document format requires a nonempty <title> element.
  Defaulting to 'Thm.DISJ_CASES' as the title.
  To specify a title, use 'title' in metadata or --metadata title="...".
[WARNING] This document format requires a nonempty <title> element.
  Defaulting to 'Thm.EQ_IMP_RULE' as the title.
  To specify a title, use 'title' in metadata or --metadata title="...".
[WARNING] This document format requires a nonempty <title> element.
  Defaulting to 'Thm.EQ_MP' as the title.
  To specify a title, use 'title' in metadata or --metadata title="...".
[WARNING] This document format requires a nonempty <title> element.
  Defaulting to 'Thm.EXISTS' as the title.
  To specify a title, use 'title' in metadata or --metadata title="...".
[WARNING] This document format requires a nonempty <title> element.
  Defaulting to 'Thm.GEN' as the title.
  To specify a title, use 'title' in metadata or --metadata title="...".
[WARNING] This document format requires a nonempty <title> element.
  Defaulting to 'Thm.GENL' as the title.
  To specify a title, use 'title' in metadata or --metadata title="...".
[WARNING] This document format requires a nonempty <title> element.
  Defaulting to 'Thm.GEN_ABS' as the title.
  To specify a title, use 'title' in metadata or --metadata title="...".
[WARNING] This document format requires a nonempty <title> element.
  Defaulting to 'Thm.INST' as the title.
  To specify a title, use 'title' in metadata or --metadata title="...".
[WARNING] This document format requires a nonempty <title> element.
  Defaulting to 'Thm.INST_TYPE' as the title.
  To specify a title, use 'title' in metadata or --metadata title="...".
[WARNING] This document format requires a nonempty <title> element.
  Defaulting to 'Thm.MK_COMB' as the title.
  To specify a title, use 'title' in metadata or --metadata title="...".
[WARNING] This document format requires a nonempty <title> element.
  Defaulting to 'Thm.MP' as the title.
  To specify a title, use 'title' in metadata or --metadata title="...".
[WARNING] This document format requires a nonempty <title> element.
  Defaulting to 'Thm.NOT_ELIM' as the title.
  To specify a title, use 'title' in metadata or --metadata title="...".
[WARNING] This document format requires a nonempty <title> element.
  Defaulting to 'Thm.NOT_INTRO' as the title.
  To specify a title, use 'title' in metadata or --metadata title="...".
[WARNING] This document format requires a nonempty <title> element.
  Defaulting to 'Thm.REFL' as the title.
  To specify a title, use 'title' in metadata or --metadata title="...".
[WARNING] This document format requires a nonempty <title> element.
  Defaulting to 'Thm.SPEC' as the title.
  To specify a title, use 'title' in metadata or --metadata title="...".
[WARNING] This document format requires a nonempty <title> element.
  Defaulting to 'Thm.SUBST' as the title.
  To specify a title, use 'title' in metadata or --metadata title="...".
[WARNING] This document format requires a nonempty <title> element.
  Defaulting to 'Thm.SYM' as the title.
  To specify a title, use 'title' in metadata or --metadata title="...".
[WARNING] This document format requires a nonempty <title> element.
  Defaulting to 'Thm.Specialize' as the title.
  To specify a title, use 'title' in metadata or --metadata title="...".
[WARNING] This document format requires a nonempty <title> element.
  Defaulting to 'Thm.TRANS' as the title.
  To specify a title, use 'title' in metadata or --metadata title="...".
[WARNING] This document format requires a nonempty <title> element.
  Defaulting to 'Thm.add_tag' as the title.
  To specify a title, use 'title' in metadata or --metadata title="...".
[WARNING] This document format requires a nonempty <title> element.
  Defaulting to 'Thm.concl' as the title.
  To specify a title, use 'title' in metadata or --metadata title="...".
[WARNING] This document format requires a nonempty <title> element.
  Defaulting to 'Thm.dest_thm' as the title.
  To specify a title, use 'title' in metadata or --metadata title="...".
[WARNING] This document format requires a nonempty <title> element.
  Defaulting to 'Thm.hyp' as the title.
  To specify a title, use 'title' in metadata or --metadata title="...".
[WARNING] This document format requires a nonempty <title> element.
  Defaulting to 'Thm.mk_oracle_thm' as the title.
  To specify a title, use 'title' in metadata or --metadata title="...".
[WARNING] This document format requires a nonempty <title> element.
  Defaulting to 'Thm.mk_thm' as the title.
  To specify a title, use 'title' in metadata or --metadata title="...".
[WARNING] This document format requires a nonempty <title> element.
  Defaulting to 'Thm.tag' as the title.
  To specify a title, use 'title' in metadata or --metadata title="...".
[WARNING] This document format requires a nonempty <title> element.
  Defaulting to 'Thm.thm' as the title.
  To specify a title, use 'title' in metadata or --metadata title="...".
[WARNING] This document format requires a nonempty <title> element.
  Defaulting to 'ThmAttribute.define_abbreviation' as the title.
  To specify a title, use 'title' in metadata or --metadata title="...".
[WARNING] This document format requires a nonempty <title> element.
  Defaulting to 'Thm_cont.ALL_THEN' as the title.
  To specify a title, use 'title' in metadata or --metadata title="...".
[WARNING] This document format requires a nonempty <title> element.
  Defaulting to 'Thm_cont.ANTE_RES_THEN' as the title.
  To specify a title, use 'title' in metadata or --metadata title="...".
[WARNING] This document format requires a nonempty <title> element.
  Defaulting to 'Thm_cont.CASES_THENL' as the title.
  To specify a title, use 'title' in metadata or --metadata title="...".
[WARNING] This document format requires a nonempty <title> element.
  Defaulting to 'Thm_cont.CHOOSE_THEN' as the title.
  To specify a title, use 'title' in metadata or --metadata title="...".
[WARNING] This document format requires a nonempty <title> element.
  Defaulting to 'Thm_cont.CONJUNCTS_THEN' as the title.
  To specify a title, use 'title' in metadata or --metadata title="...".
[WARNING] This document format requires a nonempty <title> element.
  Defaulting to 'Thm_cont.CONJUNCTS_THEN2' as the title.
  To specify a title, use 'title' in metadata or --metadata title="...".
[WARNING] This document format requires a nonempty <title> element.
  Defaulting to 'Thm_cont.DISCH_THEN' as the title.
  To specify a title, use 'title' in metadata or --metadata title="...".
[WARNING] This document format requires a nonempty <title> element.
  Defaulting to 'Thm_cont.DISJ_CASES_THEN' as the title.
  To specify a title, use 'title' in metadata or --metadata title="...".
[WARNING] This document format requires a nonempty <title> element.
  Defaulting to 'Thm_cont.DISJ_CASES_THEN2' as the title.
  To specify a title, use 'title' in metadata or --metadata title="...".
[WARNING] This document format requires a nonempty <title> element.
  Defaulting to 'Thm_cont.DISJ_CASES_THENL' as the title.
  To specify a title, use 'title' in metadata or --metadata title="...".
[WARNING] This document format requires a nonempty <title> element.
  Defaulting to 'Thm_cont.EVERY_TCL' as the title.
  To specify a title, use 'title' in metadata or --metadata title="...".
[WARNING] This document format requires a nonempty <title> element.
  Defaulting to 'Thm_cont.FIRST_TCL' as the title.
  To specify a title, use 'title' in metadata or --metadata title="...".
[WARNING] This document format requires a nonempty <title> element.
  Defaulting to 'Thm_cont.IMP_RES_THEN' as the title.
  To specify a title, use 'title' in metadata or --metadata title="...".
[WARNING] This document format requires a nonempty <title> element.
  Defaulting to 'Thm_cont.NO_THEN' as the title.
  To specify a title, use 'title' in metadata or --metadata title="...".
[WARNING] This document format requires a nonempty <title> element.
  Defaulting to 'Thm_cont.ORELSE_TCL' as the title.
  To specify a title, use 'title' in metadata or --metadata title="...".
[WARNING] This document format requires a nonempty <title> element.
  Defaulting to 'Thm_cont.PROVEHYP_THEN' as the title.
  To specify a title, use 'title' in metadata or --metadata title="...".
[WARNING] This document format requires a nonempty <title> element.
  Defaulting to 'Thm_cont.REPEAT_GTCL' as the title.
  To specify a title, use 'title' in metadata or --metadata title="...".
[WARNING] This document format requires a nonempty <title> element.
  Defaulting to 'Thm_cont.REPEAT_TCL' as the title.
  To specify a title, use 'title' in metadata or --metadata title="...".
[WARNING] This document format requires a nonempty <title> element.
  Defaulting to 'Thm_cont.RES_THEN' as the title.
  To specify a title, use 'title' in metadata or --metadata title="...".
[WARNING] This document format requires a nonempty <title> element.
  Defaulting to 'Thm_cont.STRIP_THM_THEN' as the title.
  To specify a title, use 'title' in metadata or --metadata title="...".
[WARNING] This document format requires a nonempty <title> element.
  Defaulting to 'Thm_cont.THEN_TCL' as the title.
  To specify a title, use 'title' in metadata or --metadata title="...".
[WARNING] This document format requires a nonempty <title> element.
  Defaulting to 'Thm_cont.UNDISCH_THEN' as the title.
  To specify a title, use 'title' in metadata or --metadata title="...".
[WARNING] This document format requires a nonempty <title> element.
  Defaulting to 'Thm_cont.X_CASES_THEN' as the title.
  To specify a title, use 'title' in metadata or --metadata title="...".
[WARNING] This document format requires a nonempty <title> element.
  Defaulting to 'Thm_cont.X_CASES_THENL' as the title.
  To specify a title, use 'title' in metadata or --metadata title="...".
[WARNING] This document format requires a nonempty <title> element.
  Defaulting to 'Thm_cont.X_CHOOSE_THEN' as the title.
  To specify a title, use 'title' in metadata or --metadata title="...".
[WARNING] This document format requires a nonempty <title> element.
  Defaulting to 'TotalDefn.Define' as the title.
  To specify a title, use 'title' in metadata or --metadata title="...".
[WARNING] This document format requires a nonempty <title> element.
  Defaulting to 'TotalDefn.DefineSchema' as the title.
  To specify a title, use 'title' in metadata or --metadata title="...".
[WARNING] This document format requires a nonempty <title> element.
  Defaulting to 'TotalDefn.WF_REL_TAC' as the title.
  To specify a title, use 'title' in metadata or --metadata title="...".
[WARNING] This document format requires a nonempty <title> element.
  Defaulting to 'TotalDefn.xDefine' as the title.
  To specify a title, use 'title' in metadata or --metadata title="...".
[WARNING] This document format requires a nonempty <title> element.
  Defaulting to 'Type..B1KQ4' as the title.
  To specify a title, use 'title' in metadata or --metadata title="...".
[WARNING] This document format requires a nonempty <title> element.
  Defaulting to 'Type.alpha' as the title.
  To specify a title, use 'title' in metadata or --metadata title="...".
[WARNING] This document format requires a nonempty <title> element.
  Defaulting to 'Type.beta' as the title.
  To specify a title, use 'title' in metadata or --metadata title="...".
[WARNING] This document format requires a nonempty <title> element.
  Defaulting to 'Type.bool' as the title.
  To specify a title, use 'title' in metadata or --metadata title="...".
[WARNING] This document format requires a nonempty <title> element.
  Defaulting to 'Type.compare' as the title.
  To specify a title, use 'title' in metadata or --metadata title="...".
[WARNING] This document format requires a nonempty <title> element.
  Defaulting to 'Type.decls' as the title.
  To specify a title, use 'title' in metadata or --metadata title="...".
[WARNING] This document format requires a nonempty <title> element.
  Defaulting to 'Type.delta' as the title.
  To specify a title, use 'title' in metadata or --metadata title="...".
[WARNING] This document format requires a nonempty <title> element.
  Defaulting to 'Type.dest_thy_type' as the title.
  To specify a title, use 'title' in metadata or --metadata title="...".
[WARNING] This document format requires a nonempty <title> element.
  Defaulting to 'Type.dest_type' as the title.
  To specify a title, use 'title' in metadata or --metadata title="...".
[WARNING] This document format requires a nonempty <title> element.
  Defaulting to 'Type.dest_vartype' as the title.
  To specify a title, use 'title' in metadata or --metadata title="...".
[WARNING] This document format requires a nonempty <title> element.
  Defaulting to 'Type.dom_rng' as the title.
  To specify a title, use 'title' in metadata or --metadata title="...".
[WARNING] This document format requires a nonempty <title> element.
  Defaulting to 'Type.etyvar' as the title.
  To specify a title, use 'title' in metadata or --metadata title="...".
[WARNING] This document format requires a nonempty <title> element.
  Defaulting to 'Type.exists_tyvar' as the title.
  To specify a title, use 'title' in metadata or --metadata title="...".
[WARNING] This document format requires a nonempty <title> element.
  Defaulting to 'Type.ftyvar' as the title.
  To specify a title, use 'title' in metadata or --metadata title="...".
[WARNING] This document format requires a nonempty <title> element.
  Defaulting to 'Type.gamma' as the title.
  To specify a title, use 'title' in metadata or --metadata title="...".
[WARNING] This document format requires a nonempty <title> element.
  Defaulting to 'Type.gen_tyvar' as the title.
  To specify a title, use 'title' in metadata or --metadata title="...".
[WARNING] This document format requires a nonempty <title> element.
  Defaulting to 'Type.hol_type' as the title.
  To specify a title, use 'title' in metadata or --metadata title="...".
[WARNING] This document format requires a nonempty <title> element.
  Defaulting to 'Type.ind' as the title.
  To specify a title, use 'title' in metadata or --metadata title="...".
[WARNING] This document format requires a nonempty <title> element.
  Defaulting to 'Type.is_gen_tyvar' as the title.
  To specify a title, use 'title' in metadata or --metadata title="...".
[WARNING] This document format requires a nonempty <title> element.
  Defaulting to 'Type.is_type' as the title.
  To specify a title, use 'title' in metadata or --metadata title="...".
[WARNING] This document format requires a nonempty <title> element.
  Defaulting to 'Type.is_vartype' as the title.
  To specify a title, use 'title' in metadata or --metadata title="...".
[WARNING] This document format requires a nonempty <title> element.
  Defaulting to 'Type.match_type' as the title.
  To specify a title, use 'title' in metadata or --metadata title="...".
[WARNING] This document format requires a nonempty <title> element.
  Defaulting to 'Type.mk_thy_type' as the title.
  To specify a title, use 'title' in metadata or --metadata title="...".
[WARNING] This document format requires a nonempty <title> element.
  Defaulting to 'Type.mk_type' as the title.
  To specify a title, use 'title' in metadata or --metadata title="...".
[WARNING] This document format requires a nonempty <title> element.
  Defaulting to 'Type.mk_vartype' as the title.
  To specify a title, use 'title' in metadata or --metadata title="...".
[WARNING] This document format requires a nonempty <title> element.
  Defaulting to 'Type.op_arity' as the title.
  To specify a title, use 'title' in metadata or --metadata title="...".
[WARNING] This document format requires a nonempty <title> element.
  Defaulting to 'Type.polymorphic' as the title.
  To specify a title, use 'title' in metadata or --metadata title="...".
[WARNING] This document format requires a nonempty <title> element.
  Defaulting to 'Type.raw_match_type' as the title.
  To specify a title, use 'title' in metadata or --metadata title="...".
[WARNING] This document format requires a nonempty <title> element.
  Defaulting to 'Type.type_subst' as the title.
  To specify a title, use 'title' in metadata or --metadata title="...".
[WARNING] This document format requires a nonempty <title> element.
  Defaulting to 'Type.type_var_in' as the title.
  To specify a title, use 'title' in metadata or --metadata title="...".
[WARNING] This document format requires a nonempty <title> element.
  Defaulting to 'Type.type_vars' as the title.
  To specify a title, use 'title' in metadata or --metadata title="...".
[WARNING] This document format requires a nonempty <title> element.
  Defaulting to 'Type.type_varsl' as the title.
  To specify a title, use 'title' in metadata or --metadata title="...".
[WARNING] This document format requires a nonempty <title> element.
  Defaulting to 'TypeBase' as the title.
  To specify a title, use 'title' in metadata or --metadata title="...".
[WARNING] This document format requires a nonempty <title> element.
  Defaulting to 'blastLib.BBLAST_CONV' as the title.
  To specify a title, use 'title' in metadata or --metadata title="...".
[WARNING] This document format requires a nonempty <title> element.
  Defaulting to 'boolLib.first_fv_term' as the title.
  To specify a title, use 'title' in metadata or --metadata title="...".
[WARNING] This document format requires a nonempty <title> element.
  Defaulting to 'boolLib.fv_term' as the title.
  To specify a title, use 'title' in metadata or --metadata title="...".
[WARNING] This document format requires a nonempty <title> element.
  Defaulting to 'boolLib.tyvar_sequence' as the title.
  To specify a title, use 'title' in metadata or --metadata title="...".
[WARNING] This document format requires a nonempty <title> element.
  Defaulting to 'boolSimps.DNF_ss' as the title.
  To specify a title, use 'title' in metadata or --metadata title="...".
[WARNING] This document format requires a nonempty <title> element.
  Defaulting to 'boolSimps.NORMEQ_ss' as the title.
  To specify a title, use 'title' in metadata or --metadata title="...".
[WARNING] This document format requires a nonempty <title> element.
  Defaulting to 'boolSimps.bool_ss' as the title.
  To specify a title, use 'title' in metadata or --metadata title="...".
[WARNING] This document format requires a nonempty <title> element.
  Defaulting to 'boolSyntax.F' as the title.
  To specify a title, use 'title' in metadata or --metadata title="...".
[WARNING] This document format requires a nonempty <title> element.
  Defaulting to 'boolSyntax.T' as the title.
  To specify a title, use 'title' in metadata or --metadata title="...".
[WARNING] This document format requires a nonempty <title> element.
  Defaulting to 'boolSyntax.arb' as the title.
  To specify a title, use 'title' in metadata or --metadata title="...".
[WARNING] This document format requires a nonempty <title> element.
  Defaulting to 'boolSyntax.bool_case' as the title.
  To specify a title, use 'title' in metadata or --metadata title="...".
[WARNING] This document format requires a nonempty <title> element.
  Defaulting to 'boolSyntax.conditional' as the title.
  To specify a title, use 'title' in metadata or --metadata title="...".
[WARNING] This document format requires a nonempty <title> element.
  Defaulting to 'boolSyntax.conjunction' as the title.
  To specify a title, use 'title' in metadata or --metadata title="...".
[WARNING] This document format requires a nonempty <title> element.
  Defaulting to 'boolSyntax.dest_arb' as the title.
  To specify a title, use 'title' in metadata or --metadata title="...".
[WARNING] This document format requires a nonempty <title> element.
  Defaulting to 'boolSyntax.dest_bool_case' as the title.
  To specify a title, use 'title' in metadata or --metadata title="...".
[WARNING] This document format requires a nonempty <title> element.
  Defaulting to 'boolSyntax.dest_cond' as the title.
  To specify a title, use 'title' in metadata or --metadata title="...".
[WARNING] This document format requires a nonempty <title> element.
  Defaulting to 'boolSyntax.dest_conj' as the title.
  To specify a title, use 'title' in metadata or --metadata title="...".
[WARNING] This document format requires a nonempty <title> element.
  Defaulting to 'boolSyntax.dest_disj' as the title.
  To specify a title, use 'title' in metadata or --metadata title="...".
[WARNING] This document format requires a nonempty <title> element.
  Defaulting to 'boolSyntax.dest_eq' as the title.
  To specify a title, use 'title' in metadata or --metadata title="...".
[WARNING] This document format requires a nonempty <title> element.
  Defaulting to 'boolSyntax.dest_eq_ty' as the title.
  To specify a title, use 'title' in metadata or --metadata title="...".
[WARNING] This document format requires a nonempty <title> element.
  Defaulting to 'boolSyntax.dest_exists' as the title.
  To specify a title, use 'title' in metadata or --metadata title="...".
[WARNING] This document format requires a nonempty <title> element.
  Defaulting to 'boolSyntax.dest_exists1' as the title.
  To specify a title, use 'title' in metadata or --metadata title="...".
[WARNING] This document format requires a nonempty <title> element.
  Defaulting to 'boolSyntax.dest_forall' as the title.
  To specify a title, use 'title' in metadata or --metadata title="...".
[WARNING] This document format requires a nonempty <title> element.
  Defaulting to 'boolSyntax.dest_imp' as the title.
  To specify a title, use 'title' in metadata or --metadata title="...".
[WARNING] This document format requires a nonempty <title> element.
  Defaulting to 'boolSyntax.dest_imp_only' as the title.
  To specify a title, use 'title' in metadata or --metadata title="...".
[WARNING] This document format requires a nonempty <title> element.
  Defaulting to 'boolSyntax.dest_let' as the title.
  To specify a title, use 'title' in metadata or --metadata title="...".
[WARNING] This document format requires a nonempty <title> element.
  Defaulting to 'boolSyntax.dest_neg' as the title.
  To specify a title, use 'title' in metadata or --metadata title="...".
[WARNING] This document format requires a nonempty <title> element.
  Defaulting to 'boolSyntax.dest_select' as the title.
  To specify a title, use 'title' in metadata or --metadata title="...".
[WARNING] This document format requires a nonempty <title> element.
  Defaulting to 'boolSyntax.dest_strip_comb' as the title.
  To specify a title, use 'title' in metadata or --metadata title="...".
[WARNING] This document format requires a nonempty <title> element.
  Defaulting to 'boolSyntax.disjunction' as the title.
  To specify a title, use 'title' in metadata or --metadata title="...".
[WARNING] This document format requires a nonempty <title> element.
  Defaulting to 'boolSyntax.equality' as the title.
  To specify a title, use 'title' in metadata or --metadata title="...".
[WARNING] This document format requires a nonempty <title> element.
  Defaulting to 'boolSyntax.existential' as the title.
  To specify a title, use 'title' in metadata or --metadata title="...".
[WARNING] This document format requires a nonempty <title> element.
  Defaulting to 'boolSyntax.exists1' as the title.
  To specify a title, use 'title' in metadata or --metadata title="...".
[WARNING] This document format requires a nonempty <title> element.
  Defaulting to 'boolSyntax.gen_tyvar_sigma' as the title.
  To specify a title, use 'title' in metadata or --metadata title="...".
[WARNING] This document format requires a nonempty <title> element.
  Defaulting to 'boolSyntax.gen_tyvarify' as the title.
  To specify a title, use 'title' in metadata or --metadata title="...".
[WARNING] This document format requires a nonempty <title> element.
  Defaulting to 'boolSyntax.implication' as the title.
  To specify a title, use 'title' in metadata or --metadata title="...".
[WARNING] This document format requires a nonempty <title> element.
  Defaulting to 'boolSyntax.is_arb' as the title.
  To specify a title, use 'title' in metadata or --metadata title="...".
[WARNING] This document format requires a nonempty <title> element.
  Defaulting to 'boolSyntax.is_bool_case' as the title.
  To specify a title, use 'title' in metadata or --metadata title="...".
[WARNING] This document format requires a nonempty <title> element.
  Defaulting to 'boolSyntax.is_cond' as the title.
  To specify a title, use 'title' in metadata or --metadata title="...".
[WARNING] This document format requires a nonempty <title> element.
  Defaulting to 'boolSyntax.is_conj' as the title.
  To specify a title, use 'title' in metadata or --metadata title="...".
[WARNING] This document format requires a nonempty <title> element.
  Defaulting to 'boolSyntax.is_disj' as the title.
  To specify a title, use 'title' in metadata or --metadata title="...".
[WARNING] This document format requires a nonempty <title> element.
  Defaulting to 'boolSyntax.is_eq' as the title.
  To specify a title, use 'title' in metadata or --metadata title="...".
[WARNING] This document format requires a nonempty <title> element.
  Defaulting to 'boolSyntax.is_exists' as the title.
  To specify a title, use 'title' in metadata or --metadata title="...".
[WARNING] This document format requires a nonempty <title> element.
  Defaulting to 'boolSyntax.is_exists1' as the title.
  To specify a title, use 'title' in metadata or --metadata title="...".
[WARNING] This document format requires a nonempty <title> element.
  Defaulting to 'boolSyntax.is_forall' as the title.
  To specify a title, use 'title' in metadata or --metadata title="...".
[WARNING] This document format requires a nonempty <title> element.
  Defaulting to 'boolSyntax.is_imp' as the title.
  To specify a title, use 'title' in metadata or --metadata title="...".
[WARNING] This document format requires a nonempty <title> element.
  Defaulting to 'boolSyntax.is_imp_only' as the title.
  To specify a title, use 'title' in metadata or --metadata title="...".
[WARNING] This document format requires a nonempty <title> element.
  Defaulting to 'boolSyntax.is_let' as the title.
  To specify a title, use 'title' in metadata or --metadata title="...".
[WARNING] This document format requires a nonempty <title> element.
  Defaulting to 'boolSyntax.is_neg' as the title.
  To specify a title, use 'title' in metadata or --metadata title="...".
[WARNING] This document format requires a nonempty <title> element.
  Defaulting to 'boolSyntax.is_select' as the title.
  To specify a title, use 'title' in metadata or --metadata title="...".
[WARNING] This document format requires a nonempty <title> element.
  Defaulting to 'boolSyntax.let_tm' as the title.
  To specify a title, use 'title' in metadata or --metadata title="...".
[WARNING] This document format requires a nonempty <title> element.
  Defaulting to 'boolSyntax.lhand' as the title.
  To specify a title, use 'title' in metadata or --metadata title="...".
[WARNING] This document format requires a nonempty <title> element.
  Defaulting to 'boolSyntax.lhs' as the title.
  To specify a title, use 'title' in metadata or --metadata title="...".
[WARNING] This document format requires a nonempty <title> element.
  Defaulting to 'boolSyntax.list_mk_abs' as the title.
  To specify a title, use 'title' in metadata or --metadata title="...".
[WARNING] This document format requires a nonempty <title> element.
  Defaulting to 'boolSyntax.list_mk_conj' as the title.
  To specify a title, use 'title' in metadata or --metadata title="...".
[WARNING] This document format requires a nonempty <title> element.
  Defaulting to 'boolSyntax.list_mk_disj' as the title.
  To specify a title, use 'title' in metadata or --metadata title="...".
[WARNING] This document format requires a nonempty <title> element.
  Defaulting to 'boolSyntax.list_mk_exists' as the title.
  To specify a title, use 'title' in metadata or --metadata title="...".
[WARNING] This document format requires a nonempty <title> element.
  Defaulting to 'boolSyntax.list_mk_forall' as the title.
  To specify a title, use 'title' in metadata or --metadata title="...".
[WARNING] This document format requires a nonempty <title> element.
  Defaulting to 'boolSyntax.list_mk_fun' as the title.
  To specify a title, use 'title' in metadata or --metadata title="...".
[WARNING] This document format requires a nonempty <title> element.
  Defaulting to 'boolSyntax.list_mk_icomb' as the title.
  To specify a title, use 'title' in metadata or --metadata title="...".
[WARNING] This document format requires a nonempty <title> element.
  Defaulting to 'boolSyntax.list_mk_imp' as the title.
  To specify a title, use 'title' in metadata or --metadata title="...".
[WARNING] This document format requires a nonempty <title> element.
  Defaulting to 'boolSyntax.list_mk_ucomb' as the title.
  To specify a title, use 'title' in metadata or --metadata title="...".
[WARNING] This document format requires a nonempty <title> element.
  Defaulting to 'boolSyntax.mk_arb' as the title.
  To specify a title, use 'title' in metadata or --metadata title="...".
[WARNING] This document format requires a nonempty <title> element.
  Defaulting to 'boolSyntax.mk_bool_case' as the title.
  To specify a title, use 'title' in metadata or --metadata title="...".
[WARNING] This document format requires a nonempty <title> element.
  Defaulting to 'boolSyntax.mk_cond' as the title.
  To specify a title, use 'title' in metadata or --metadata title="...".
[WARNING] This document format requires a nonempty <title> element.
  Defaulting to 'boolSyntax.mk_conj' as the title.
  To specify a title, use 'title' in metadata or --metadata title="...".
[WARNING] This document format requires a nonempty <title> element.
  Defaulting to 'boolSyntax.mk_disj' as the title.
  To specify a title, use 'title' in metadata or --metadata title="...".
[WARNING] This document format requires a nonempty <title> element.
  Defaulting to 'boolSyntax.mk_eq' as the title.
  To specify a title, use 'title' in metadata or --metadata title="...".
[WARNING] This document format requires a nonempty <title> element.
  Defaulting to 'boolSyntax.mk_exists' as the title.
  To specify a title, use 'title' in metadata or --metadata title="...".
[WARNING] This document format requires a nonempty <title> element.
  Defaulting to 'boolSyntax.mk_exists1' as the title.
  To specify a title, use 'title' in metadata or --metadata title="...".
[WARNING] This document format requires a nonempty <title> element.
  Defaulting to 'boolSyntax.mk_forall' as the title.
  To specify a title, use 'title' in metadata or --metadata title="...".
[WARNING] This document format requires a nonempty <title> element.
  Defaulting to 'boolSyntax.mk_icomb' as the title.
  To specify a title, use 'title' in metadata or --metadata title="...".
[WARNING] This document format requires a nonempty <title> element.
  Defaulting to 'boolSyntax.mk_imp' as the title.
  To specify a title, use 'title' in metadata or --metadata title="...".
[WARNING] This document format requires a nonempty <title> element.
  Defaulting to 'boolSyntax.mk_let' as the title.
  To specify a title, use 'title' in metadata or --metadata title="...".
[WARNING] This document format requires a nonempty <title> element.
  Defaulting to 'boolSyntax.mk_neg' as the title.
  To specify a title, use 'title' in metadata or --metadata title="...".
[WARNING] This document format requires a nonempty <title> element.
  Defaulting to 'boolSyntax.mk_select' as the title.
  To specify a title, use 'title' in metadata or --metadata title="...".
[WARNING] This document format requires a nonempty <title> element.
  Defaulting to 'boolSyntax.mk_ucomb' as the title.
  To specify a title, use 'title' in metadata or --metadata title="...".
[WARNING] This document format requires a nonempty <title> element.
  Defaulting to 'boolSyntax.negation' as the title.
  To specify a title, use 'title' in metadata or --metadata title="...".
[WARNING] This document format requires a nonempty <title> element.
  Defaulting to 'boolSyntax.new_binder' as the title.
  To specify a title, use 'title' in metadata or --metadata title="...".
[WARNING] This document format requires a nonempty <title> element.
  Defaulting to 'boolSyntax.new_binder_definition' as the title.
  To specify a title, use 'title' in metadata or --metadata title="...".
[WARNING] This document format requires a nonempty <title> element.
  Defaulting to 'boolSyntax.new_infix' as the title.
  To specify a title, use 'title' in metadata or --metadata title="...".
[WARNING] This document format requires a nonempty <title> element.
  Defaulting to 'boolSyntax.new_infixl_definition' as the title.
  To specify a title, use 'title' in metadata or --metadata title="...".
[WARNING] This document format requires a nonempty <title> element.
  Defaulting to 'boolSyntax.new_infixr_definition' as the title.
  To specify a title, use 'title' in metadata or --metadata title="...".
[WARNING] This document format requires a nonempty <title> element.
  Defaulting to 'boolSyntax.rhs' as the title.
  To specify a title, use 'title' in metadata or --metadata title="...".
[WARNING] This document format requires a nonempty <title> element.
  Defaulting to 'boolSyntax.select' as the title.
  To specify a title, use 'title' in metadata or --metadata title="...".
[WARNING] This document format requires a nonempty <title> element.
  Defaulting to 'boolSyntax.sep_type_unify' as the title.
  To specify a title, use 'title' in metadata or --metadata title="...".
[WARNING] This document format requires a nonempty <title> element.
  Defaulting to 'boolSyntax.strip_abs' as the title.
  To specify a title, use 'title' in metadata or --metadata title="...".
[WARNING] This document format requires a nonempty <title> element.
  Defaulting to 'boolSyntax.strip_comb' as the title.
  To specify a title, use 'title' in metadata or --metadata title="...".
[WARNING] This document format requires a nonempty <title> element.
  Defaulting to 'boolSyntax.strip_conj' as the title.
  To specify a title, use 'title' in metadata or --metadata title="...".
[WARNING] This document format requires a nonempty <title> element.
  Defaulting to 'boolSyntax.strip_disj' as the title.
  To specify a title, use 'title' in metadata or --metadata title="...".
[WARNING] This document format requires a nonempty <title> element.
  Defaulting to 'boolSyntax.strip_exists' as the title.
  To specify a title, use 'title' in metadata or --metadata title="...".
[WARNING] This document format requires a nonempty <title> element.
  Defaulting to 'boolSyntax.strip_forall' as the title.
  To specify a title, use 'title' in metadata or --metadata title="...".
[WARNING] This document format requires a nonempty <title> element.
  Defaulting to 'boolSyntax.strip_fun' as the title.
  To specify a title, use 'title' in metadata or --metadata title="...".
[WARNING] This document format requires a nonempty <title> element.
  Defaulting to 'boolSyntax.strip_imp' as the title.
  To specify a title, use 'title' in metadata or --metadata title="...".
[WARNING] This document format requires a nonempty <title> element.
  Defaulting to 'boolSyntax.strip_imp_only' as the title.
  To specify a title, use 'title' in metadata or --metadata title="...".
[WARNING] This document format requires a nonempty <title> element.
  Defaulting to 'boolSyntax.strip_neg' as the title.
  To specify a title, use 'title' in metadata or --metadata title="...".
[WARNING] This document format requires a nonempty <title> element.
  Defaulting to 'boolSyntax.type_unify' as the title.
  To specify a title, use 'title' in metadata or --metadata title="...".
[WARNING] This document format requires a nonempty <title> element.
  Defaulting to 'boolSyntax.universal' as the title.
  To specify a title, use 'title' in metadata or --metadata title="...".
[WARNING] This document format requires a nonempty <title> element.
  Defaulting to 'bossLib..IYG' as the title.
  To specify a title, use 'title' in metadata or --metadata title="...".
[WARNING] This document format requires a nonempty <title> element.
  Defaulting to 'bossLib.ASM_QI_TAC' as the title.
  To specify a title, use 'title' in metadata or --metadata title="...".
[WARNING] This document format requires a nonempty <title> element.
  Defaulting to 'bossLib.ASM_SET_TAC' as the title.
  To specify a title, use 'title' in metadata or --metadata title="...".
[WARNING] This document format requires a nonempty <title> element.
  Defaulting to 'bossLib.ASM_SIMP_TAC' as the title.
  To specify a title, use 'title' in metadata or --metadata title="...".
[WARNING] This document format requires a nonempty <title> element.
  Defaulting to 'bossLib.CONG_TAC' as the title.
  To specify a title, use 'title' in metadata or --metadata title="...".
[WARNING] This document format requires a nonempty <title> element.
  Defaulting to 'bossLib.Cases' as the title.
  To specify a title, use 'title' in metadata or --metadata title="...".
[WARNING] This document format requires a nonempty <title> element.
  Defaulting to 'bossLib.Cases_on' as the title.
  To specify a title, use 'title' in metadata or --metadata title="...".
[WARNING] This document format requires a nonempty <title> element.
  Defaulting to 'bossLib.DECIDE' as the title.
  To specify a title, use 'title' in metadata or --metadata title="...".
[WARNING] This document format requires a nonempty <title> element.
  Defaulting to 'bossLib.DECIDE_TAC' as the title.
  To specify a title, use 'title' in metadata or --metadata title="...".
[WARNING] This document format requires a nonempty <title> element.
  Defaulting to 'bossLib.Datatype' as the title.
  To specify a title, use 'title' in metadata or --metadata title="...".
[WARNING] This document format requires a nonempty <title> element.
  Defaulting to 'bossLib.Define' as the title.
  To specify a title, use 'title' in metadata or --metadata title="...".
[WARNING] This document format requires a nonempty <title> element.
  Defaulting to 'bossLib.EVAL' as the title.
  To specify a title, use 'title' in metadata or --metadata title="...".
[WARNING] This document format requires a nonempty <title> element.
  Defaulting to 'bossLib.EVAL_RULE' as the title.
  To specify a title, use 'title' in metadata or --metadata title="...".
[WARNING] This document format requires a nonempty <title> element.
  Defaulting to 'bossLib.EVAL_TAC' as the title.
  To specify a title, use 'title' in metadata or --metadata title="...".
[WARNING] This document format requires a nonempty <title> element.
  Defaulting to 'bossLib.EVALn' as the title.
  To specify a title, use 'title' in metadata or --metadata title="...".
[WARNING] This document format requires a nonempty <title> element.
  Defaulting to 'bossLib.FULL_SIMP_TAC' as the title.
  To specify a title, use 'title' in metadata or --metadata title="...".
[WARNING] This document format requires a nonempty <title> element.
  Defaulting to 'bossLib.GEN_EXISTS_TAC' as the title.
  To specify a title, use 'title' in metadata or --metadata title="...".
[WARNING] This document format requires a nonempty <title> element.
  Defaulting to 'bossLib.Hol_datatype' as the title.
  To specify a title, use 'title' in metadata or --metadata title="...".
[WARNING] This document format requires a nonempty <title> element.
  Defaulting to 'bossLib.Hol_defn' as the title.
  To specify a title, use 'title' in metadata or --metadata title="...".
[WARNING] This document format requires a nonempty <title> element.
  Defaulting to 'bossLib.Hol_reln' as the title.
  To specify a title, use 'title' in metadata or --metadata title="...".
[WARNING] This document format requires a nonempty <title> element.
  Defaulting to 'bossLib.IgnAsm' as the title.
  To specify a title, use 'title' in metadata or --metadata title="...".
[WARNING] This document format requires a nonempty <title> element.
  Defaulting to 'bossLib.Induct' as the title.
  To specify a title, use 'title' in metadata or --metadata title="...".
[WARNING] This document format requires a nonempty <title> element.
  Defaulting to 'bossLib.Induct_on' as the title.
  To specify a title, use 'title' in metadata or --metadata title="...".
[WARNING] This document format requires a nonempty <title> element.
  Defaulting to 'bossLib.METIS_TAC' as the title.
  To specify a title, use 'title' in metadata or --metadata title="...".
[WARNING] This document format requires a nonempty <title> element.
  Defaulting to 'bossLib.NoAsms' as the title.
  To specify a title, use 'title' in metadata or --metadata title="...".
[WARNING] This document format requires a nonempty <title> element.
  Defaulting to 'bossLib.PROVE' as the title.
  To specify a title, use 'title' in metadata or --metadata title="...".
[WARNING] This document format requires a nonempty <title> element.
  Defaulting to 'bossLib.PROVE_TAC' as the title.
  To specify a title, use 'title' in metadata or --metadata title="...".
[WARNING] This document format requires a nonempty <title> element.
  Defaulting to 'bossLib.QI_TAC' as the title.
  To specify a title, use 'title' in metadata or --metadata title="...".
[WARNING] This document format requires a nonempty <title> element.
  Defaulting to 'bossLib.QI_ss' as the title.
  To specify a title, use 'title' in metadata or --metadata title="...".
[WARNING] This document format requires a nonempty <title> element.
  Defaulting to 'bossLib.REV_FULL_SIMP_TAC' as the title.
  To specify a title, use 'title' in metadata or --metadata title="...".
[WARNING] This document format requires a nonempty <title> element.
  Defaulting to 'bossLib.RW_TAC' as the title.
  To specify a title, use 'title' in metadata or --metadata title="...".
[WARNING] This document format requires a nonempty <title> element.
  Defaulting to 'bossLib.SET_RULE' as the title.
  To specify a title, use 'title' in metadata or --metadata title="...".
[WARNING] This document format requires a nonempty <title> element.
  Defaulting to 'bossLib.SET_TAC' as the title.
  To specify a title, use 'title' in metadata or --metadata title="...".
[WARNING] This document format requires a nonempty <title> element.
  Defaulting to 'bossLib.SF' as the title.
  To specify a title, use 'title' in metadata or --metadata title="...".
[WARNING] This document format requires a nonempty <title> element.
  Defaulting to 'bossLib.SIMP_CONV' as the title.
  To specify a title, use 'title' in metadata or --metadata title="...".
[WARNING] This document format requires a nonempty <title> element.
  Defaulting to 'bossLib.SIMP_RULE' as the title.
  To specify a title, use 'title' in metadata or --metadata title="...".
[WARNING] This document format requires a nonempty <title> element.
  Defaulting to 'bossLib.SIMP_TAC' as the title.
  To specify a title, use 'title' in metadata or --metadata title="...".
[WARNING] This document format requires a nonempty <title> element.
  Defaulting to 'bossLib.SPOSE_NOT_THEN' as the title.
  To specify a title, use 'title' in metadata or --metadata title="...".
[WARNING] This document format requires a nonempty <title> element.
  Defaulting to 'bossLib.SQI_ss' as the title.
  To specify a title, use 'title' in metadata or --metadata title="...".
[WARNING] This document format requires a nonempty <title> element.
  Defaulting to 'bossLib.SRULE' as the title.
  To specify a title, use 'title' in metadata or --metadata title="...".
[WARNING] This document format requires a nonempty <title> element.
  Defaulting to 'bossLib.SRW_TAC' as the title.
  To specify a title, use 'title' in metadata or --metadata title="...".
[WARNING] This document format requires a nonempty <title> element.
  Defaulting to 'bossLib.WF_REL_TAC' as the title.
  To specify a title, use 'title' in metadata or --metadata title="...".
[WARNING] This document format requires a nonempty <title> element.
  Defaulting to 'bossLib.arith_ss' as the title.
  To specify a title, use 'title' in metadata or --metadata title="...".
[WARNING] This document format requires a nonempty <title> element.
  Defaulting to 'bossLib.augment_srw_ss' as the title.
  To specify a title, use 'title' in metadata or --metadata title="...".
[WARNING] This document format requires a nonempty <title> element.
  Defaulting to 'bossLib.bool_ss' as the title.
  To specify a title, use 'title' in metadata or --metadata title="...".
[WARNING] This document format requires a nonempty <title> element.
  Defaulting to 'bossLib.by' as the title.
  To specify a title, use 'title' in metadata or --metadata title="...".
[WARNING] This document format requires a nonempty <title> element.
  Defaulting to 'bossLib.cheat' as the title.
  To specify a title, use 'title' in metadata or --metadata title="...".
[WARNING] This document format requires a nonempty <title> element.
  Defaulting to 'bossLib.completeInduct_on' as the title.
  To specify a title, use 'title' in metadata or --metadata title="...".
[WARNING] This document format requires a nonempty <title> element.
  Defaulting to 'bossLib.gs' as the title.
  To specify a title, use 'title' in metadata or --metadata title="...".
[WARNING] This document format requires a nonempty <title> element.
  Defaulting to 'bossLib.lambdify' as the title.
  To specify a title, use 'title' in metadata or --metadata title="...".
[WARNING] This document format requires a nonempty <title> element.
  Defaulting to 'bossLib.list_ss' as the title.
  To specify a title, use 'title' in metadata or --metadata title="...".
[WARNING] This document format requires a nonempty <title> element.
  Defaulting to 'bossLib.measureInduct_on' as the title.
  To specify a title, use 'title' in metadata or --metadata title="...".
[WARNING] This document format requires a nonempty <title> element.
  Defaulting to 'bossLib.namedCases' as the title.
  To specify a title, use 'title' in metadata or --metadata title="...".
[WARNING] This document format requires a nonempty <title> element.
  Defaulting to 'bossLib.namedCases_on' as the title.
  To specify a title, use 'title' in metadata or --metadata title="...".
[WARNING] This document format requires a nonempty <title> element.
  Defaulting to 'bossLib.oneline' as the title.
  To specify a title, use 'title' in metadata or --metadata title="...".
[WARNING] This document format requires a nonempty <title> element.
  Defaulting to 'bossLib.pairarg_tac' as the title.
  To specify a title, use 'title' in metadata or --metadata title="...".
[WARNING] This document format requires a nonempty <title> element.
  Defaulting to 'bossLib.plus2' as the title.
  To specify a title, use 'title' in metadata or --metadata title="...".
[WARNING] This document format requires a nonempty <title> element.
  Defaulting to 'bossLib.recInduct' as the title.
  To specify a title, use 'title' in metadata or --metadata title="...".
[WARNING] This document format requires a nonempty <title> element.
  Defaulting to 'bossLib.rewrites' as the title.
  To specify a title, use 'title' in metadata or --metadata title="...".
[WARNING] This document format requires a nonempty <title> element.
  Defaulting to 'bossLib.split_pair_case_tac' as the title.
  To specify a title, use 'title' in metadata or --metadata title="...".
[WARNING] This document format requires a nonempty <title> element.
  Defaulting to 'bossLib.srw_ss' as the title.
  To specify a title, use 'title' in metadata or --metadata title="...".
[WARNING] This document format requires a nonempty <title> element.
  Defaulting to 'bossLib.std_ss' as the title.
  To specify a title, use 'title' in metadata or --metadata title="...".
[WARNING] This document format requires a nonempty <title> element.
  Defaulting to 'bossLib.subgoal' as the title.
  To specify a title, use 'title' in metadata or --metadata title="...".
[WARNING] This document format requires a nonempty <title> element.
  Defaulting to 'bossLib.suffices_by' as the title.
  To specify a title, use 'title' in metadata or --metadata title="...".
[WARNING] This document format requires a nonempty <title> element.
  Defaulting to 'bossLib.tDefine' as the title.
  To specify a title, use 'title' in metadata or --metadata title="...".
[WARNING] This document format requires a nonempty <title> element.
  Defaulting to 'bossLib.tmCases_on' as the title.
  To specify a title, use 'title' in metadata or --metadata title="...".
[WARNING] This document format requires a nonempty <title> element.
  Defaulting to 'bossLib.type_rws' as the title.
  To specify a title, use 'title' in metadata or --metadata title="...".
[WARNING] This document format requires a nonempty <title> element.
  Defaulting to 'bossLib.using' as the title.
  To specify a title, use 'title' in metadata or --metadata title="...".
[WARNING] This document format requires a nonempty <title> element.
  Defaulting to 'bossLib.wlog_tac' as the title.
  To specify a title, use 'title' in metadata or --metadata title="...".
[WARNING] This document format requires a nonempty <title> element.
  Defaulting to 'bossLib.wlog_then' as the title.
  To specify a title, use 'title' in metadata or --metadata title="...".
[WARNING] This document format requires a nonempty <title> element.
  Defaulting to 'bossLib.xDefine' as the title.
  To specify a title, use 'title' in metadata or --metadata title="...".
[WARNING] This document format requires a nonempty <title> element.
  Defaulting to 'bossLib.zDefine' as the title.
  To specify a title, use 'title' in metadata or --metadata title="...".
[WARNING] This document format requires a nonempty <title> element.
  Defaulting to 'computeLib.CBV_CONV' as the title.
  To specify a title, use 'title' in metadata or --metadata title="...".
[WARNING] This document format requires a nonempty <title> element.
  Defaulting to 'computeLib.RESTR_EVAL_CONV' as the title.
  To specify a title, use 'title' in metadata or --metadata title="...".
[WARNING] This document format requires a nonempty <title> element.
  Defaulting to 'computeLib.RESTR_EVAL_RULE' as the title.
  To specify a title, use 'title' in metadata or --metadata title="...".
[WARNING] This document format requires a nonempty <title> element.
  Defaulting to 'computeLib.RESTR_EVAL_TAC' as the title.
  To specify a title, use 'title' in metadata or --metadata title="...".
[WARNING] This document format requires a nonempty <title> element.
  Defaulting to 'computeLib.bool_compset' as the title.
  To specify a title, use 'title' in metadata or --metadata title="...".
[WARNING] This document format requires a nonempty <title> element.
  Defaulting to 'computeLib.listItems' as the title.
  To specify a title, use 'title' in metadata or --metadata title="...".
[WARNING] This document format requires a nonempty <title> element.
  Defaulting to 'computeLib.monitoring' as the title.
  To specify a title, use 'title' in metadata or --metadata title="...".
[WARNING] This document format requires a nonempty <title> element.
  Defaulting to 'computeLib.transform' as the title.
  To specify a title, use 'title' in metadata or --metadata title="...".
[WARNING] This document format requires a nonempty <title> element.
  Defaulting to 'computeLib.unmapped' as the title.
  To specify a title, use 'title' in metadata or --metadata title="...".
[WARNING] This document format requires a nonempty <title> element.
  Defaulting to 'cv_transLib.cv_auto_trans' as the title.
  To specify a title, use 'title' in metadata or --metadata title="...".
[WARNING] This document format requires a nonempty <title> element.
  Defaulting to 'cv_transLib.cv_auto_trans_pre' as the title.
  To specify a title, use 'title' in metadata or --metadata title="...".
[WARNING] This document format requires a nonempty <title> element.
  Defaulting to 'cv_transLib.cv_auto_trans_pre_rec' as the title.
  To specify a title, use 'title' in metadata or --metadata title="...".
[WARNING] This document format requires a nonempty <title> element.
  Defaulting to 'cv_transLib.cv_auto_trans_rec' as the title.
  To specify a title, use 'title' in metadata or --metadata title="...".
[WARNING] This document format requires a nonempty <title> element.
  Defaulting to 'cv_transLib.cv_eval' as the title.
  To specify a title, use 'title' in metadata or --metadata title="...".
[WARNING] This document format requires a nonempty <title> element.
  Defaulting to 'cv_transLib.cv_eval_raw' as the title.
  To specify a title, use 'title' in metadata or --metadata title="...".
[WARNING] This document format requires a nonempty <title> element.
  Defaulting to 'cv_transLib.cv_termination_tac' as the title.
  To specify a title, use 'title' in metadata or --metadata title="...".
[WARNING] This document format requires a nonempty <title> element.
  Defaulting to 'cv_transLib.cv_trans' as the title.
  To specify a title, use 'title' in metadata or --metadata title="...".
[WARNING] This document format requires a nonempty <title> element.
  Defaulting to 'cv_transLib.cv_trans_deep_embedding' as the title.
  To specify a title, use 'title' in metadata or --metadata title="...".
[WARNING] This document format requires a nonempty <title> element.
  Defaulting to 'cv_transLib.cv_trans_pre' as the title.
  To specify a title, use 'title' in metadata or --metadata title="...".
[WARNING] This document format requires a nonempty <title> element.
  Defaulting to 'cv_transLib.cv_trans_pre_rec' as the title.
  To specify a title, use 'title' in metadata or --metadata title="...".
[WARNING] This document format requires a nonempty <title> element.
  Defaulting to 'cv_transLib.cv_trans_rec' as the title.
  To specify a title, use 'title' in metadata or --metadata title="...".
[WARNING] This document format requires a nonempty <title> element.
  Defaulting to 'dep_rewrite.DEP_ASM_REWRITE_TAC' as the title.
  To specify a title, use 'title' in metadata or --metadata title="...".
[WARNING] This document format requires a nonempty <title> element.
  Defaulting to 'dep_rewrite.DEP_LIST_ASM_REWRITE_TAC' as the title.
  To specify a title, use 'title' in metadata or --metadata title="...".
[WARNING] This document format requires a nonempty <title> element.
  Defaulting to 'dep_rewrite.DEP_LIST_REWRITE_TAC' as the title.
  To specify a title, use 'title' in metadata or --metadata title="...".
[WARNING] This document format requires a nonempty <title> element.
  Defaulting to 'dep_rewrite.DEP_ONCE_ASM_REWRITE_TAC' as the title.
  To specify a title, use 'title' in metadata or --metadata title="...".
[WARNING] This document format requires a nonempty <title> element.
  Defaulting to 'dep_rewrite.DEP_ONCE_REWRITE_TAC' as the title.
  To specify a title, use 'title' in metadata or --metadata title="...".
[WARNING] This document format requires a nonempty <title> element.
  Defaulting to 'dep_rewrite.DEP_PURE_ASM_REWRITE_TAC' as the title.
  To specify a title, use 'title' in metadata or --metadata title="...".
[WARNING] This document format requires a nonempty <title> element.
  Defaulting to 'dep_rewrite.DEP_PURE_LIST_ASM_REWRITE_TAC' as the title.
  To specify a title, use 'title' in metadata or --metadata title="...".
[WARNING] This document format requires a nonempty <title> element.
  Defaulting to 'dep_rewrite.DEP_PURE_LIST_REWRITE_TAC' as the title.
  To specify a title, use 'title' in metadata or --metadata title="...".
[WARNING] This document format requires a nonempty <title> element.
  Defaulting to 'dep_rewrite.DEP_PURE_ONCE_ASM_REWRITE_TAC' as the title.
  To specify a title, use 'title' in metadata or --metadata title="...".
[WARNING] This document format requires a nonempty <title> element.
  Defaulting to 'dep_rewrite.DEP_PURE_ONCE_REWRITE_TAC' as the title.
  To specify a title, use 'title' in metadata or --metadata title="...".
[WARNING] This document format requires a nonempty <title> element.
  Defaulting to 'dep_rewrite.DEP_PURE_REWRITE_TAC' as the title.
  To specify a title, use 'title' in metadata or --metadata title="...".
[WARNING] This document format requires a nonempty <title> element.
  Defaulting to 'dep_rewrite.DEP_REWRITE_TAC' as the title.
  To specify a title, use 'title' in metadata or --metadata title="...".
[WARNING] This document format requires a nonempty <title> element.
  Defaulting to 'fcpLib.FCP_ss' as the title.
  To specify a title, use 'title' in metadata or --metadata title="...".
[WARNING] This document format requires a nonempty <title> element.
  Defaulting to 'foo' as the title.
  To specify a title, use 'title' in metadata or --metadata title="...".
[WARNING] This document format requires a nonempty <title> element.
  Defaulting to 'goalStack.print_tac' as the title.
  To specify a title, use 'title' in metadata or --metadata title="...".
[WARNING] This document format requires a nonempty <title> element.
  Defaulting to 'hol88Lib.GEN_ALL' as the title.
  To specify a title, use 'title' in metadata or --metadata title="...".
[WARNING] This document format requires a nonempty <title> element.
  Defaulting to 'hol88Lib.assoc' as the title.
  To specify a title, use 'title' in metadata or --metadata title="...".
[WARNING] This document format requires a nonempty <title> element.
  Defaulting to 'hol88Lib.frees' as the title.
  To specify a title, use 'title' in metadata or --metadata title="...".
[WARNING] This document format requires a nonempty <title> element.
  Defaulting to 'hol88Lib.match' as the title.
  To specify a title, use 'title' in metadata or --metadata title="...".
[WARNING] This document format requires a nonempty <title> element.
  Defaulting to 'hol88Lib.rev_assoc' as the title.
  To specify a title, use 'title' in metadata or --metadata title="...".
[WARNING] This document format requires a nonempty <title> element.
  Defaulting to 'holCheckLib.empty_model' as the title.
  To specify a title, use 'title' in metadata or --metadata title="...".
[WARNING] This document format requires a nonempty <title> element.
  Defaulting to 'holCheckLib.get_flag_abs' as the title.
  To specify a title, use 'title' in metadata or --metadata title="...".
[WARNING] This document format requires a nonempty <title> element.
  Defaulting to 'holCheckLib.get_flag_ric' as the title.
  To specify a title, use 'title' in metadata or --metadata title="...".
[WARNING] This document format requires a nonempty <title> element.
  Defaulting to 'holCheckLib.get_init' as the title.
  To specify a title, use 'title' in metadata or --metadata title="...".
[WARNING] This document format requires a nonempty <title> element.
  Defaulting to 'holCheckLib.get_name' as the title.
  To specify a title, use 'title' in metadata or --metadata title="...".
[WARNING] This document format requires a nonempty <title> element.
  Defaulting to 'holCheckLib.get_props' as the title.
  To specify a title, use 'title' in metadata or --metadata title="...".
[WARNING] This document format requires a nonempty <title> element.
  Defaulting to 'holCheckLib.get_results' as the title.
  To specify a title, use 'title' in metadata or --metadata title="...".
[WARNING] This document format requires a nonempty <title> element.
  Defaulting to 'holCheckLib.get_state' as the title.
  To specify a title, use 'title' in metadata or --metadata title="...".
[WARNING] This document format requires a nonempty <title> element.
  Defaulting to 'holCheckLib.get_trans' as the title.
  To specify a title, use 'title' in metadata or --metadata title="...".
[WARNING] This document format requires a nonempty <title> element.
  Defaulting to 'holCheckLib.get_vord' as the title.
  To specify a title, use 'title' in metadata or --metadata title="...".
[WARNING] This document format requires a nonempty <title> element.
  Defaulting to 'holCheckLib.holCheck' as the title.
  To specify a title, use 'title' in metadata or --metadata title="...".
[WARNING] This document format requires a nonempty <title> element.
  Defaulting to 'holCheckLib.mk_state' as the title.
  To specify a title, use 'title' in metadata or --metadata title="...".
[WARNING] This document format requires a nonempty <title> element.
  Defaulting to 'holCheckLib.prove_model' as the title.
  To specify a title, use 'title' in metadata or --metadata title="...".
[WARNING] This document format requires a nonempty <title> element.
  Defaulting to 'holCheckLib.set_flag_abs' as the title.
  To specify a title, use 'title' in metadata or --metadata title="...".
[WARNING] This document format requires a nonempty <title> element.
  Defaulting to 'holCheckLib.set_flag_ric' as the title.
  To specify a title, use 'title' in metadata or --metadata title="...".
[WARNING] This document format requires a nonempty <title> element.
  Defaulting to 'holCheckLib.set_init' as the title.
  To specify a title, use 'title' in metadata or --metadata title="...".
[WARNING] This document format requires a nonempty <title> element.
  Defaulting to 'holCheckLib.set_name' as the title.
  To specify a title, use 'title' in metadata or --metadata title="...".
[WARNING] This document format requires a nonempty <title> element.
  Defaulting to 'holCheckLib.set_props' as the title.
  To specify a title, use 'title' in metadata or --metadata title="...".
[WARNING] This document format requires a nonempty <title> element.
  Defaulting to 'holCheckLib.set_state' as the title.
  To specify a title, use 'title' in metadata or --metadata title="...".
[WARNING] This document format requires a nonempty <title> element.
  Defaulting to 'holCheckLib.set_trans' as the title.
  To specify a title, use 'title' in metadata or --metadata title="...".
[WARNING] This document format requires a nonempty <title> element.
  Defaulting to 'holCheckLib.set_vord' as the title.
  To specify a title, use 'title' in metadata or --metadata title="...".
[WARNING] This document format requires a nonempty <title> element.
  Defaulting to 'holyHammer.hh' as the title.
  To specify a title, use 'title' in metadata or --metadata title="...".
[WARNING] This document format requires a nonempty <title> element.
  Defaulting to 'holyHammer.holyhammer' as the title.
  To specify a title, use 'title' in metadata or --metadata title="...".
[WARNING] This document format requires a nonempty <title> element.
  Defaulting to 'intLib.deprecate_int' as the title.
  To specify a title, use 'title' in metadata or --metadata title="...".
[WARNING] This document format requires a nonempty <title> element.
  Defaulting to 'intLib.prefer_int' as the title.
  To specify a title, use 'title' in metadata or --metadata title="...".
[WARNING] This document format requires a nonempty <title> element.
  Defaulting to 'jrhUtils.HALF_MK_ABS' as the title.
  To specify a title, use 'title' in metadata or --metadata title="...".
[WARNING] This document format requires a nonempty <title> element.
  Defaulting to 'listLib.ALL_EL_CONV' as the title.
  To specify a title, use 'title' in metadata or --metadata title="...".
[WARNING] This document format requires a nonempty <title> element.
  Defaulting to 'listLib.AND_EL_CONV' as the title.
  To specify a title, use 'title' in metadata or --metadata title="...".
[WARNING] This document format requires a nonempty <title> element.
  Defaulting to 'listLib.APPEND_CONV' as the title.
  To specify a title, use 'title' in metadata or --metadata title="...".
[WARNING] This document format requires a nonempty <title> element.
  Defaulting to 'listLib.BUTFIRSTN_CONV' as the title.
  To specify a title, use 'title' in metadata or --metadata title="...".
[WARNING] This document format requires a nonempty <title> element.
  Defaulting to 'listLib.BUTLASTN_CONV' as the title.
  To specify a title, use 'title' in metadata or --metadata title="...".
[WARNING] This document format requires a nonempty <title> element.
  Defaulting to 'listLib.BUTLAST_CONV' as the title.
  To specify a title, use 'title' in metadata or --metadata title="...".
[WARNING] This document format requires a nonempty <title> element.
  Defaulting to 'listLib.ELL_CONV' as the title.
  To specify a title, use 'title' in metadata or --metadata title="...".
[WARNING] This document format requires a nonempty <title> element.
  Defaulting to 'listLib.EL_CONV' as the title.
  To specify a title, use 'title' in metadata or --metadata title="...".
[WARNING] This document format requires a nonempty <title> element.
  Defaulting to 'listLib.EQ_LENGTH_INDUCT_TAC' as the title.
  To specify a title, use 'title' in metadata or --metadata title="...".
[WARNING] This document format requires a nonempty <title> element.
  Defaulting to 'listLib.EQ_LENGTH_SNOC_INDUCT_TAC' as the title.
  To specify a title, use 'title' in metadata or --metadata title="...".
[WARNING] This document format requires a nonempty <title> element.
  Defaulting to 'listLib.FILTER_CONV' as the title.
  To specify a title, use 'title' in metadata or --metadata title="...".
[WARNING] This document format requires a nonempty <title> element.
  Defaulting to 'listLib.FIRSTN_CONV' as the title.
  To specify a title, use 'title' in metadata or --metadata title="...".
[WARNING] This document format requires a nonempty <title> element.
  Defaulting to 'listLib.FLAT_CONV' as the title.
  To specify a title, use 'title' in metadata or --metadata title="...".
[WARNING] This document format requires a nonempty <title> element.
  Defaulting to 'listLib.FOLDL_CONV' as the title.
  To specify a title, use 'title' in metadata or --metadata title="...".
[WARNING] This document format requires a nonempty <title> element.
  Defaulting to 'listLib.FOLDR_CONV' as the title.
  To specify a title, use 'title' in metadata or --metadata title="...".
[WARNING] This document format requires a nonempty <title> element.
  Defaulting to 'listLib.GENLIST_CONV' as the title.
  To specify a title, use 'title' in metadata or --metadata title="...".
[WARNING] This document format requires a nonempty <title> element.
  Defaulting to 'listLib.IS_EL_CONV' as the title.
  To specify a title, use 'title' in metadata or --metadata title="...".
[WARNING] This document format requires a nonempty <title> element.
  Defaulting to 'listLib.LASTN_CONV' as the title.
  To specify a title, use 'title' in metadata or --metadata title="...".
[WARNING] This document format requires a nonempty <title> element.
  Defaulting to 'listLib.LAST_CONV' as the title.
  To specify a title, use 'title' in metadata or --metadata title="...".
[WARNING] This document format requires a nonempty <title> element.
  Defaulting to 'listLib.LENGTH_CONV' as the title.
  To specify a title, use 'title' in metadata or --metadata title="...".
[WARNING] This document format requires a nonempty <title> element.
  Defaulting to 'listLib.LIST_CONV' as the title.
  To specify a title, use 'title' in metadata or --metadata title="...".
[WARNING] This document format requires a nonempty <title> element.
  Defaulting to 'listLib.LIST_INDUCT_TAC' as the title.
  To specify a title, use 'title' in metadata or --metadata title="...".
[WARNING] This document format requires a nonempty <title> element.
  Defaulting to 'listLib.MAP2_CONV' as the title.
  To specify a title, use 'title' in metadata or --metadata title="...".
[WARNING] This document format requires a nonempty <title> element.
  Defaulting to 'listLib.MAP_CONV' as the title.
  To specify a title, use 'title' in metadata or --metadata title="...".
[WARNING] This document format requires a nonempty <title> element.
  Defaulting to 'listLib.OR_EL_CONV' as the title.
  To specify a title, use 'title' in metadata or --metadata title="...".
[WARNING] This document format requires a nonempty <title> element.
  Defaulting to 'listLib.PURE_LIST_CONV' as the title.
  To specify a title, use 'title' in metadata or --metadata title="...".
[WARNING] This document format requires a nonempty <title> element.
  Defaulting to 'listLib.REPLICATE_CONV' as the title.
  To specify a title, use 'title' in metadata or --metadata title="...".
[WARNING] This document format requires a nonempty <title> element.
  Defaulting to 'listLib.REVERSE_CONV' as the title.
  To specify a title, use 'title' in metadata or --metadata title="...".
[WARNING] This document format requires a nonempty <title> element.
  Defaulting to 'listLib.SCANL_CONV' as the title.
  To specify a title, use 'title' in metadata or --metadata title="...".
[WARNING] This document format requires a nonempty <title> element.
  Defaulting to 'listLib.SCANR_CONV' as the title.
  To specify a title, use 'title' in metadata or --metadata title="...".
[WARNING] This document format requires a nonempty <title> element.
  Defaulting to 'listLib.SEG_CONV' as the title.
  To specify a title, use 'title' in metadata or --metadata title="...".
[WARNING] This document format requires a nonempty <title> element.
  Defaulting to 'listLib.SNOC_CONV' as the title.
  To specify a title, use 'title' in metadata or --metadata title="...".
[WARNING] This document format requires a nonempty <title> element.
  Defaulting to 'listLib.SNOC_INDUCT_TAC' as the title.
  To specify a title, use 'title' in metadata or --metadata title="...".
[WARNING] This document format requires a nonempty <title> element.
  Defaulting to 'listLib.SOME_EL_CONV' as the title.
  To specify a title, use 'title' in metadata or --metadata title="...".
[WARNING] This document format requires a nonempty <title> element.
  Defaulting to 'listLib.SUM_CONV' as the title.
  To specify a title, use 'title' in metadata or --metadata title="...".
[WARNING] This document format requires a nonempty <title> element.
  Defaulting to 'listLib.X_LIST_CONV' as the title.
  To specify a title, use 'title' in metadata or --metadata title="...".
[WARNING] This document format requires a nonempty <title> element.
  Defaulting to 'listLib.list_FOLD_CONV' as the title.
  To specify a title, use 'title' in metadata or --metadata title="...".
[WARNING] This document format requires a nonempty <title> element.
  Defaulting to 'listLib.list_thm_database' as the title.
  To specify a title, use 'title' in metadata or --metadata title="...".
[WARNING] This document format requires a nonempty <title> element.
  Defaulting to 'listLib.set_list_thm_database' as the title.
  To specify a title, use 'title' in metadata or --metadata title="...".
[WARNING] This document format requires a nonempty <title> element.
  Defaulting to 'listSyntax.dest_cons' as the title.
  To specify a title, use 'title' in metadata or --metadata title="...".
[WARNING] This document format requires a nonempty <title> element.
  Defaulting to 'listSyntax.dest_list' as the title.
  To specify a title, use 'title' in metadata or --metadata title="...".
[WARNING] This document format requires a nonempty <title> element.
  Defaulting to 'listSyntax.is_cons' as the title.
  To specify a title, use 'title' in metadata or --metadata title="...".
[WARNING] This document format requires a nonempty <title> element.
  Defaulting to 'listSyntax.is_list' as the title.
  To specify a title, use 'title' in metadata or --metadata title="...".
[WARNING] This document format requires a nonempty <title> element.
  Defaulting to 'listSyntax.mk_cons' as the title.
  To specify a title, use 'title' in metadata or --metadata title="...".
[WARNING] This document format requires a nonempty <title> element.
  Defaulting to 'listSyntax.mk_list' as the title.
  To specify a title, use 'title' in metadata or --metadata title="...".
[WARNING] This document format requires a nonempty <title> element.
  Defaulting to 'markerSyntax.MK_USING' as the title.
  To specify a title, use 'title' in metadata or --metadata title="...".
[WARNING] This document format requires a nonempty <title> element.
  Defaulting to 'mesonLib.ASM_MESON_TAC' as the title.
  To specify a title, use 'title' in metadata or --metadata title="...".
[WARNING] This document format requires a nonempty <title> element.
  Defaulting to 'mesonLib.GEN_MESON_TAC' as the title.
  To specify a title, use 'title' in metadata or --metadata title="...".
[WARNING] This document format requires a nonempty <title> element.
  Defaulting to 'mesonLib.MESON_TAC' as the title.
  To specify a title, use 'title' in metadata or --metadata title="...".
[WARNING] This document format requires a nonempty <title> element.
  Defaulting to 'mlTreeNeuralNetwork.random_tnn' as the title.
  To specify a title, use 'title' in metadata or --metadata title="...".
[WARNING] This document format requires a nonempty <title> element.
  Defaulting to 'mlTreeNeuralNetwork.train_tnn' as the title.
  To specify a title, use 'title' in metadata or --metadata title="...".
[WARNING] This document format requires a nonempty <title> element.
  Defaulting to 'monadsyntax.all_monads' as the title.
  To specify a title, use 'title' in metadata or --metadata title="...".
[WARNING] This document format requires a nonempty <title> element.
  Defaulting to 'monadsyntax.declare_monad' as the title.
  To specify a title, use 'title' in metadata or --metadata title="...".
[WARNING] This document format requires a nonempty <title> element.
  Defaulting to 'monadsyntax.enable_monad' as the title.
  To specify a title, use 'title' in metadata or --metadata title="...".
[WARNING] This document format requires a nonempty <title> element.
  Defaulting to 'monadsyntax.enable_monadsyntax' as the title.
  To specify a title, use 'title' in metadata or --metadata title="...".
[WARNING] This document format requires a nonempty <title> element.
  Defaulting to 'normalForms.CNF_CONV' as the title.
  To specify a title, use 'title' in metadata or --metadata title="...".
[WARNING] This document format requires a nonempty <title> element.
  Defaulting to 'numLib.ARITH_CONV' as the title.
  To specify a title, use 'title' in metadata or --metadata title="...".
[WARNING] This document format requires a nonempty <title> element.
  Defaulting to 'numLib.INDUCT_TAC' as the title.
  To specify a title, use 'title' in metadata or --metadata title="...".
[WARNING] This document format requires a nonempty <title> element.
  Defaulting to 'numLib.LEAST_ELIM_TAC' as the title.
  To specify a title, use 'title' in metadata or --metadata title="...".
[WARNING] This document format requires a nonempty <title> element.
  Defaulting to 'numLib.SUC_TO_NUMERAL_DEFN_CONV' as the title.
  To specify a title, use 'title' in metadata or --metadata title="...".
[WARNING] This document format requires a nonempty <title> element.
  Defaulting to 'numLib.num_CONV' as the title.
  To specify a title, use 'title' in metadata or --metadata title="...".
[WARNING] This document format requires a nonempty <title> element.
  Defaulting to 'numSyntax.dest_numeral' as the title.
  To specify a title, use 'title' in metadata or --metadata title="...".
[WARNING] This document format requires a nonempty <title> element.
  Defaulting to 'numSyntax.is_numeral' as the title.
  To specify a title, use 'title' in metadata or --metadata title="...".
[WARNING] This document format requires a nonempty <title> element.
  Defaulting to 'numSyntax.mk_numeral' as the title.
  To specify a title, use 'title' in metadata or --metadata title="...".
[WARNING] This document format requires a nonempty <title> element.
  Defaulting to 'pairLib.PairCases_on' as the title.
  To specify a title, use 'title' in metadata or --metadata title="...".
[WARNING] This document format requires a nonempty <title> element.
  Defaulting to 'pairSyntax.dest_anylet' as the title.
  To specify a title, use 'title' in metadata or --metadata title="...".
[WARNING] This document format requires a nonempty <title> element.
  Defaulting to 'pairSyntax.dest_pabs' as the title.
  To specify a title, use 'title' in metadata or --metadata title="...".
[WARNING] This document format requires a nonempty <title> element.
  Defaulting to 'pairSyntax.dest_pair' as the title.
  To specify a title, use 'title' in metadata or --metadata title="...".
[WARNING] This document format requires a nonempty <title> element.
  Defaulting to 'pairSyntax.dest_pexists' as the title.
  To specify a title, use 'title' in metadata or --metadata title="...".
[WARNING] This document format requires a nonempty <title> element.
  Defaulting to 'pairSyntax.dest_pforall' as the title.
  To specify a title, use 'title' in metadata or --metadata title="...".
[WARNING] This document format requires a nonempty <title> element.
  Defaulting to 'pairSyntax.dest_prod' as the title.
  To specify a title, use 'title' in metadata or --metadata title="...".
[WARNING] This document format requires a nonempty <title> element.
  Defaulting to 'pairSyntax.dest_pselect' as the title.
  To specify a title, use 'title' in metadata or --metadata title="...".
[WARNING] This document format requires a nonempty <title> element.
  Defaulting to 'pairSyntax.genvarstruct' as the title.
  To specify a title, use 'title' in metadata or --metadata title="...".
[WARNING] This document format requires a nonempty <title> element.
  Defaulting to 'pairSyntax.is_pabs' as the title.
  To specify a title, use 'title' in metadata or --metadata title="...".
[WARNING] This document format requires a nonempty <title> element.
  Defaulting to 'pairSyntax.is_pair' as the title.
  To specify a title, use 'title' in metadata or --metadata title="...".
[WARNING] This document format requires a nonempty <title> element.
  Defaulting to 'pairSyntax.is_pexists' as the title.
  To specify a title, use 'title' in metadata or --metadata title="...".
[WARNING] This document format requires a nonempty <title> element.
  Defaulting to 'pairSyntax.is_pforall' as the title.
  To specify a title, use 'title' in metadata or --metadata title="...".
[WARNING] This document format requires a nonempty <title> element.
  Defaulting to 'pairSyntax.is_prod' as the title.
  To specify a title, use 'title' in metadata or --metadata title="...".
[WARNING] This document format requires a nonempty <title> element.
  Defaulting to 'pairSyntax.is_pselect' as the title.
  To specify a title, use 'title' in metadata or --metadata title="...".
[WARNING] This document format requires a nonempty <title> element.
  Defaulting to 'pairSyntax.list_mk_anylet' as the title.
  To specify a title, use 'title' in metadata or --metadata title="...".
[WARNING] This document format requires a nonempty <title> element.
  Defaulting to 'pairSyntax.list_mk_pabs' as the title.
  To specify a title, use 'title' in metadata or --metadata title="...".
[WARNING] This document format requires a nonempty <title> element.
  Defaulting to 'pairSyntax.list_mk_pair' as the title.
  To specify a title, use 'title' in metadata or --metadata title="...".
[WARNING] This document format requires a nonempty <title> element.
  Defaulting to 'pairSyntax.mk_anylet' as the title.
  To specify a title, use 'title' in metadata or --metadata title="...".
[WARNING] This document format requires a nonempty <title> element.
  Defaulting to 'pairSyntax.mk_pabs' as the title.
  To specify a title, use 'title' in metadata or --metadata title="...".
[WARNING] This document format requires a nonempty <title> element.
  Defaulting to 'pairSyntax.mk_pair' as the title.
  To specify a title, use 'title' in metadata or --metadata title="...".
[WARNING] This document format requires a nonempty <title> element.
  Defaulting to 'pairSyntax.mk_prod' as the title.
  To specify a title, use 'title' in metadata or --metadata title="...".
[WARNING] This document format requires a nonempty <title> element.
  Defaulting to 'pairSyntax.pbody' as the title.
  To specify a title, use 'title' in metadata or --metadata title="...".
[WARNING] This document format requires a nonempty <title> element.
  Defaulting to 'pairSyntax.spine_pair' as the title.
  To specify a title, use 'title' in metadata or --metadata title="...".
[WARNING] This document format requires a nonempty <title> element.
  Defaulting to 'pairSyntax.strip_anylet' as the title.
  To specify a title, use 'title' in metadata or --metadata title="...".
[WARNING] This document format requires a nonempty <title> element.
  Defaulting to 'pairSyntax.strip_pabs' as the title.
  To specify a title, use 'title' in metadata or --metadata title="...".
[WARNING] This document format requires a nonempty <title> element.
  Defaulting to 'pairSyntax.strip_pair' as the title.
  To specify a title, use 'title' in metadata or --metadata title="...".
[WARNING] This document format requires a nonempty <title> element.
  Defaulting to 'pairSyntax.strip_pexists' as the title.
  To specify a title, use 'title' in metadata or --metadata title="...".
[WARNING] This document format requires a nonempty <title> element.
  Defaulting to 'pairSyntax.strip_pforall' as the title.
  To specify a title, use 'title' in metadata or --metadata title="...".
[WARNING] This document format requires a nonempty <title> element.
  Defaulting to 'patriciaLib.Define_mk_ptree' as the title.
  To specify a title, use 'title' in metadata or --metadata title="...".
[WARNING] This document format requires a nonempty <title> element.
  Defaulting to 'patriciaLib.PTREE_ADD_CONV' as the title.
  To specify a title, use 'title' in metadata or --metadata title="...".
[WARNING] This document format requires a nonempty <title> element.
  Defaulting to 'patriciaLib.PTREE_CONV' as the title.
  To specify a title, use 'title' in metadata or --metadata title="...".
[WARNING] This document format requires a nonempty <title> element.
  Defaulting to 'patriciaLib.PTREE_DEFN_CONV' as the title.
  To specify a title, use 'title' in metadata or --metadata title="...".
[WARNING] This document format requires a nonempty <title> element.
  Defaulting to 'patriciaLib.PTREE_DEPTH_CONV' as the title.
  To specify a title, use 'title' in metadata or --metadata title="...".
[WARNING] This document format requires a nonempty <title> element.
  Defaulting to 'patriciaLib.PTREE_EVERY_LEAF_CONV' as the title.
  To specify a title, use 'title' in metadata or --metadata title="...".
[WARNING] This document format requires a nonempty <title> element.
  Defaulting to 'patriciaLib.PTREE_EXISTS_LEAF_CONV' as the title.
  To specify a title, use 'title' in metadata or --metadata title="...".
[WARNING] This document format requires a nonempty <title> element.
  Defaulting to 'patriciaLib.PTREE_INSERT_PTREE_CONV' as the title.
  To specify a title, use 'title' in metadata or --metadata title="...".
[WARNING] This document format requires a nonempty <title> element.
  Defaulting to 'patriciaLib.PTREE_IN_PTREE_CONV' as the title.
  To specify a title, use 'title' in metadata or --metadata title="...".
[WARNING] This document format requires a nonempty <title> element.
  Defaulting to 'patriciaLib.PTREE_IS_PTREE_CONV' as the title.
  To specify a title, use 'title' in metadata or --metadata title="...".
[WARNING] This document format requires a nonempty <title> element.
  Defaulting to 'patriciaLib.PTREE_PEEK_CONV' as the title.
  To specify a title, use 'title' in metadata or --metadata title="...".
[WARNING] This document format requires a nonempty <title> element.
  Defaulting to 'patriciaLib.PTREE_REMOVE_CONV' as the title.
  To specify a title, use 'title' in metadata or --metadata title="...".
[WARNING] This document format requires a nonempty <title> element.
  Defaulting to 'patriciaLib.PTREE_SIZE_CONV' as the title.
  To specify a title, use 'title' in metadata or --metadata title="...".
[WARNING] This document format requires a nonempty <title> element.
  Defaulting to 'patriciaLib.PTREE_TRANSFORM_CONV' as the title.
  To specify a title, use 'title' in metadata or --metadata title="...".
[WARNING] This document format requires a nonempty <title> element.
  Defaulting to 'patriciaLib.dest_ptree' as the title.
  To specify a title, use 'title' in metadata or --metadata title="...".
[WARNING] This document format requires a nonempty <title> element.
  Defaulting to 'patriciaLib.is_ptree' as the title.
  To specify a title, use 'title' in metadata or --metadata title="...".
[WARNING] This document format requires a nonempty <title> element.
  Defaulting to 'patriciaLib.mk_ptree' as the title.
  To specify a title, use 'title' in metadata or --metadata title="...".
[WARNING] This document format requires a nonempty <title> element.
  Defaulting to 'pred_setLib.DELETE_CONV' as the title.
  To specify a title, use 'title' in metadata or --metadata title="...".
[WARNING] This document format requires a nonempty <title> element.
  Defaulting to 'pred_setLib.FINITE_CONV' as the title.
  To specify a title, use 'title' in metadata or --metadata title="...".
[WARNING] This document format requires a nonempty <title> element.
  Defaulting to 'pred_setLib.IMAGE_CONV' as the title.
  To specify a title, use 'title' in metadata or --metadata title="...".
[WARNING] This document format requires a nonempty <title> element.
  Defaulting to 'pred_setLib.INSERT_CONV' as the title.
  To specify a title, use 'title' in metadata or --metadata title="...".
[WARNING] This document format requires a nonempty <title> element.
  Defaulting to 'pred_setLib.IN_CONV' as the title.
  To specify a title, use 'title' in metadata or --metadata title="...".
[WARNING] This document format requires a nonempty <title> element.
  Defaulting to 'pred_setLib.SET_INDUCT_TAC' as the title.
  To specify a title, use 'title' in metadata or --metadata title="...".
[WARNING] This document format requires a nonempty <title> element.
  Defaulting to 'pred_setLib.SET_SPEC_CONV' as the title.
  To specify a title, use 'title' in metadata or --metadata title="...".
[WARNING] This document format requires a nonempty <title> element.
  Defaulting to 'pred_setLib.UNION_CONV' as the title.
  To specify a title, use 'title' in metadata or --metadata title="...".
[WARNING] This document format requires a nonempty <title> element.
  Defaulting to 'proofManagerLib.b' as the title.
  To specify a title, use 'title' in metadata or --metadata title="...".
[WARNING] This document format requires a nonempty <title> element.
  Defaulting to 'proofManagerLib.backup' as the title.
  To specify a title, use 'title' in metadata or --metadata title="...".
[WARNING] This document format requires a nonempty <title> element.
  Defaulting to 'proofManagerLib.e' as the title.
  To specify a title, use 'title' in metadata or --metadata title="...".
[WARNING] This document format requires a nonempty <title> element.
  Defaulting to 'proofManagerLib.eall' as the title.
  To specify a title, use 'title' in metadata or --metadata title="...".
[WARNING] This document format requires a nonempty <title> element.
  Defaulting to 'proofManagerLib.elt' as the title.
  To specify a title, use 'title' in metadata or --metadata title="...".
[WARNING] This document format requires a nonempty <title> element.
  Defaulting to 'proofManagerLib.enth' as the title.
  To specify a title, use 'title' in metadata or --metadata title="...".
[WARNING] This document format requires a nonempty <title> element.
  Defaulting to 'proofManagerLib.eta' as the title.
  To specify a title, use 'title' in metadata or --metadata title="...".
[WARNING] This document format requires a nonempty <title> element.
  Defaulting to 'proofManagerLib.expand' as the title.
  To specify a title, use 'title' in metadata or --metadata title="...".
[WARNING] This document format requires a nonempty <title> element.
  Defaulting to 'proofManagerLib.expand_list' as the title.
  To specify a title, use 'title' in metadata or --metadata title="...".
[WARNING] This document format requires a nonempty <title> element.
  Defaulting to 'proofManagerLib.expand_listf' as the title.
  To specify a title, use 'title' in metadata or --metadata title="...".
[WARNING] This document format requires a nonempty <title> element.
  Defaulting to 'proofManagerLib.expandf' as the title.
  To specify a title, use 'title' in metadata or --metadata title="...".
[WARNING] This document format requires a nonempty <title> element.
  Defaulting to 'proofManagerLib.flatn' as the title.
  To specify a title, use 'title' in metadata or --metadata title="...".
[WARNING] This document format requires a nonempty <title> element.
  Defaulting to 'proofManagerLib.forget_history' as the title.
  To specify a title, use 'title' in metadata or --metadata title="...".
[WARNING] This document format requires a nonempty <title> element.
  Defaulting to 'proofManagerLib.g' as the title.
  To specify a title, use 'title' in metadata or --metadata title="...".
[WARNING] This document format requires a nonempty <title> element.
  Defaulting to 'proofManagerLib.p' as the title.
  To specify a title, use 'title' in metadata or --metadata title="...".
[WARNING] This document format requires a nonempty <title> element.
  Defaulting to 'proofManagerLib.r' as the title.
  To specify a title, use 'title' in metadata or --metadata title="...".
[WARNING] This document format requires a nonempty <title> element.
  Defaulting to 'proofManagerLib.rd' as the title.
  To specify a title, use 'title' in metadata or --metadata title="...".
[WARNING] This document format requires a nonempty <title> element.
  Defaulting to 'proofManagerLib.redo' as the title.
  To specify a title, use 'title' in metadata or --metadata title="...".
[WARNING] This document format requires a nonempty <title> element.
  Defaulting to 'proofManagerLib.restart' as the title.
  To specify a title, use 'title' in metadata or --metadata title="...".
[WARNING] This document format requires a nonempty <title> element.
  Defaulting to 'proofManagerLib.restore' as the title.
  To specify a title, use 'title' in metadata or --metadata title="...".
[WARNING] This document format requires a nonempty <title> element.
  Defaulting to 'proofManagerLib.save' as the title.
  To specify a title, use 'title' in metadata or --metadata title="...".
[WARNING] This document format requires a nonempty <title> element.
  Defaulting to 'proofManagerLib.set_backup' as the title.
  To specify a title, use 'title' in metadata or --metadata title="...".
[WARNING] This document format requires a nonempty <title> element.
  Defaulting to 'proofManagerLib.set_goal' as the title.
  To specify a title, use 'title' in metadata or --metadata title="...".
[WARNING] This document format requires a nonempty <title> element.
  Defaulting to 'proofManagerLib.top_goal' as the title.
  To specify a title, use 'title' in metadata or --metadata title="...".
[WARNING] This document format requires a nonempty <title> element.
  Defaulting to 'proofManagerLib.top_thm' as the title.
  To specify a title, use 'title' in metadata or --metadata title="...".
[WARNING] This document format requires a nonempty <title> element.
  Defaulting to 'pureSimps.pure_ss' as the title.
  To specify a title, use 'title' in metadata or --metadata title="...".
[WARNING] This document format requires a nonempty <title> element.
  Defaulting to 'quantHeuristicsLib.ASM_QUANT_INSTANTIATE_TAC' as the title.
  To specify a title, use 'title' in metadata or --metadata title="...".
[WARNING] This document format requires a nonempty <title> element.
  Defaulting to 'quantHeuristicsLib.FAST_ASM_QUANT_INSTANTIATE_TAC' as the title.
  To specify a title, use 'title' in metadata or --metadata title="...".
[WARNING] This document format requires a nonempty <title> element.
  Defaulting to 'quantHeuristicsLib.FAST_QUANT_INSTANTIATE_CONV' as the title.
  To specify a title, use 'title' in metadata or --metadata title="...".
[WARNING] This document format requires a nonempty <title> element.
  Defaulting to 'quantHeuristicsLib.FAST_QUANT_INSTANTIATE_TAC' as the title.
  To specify a title, use 'title' in metadata or --metadata title="...".
[WARNING] This document format requires a nonempty <title> element.
  Defaulting to 'quantHeuristicsLib.FAST_QUANT_INST_ss' as the title.
  To specify a title, use 'title' in metadata or --metadata title="...".
[WARNING] This document format requires a nonempty <title> element.
  Defaulting to 'quantHeuristicsLib.QUANT_INSTANTIATE_CONV' as the title.
  To specify a title, use 'title' in metadata or --metadata title="...".
[WARNING] This document format requires a nonempty <title> element.
  Defaulting to 'quantHeuristicsLib.QUANT_INSTANTIATE_TAC' as the title.
  To specify a title, use 'title' in metadata or --metadata title="...".
[WARNING] This document format requires a nonempty <title> element.
  Defaulting to 'quantHeuristicsLib.QUANT_INST_ss' as the title.
  To specify a title, use 'title' in metadata or --metadata title="...".
[WARNING] This document format requires a nonempty <title> element.
  Defaulting to 'quantHeuristicsLib.QUANT_TAC' as the title.
  To specify a title, use 'title' in metadata or --metadata title="...".
[WARNING] This document format requires a nonempty <title> element.
  Defaulting to 'quantHeuristicsLib.SIMPLE_QUANT_INSTANTIATE_CONV' as the title.
  To specify a title, use 'title' in metadata or --metadata title="...".
[WARNING] This document format requires a nonempty <title> element.
  Defaulting to 'quantHeuristicsLib.SIMPLE_QUANT_INST_ss' as the title.
  To specify a title, use 'title' in metadata or --metadata title="...".
[WARNING] This document format requires a nonempty <title> element.
  Defaulting to 'reduceLib.ADD_CONV' as the title.
  To specify a title, use 'title' in metadata or --metadata title="...".
[WARNING] This document format requires a nonempty <title> element.
  Defaulting to 'reduceLib.AND_CONV' as the title.
  To specify a title, use 'title' in metadata or --metadata title="...".
[WARNING] This document format requires a nonempty <title> element.
  Defaulting to 'reduceLib.BEQ_CONV' as the title.
  To specify a title, use 'title' in metadata or --metadata title="...".
[WARNING] This document format requires a nonempty <title> element.
  Defaulting to 'reduceLib.COND_CONV' as the title.
  To specify a title, use 'title' in metadata or --metadata title="...".
[WARNING] This document format requires a nonempty <title> element.
  Defaulting to 'reduceLib.DIV_CONV' as the title.
  To specify a title, use 'title' in metadata or --metadata title="...".
[WARNING] This document format requires a nonempty <title> element.
  Defaulting to 'reduceLib.EXP_CONV' as the title.
  To specify a title, use 'title' in metadata or --metadata title="...".
[WARNING] This document format requires a nonempty <title> element.
  Defaulting to 'reduceLib.GE_CONV' as the title.
  To specify a title, use 'title' in metadata or --metadata title="...".
[WARNING] This document format requires a nonempty <title> element.
  Defaulting to 'reduceLib.GT_CONV' as the title.
  To specify a title, use 'title' in metadata or --metadata title="...".
[WARNING] This document format requires a nonempty <title> element.
  Defaulting to 'reduceLib.IMP_CONV' as the title.
  To specify a title, use 'title' in metadata or --metadata title="...".
[WARNING] This document format requires a nonempty <title> element.
  Defaulting to 'reduceLib.LE_CONV' as the title.
  To specify a title, use 'title' in metadata or --metadata title="...".
[WARNING] This document format requires a nonempty <title> element.
  Defaulting to 'reduceLib.LT_CONV' as the title.
  To specify a title, use 'title' in metadata or --metadata title="...".
[WARNING] This document format requires a nonempty <title> element.
  Defaulting to 'reduceLib.MOD_CONV' as the title.
  To specify a title, use 'title' in metadata or --metadata title="...".
[WARNING] This document format requires a nonempty <title> element.
  Defaulting to 'reduceLib.MUL_CONV' as the title.
  To specify a title, use 'title' in metadata or --metadata title="...".
[WARNING] This document format requires a nonempty <title> element.
  Defaulting to 'reduceLib.NEQ_CONV' as the title.
  To specify a title, use 'title' in metadata or --metadata title="...".
[WARNING] This document format requires a nonempty <title> element.
  Defaulting to 'reduceLib.NOT_CONV' as the title.
  To specify a title, use 'title' in metadata or --metadata title="...".
[WARNING] This document format requires a nonempty <title> element.
  Defaulting to 'reduceLib.OR_CONV' as the title.
  To specify a title, use 'title' in metadata or --metadata title="...".
[WARNING] This document format requires a nonempty <title> element.
  Defaulting to 'reduceLib.PRE_CONV' as the title.
  To specify a title, use 'title' in metadata or --metadata title="...".
[WARNING] This document format requires a nonempty <title> element.
  Defaulting to 'reduceLib.REDUCE_CONV' as the title.
  To specify a title, use 'title' in metadata or --metadata title="...".
[WARNING] This document format requires a nonempty <title> element.
  Defaulting to 'reduceLib.REDUCE_RULE' as the title.
  To specify a title, use 'title' in metadata or --metadata title="...".
[WARNING] This document format requires a nonempty <title> element.
  Defaulting to 'reduceLib.REDUCE_TAC' as the title.
  To specify a title, use 'title' in metadata or --metadata title="...".
[WARNING] This document format requires a nonempty <title> element.
  Defaulting to 'reduceLib.RED_CONV' as the title.
  To specify a title, use 'title' in metadata or --metadata title="...".
[WARNING] This document format requires a nonempty <title> element.
  Defaulting to 'reduceLib.SBC_CONV' as the title.
  To specify a title, use 'title' in metadata or --metadata title="...".
[WARNING] This document format requires a nonempty <title> element.
  Defaulting to 'reduceLib.SUC_CONV' as the title.
  To specify a title, use 'title' in metadata or --metadata title="...".
[WARNING] This document format requires a nonempty <title> element.
  Defaulting to 'res_quanLib.IMP_RES_FORALL_CONV' as the title.
  To specify a title, use 'title' in metadata or --metadata title="...".
[WARNING] This document format requires a nonempty <title> element.
  Defaulting to 'res_quanLib.RESQ_HALF_SPEC' as the title.
  To specify a title, use 'title' in metadata or --metadata title="...".
[WARNING] This document format requires a nonempty <title> element.
  Defaulting to 'res_quanLib.RESQ_REWRITE1_CONV' as the title.
  To specify a title, use 'title' in metadata or --metadata title="...".
[WARNING] This document format requires a nonempty <title> element.
  Defaulting to 'res_quanLib.RESQ_REWRITE1_TAC' as the title.
  To specify a title, use 'title' in metadata or --metadata title="...".
[WARNING] This document format requires a nonempty <title> element.
  Defaulting to 'res_quanLib.RESQ_REWR_CANON' as the title.
  To specify a title, use 'title' in metadata or --metadata title="...".
[WARNING] This document format requires a nonempty <title> element.
  Defaulting to 'res_quanLib.RESQ_SPEC' as the title.
  To specify a title, use 'title' in metadata or --metadata title="...".
[WARNING] This document format requires a nonempty <title> element.
  Defaulting to 'res_quanLib.RES_EXISTS_CONV' as the title.
  To specify a title, use 'title' in metadata or --metadata title="...".
[WARNING] This document format requires a nonempty <title> element.
  Defaulting to 'res_quanLib.RES_EXISTS_UNIQUE_CONV' as the title.
  To specify a title, use 'title' in metadata or --metadata title="...".
[WARNING] This document format requires a nonempty <title> element.
  Defaulting to 'res_quanLib.RES_FORALL_AND_CONV' as the title.
  To specify a title, use 'title' in metadata or --metadata title="...".
[WARNING] This document format requires a nonempty <title> element.
  Defaulting to 'res_quanLib.RES_FORALL_CONV' as the title.
  To specify a title, use 'title' in metadata or --metadata title="...".
[WARNING] This document format requires a nonempty <title> element.
  Defaulting to 'res_quanLib.RES_FORALL_SWAP_CONV' as the title.
  To specify a title, use 'title' in metadata or --metadata title="...".
[WARNING] This document format requires a nonempty <title> element.
  Defaulting to 'res_quanLib.RES_SELECT_CONV' as the title.
  To specify a title, use 'title' in metadata or --metadata title="...".
[WARNING] This document format requires a nonempty <title> element.
  Defaulting to 'res_quanLib.dest_res_abstract' as the title.
  To specify a title, use 'title' in metadata or --metadata title="...".
[WARNING] This document format requires a nonempty <title> element.
  Defaulting to 'res_quanLib.dest_res_exists' as the title.
  To specify a title, use 'title' in metadata or --metadata title="...".
[WARNING] This document format requires a nonempty <title> element.
  Defaulting to 'res_quanLib.dest_res_exists_unique' as the title.
  To specify a title, use 'title' in metadata or --metadata title="...".
[WARNING] This document format requires a nonempty <title> element.
  Defaulting to 'res_quanLib.dest_res_forall' as the title.
  To specify a title, use 'title' in metadata or --metadata title="...".
[WARNING] This document format requires a nonempty <title> element.
  Defaulting to 'res_quanLib.dest_res_select' as the title.
  To specify a title, use 'title' in metadata or --metadata title="...".
[WARNING] This document format requires a nonempty <title> element.
  Defaulting to 'res_quanLib.is_res_abstract' as the title.
  To specify a title, use 'title' in metadata or --metadata title="...".
[WARNING] This document format requires a nonempty <title> element.
  Defaulting to 'res_quanLib.is_res_exists' as the title.
  To specify a title, use 'title' in metadata or --metadata title="...".
[WARNING] This document format requires a nonempty <title> element.
  Defaulting to 'res_quanLib.is_res_exists_unique' as the title.
  To specify a title, use 'title' in metadata or --metadata title="...".
[WARNING] This document format requires a nonempty <title> element.
  Defaulting to 'res_quanLib.is_res_forall' as the title.
  To specify a title, use 'title' in metadata or --metadata title="...".
[WARNING] This document format requires a nonempty <title> element.
  Defaulting to 'res_quanLib.is_res_select' as the title.
  To specify a title, use 'title' in metadata or --metadata title="...".
[WARNING] This document format requires a nonempty <title> element.
  Defaulting to 'res_quanLib.list_mk_res_exists' as the title.
  To specify a title, use 'title' in metadata or --metadata title="...".
[WARNING] This document format requires a nonempty <title> element.
  Defaulting to 'res_quanLib.list_mk_res_forall' as the title.
  To specify a title, use 'title' in metadata or --metadata title="...".
[WARNING] This document format requires a nonempty <title> element.
  Defaulting to 'res_quanLib.mk_res_abstract' as the title.
  To specify a title, use 'title' in metadata or --metadata title="...".
[WARNING] This document format requires a nonempty <title> element.
  Defaulting to 'res_quanLib.mk_res_exists' as the title.
  To specify a title, use 'title' in metadata or --metadata title="...".
[WARNING] This document format requires a nonempty <title> element.
  Defaulting to 'res_quanLib.mk_res_exists_unique' as the title.
  To specify a title, use 'title' in metadata or --metadata title="...".
[WARNING] This document format requires a nonempty <title> element.
  Defaulting to 'res_quanLib.mk_res_forall' as the title.
  To specify a title, use 'title' in metadata or --metadata title="...".
[WARNING] This document format requires a nonempty <title> element.
  Defaulting to 'res_quanLib.mk_res_select' as the title.
  To specify a title, use 'title' in metadata or --metadata title="...".
[WARNING] This document format requires a nonempty <title> element.
  Defaulting to 'res_quanLib.strip_res_exists' as the title.
  To specify a title, use 'title' in metadata or --metadata title="...".
[WARNING] This document format requires a nonempty <title> element.
  Defaulting to 'res_quanLib.strip_res_forall' as the title.
  To specify a title, use 'title' in metadata or --metadata title="...".
[WARNING] This document format requires a nonempty <title> element.
  Defaulting to 'res_quanTools.IMP_RES_FORALL_CONV' as the title.
  To specify a title, use 'title' in metadata or --metadata title="...".
[WARNING] This document format requires a nonempty <title> element.
  Defaulting to 'res_quanTools.RESQ_EXISTS_TAC' as the title.
  To specify a title, use 'title' in metadata or --metadata title="...".
[WARNING] This document format requires a nonempty <title> element.
  Defaulting to 'res_quanTools.RESQ_GEN_TAC' as the title.
  To specify a title, use 'title' in metadata or --metadata title="...".
[WARNING] This document format requires a nonempty <title> element.
  Defaulting to 'res_quanTools.RESQ_HALF_SPEC' as the title.
  To specify a title, use 'title' in metadata or --metadata title="...".
[WARNING] This document format requires a nonempty <title> element.
  Defaulting to 'res_quanTools.RESQ_IMP_RES_TAC' as the title.
  To specify a title, use 'title' in metadata or --metadata title="...".
[WARNING] This document format requires a nonempty <title> element.
  Defaulting to 'res_quanTools.RESQ_IMP_RES_THEN' as the title.
  To specify a title, use 'title' in metadata or --metadata title="...".
[WARNING] This document format requires a nonempty <title> element.
  Defaulting to 'res_quanTools.RESQ_MATCH_MP' as the title.
  To specify a title, use 'title' in metadata or --metadata title="...".
[WARNING] This document format requires a nonempty <title> element.
  Defaulting to 'res_quanTools.RESQ_RES_TAC' as the title.
  To specify a title, use 'title' in metadata or --metadata title="...".
[WARNING] This document format requires a nonempty <title> element.
  Defaulting to 'res_quanTools.RESQ_RES_THEN' as the title.
  To specify a title, use 'title' in metadata or --metadata title="...".
[WARNING] This document format requires a nonempty <title> element.
  Defaulting to 'res_quanTools.RESQ_REWRITE1_CONV' as the title.
  To specify a title, use 'title' in metadata or --metadata title="...".
[WARNING] This document format requires a nonempty <title> element.
  Defaulting to 'res_quanTools.RESQ_REWRITE1_TAC' as the title.
  To specify a title, use 'title' in metadata or --metadata title="...".
[WARNING] This document format requires a nonempty <title> element.
  Defaulting to 'res_quanTools.RESQ_REWR_CANON' as the title.
  To specify a title, use 'title' in metadata or --metadata title="...".
[WARNING] This document format requires a nonempty <title> element.
  Defaulting to 'res_quanTools.RESQ_SPEC' as the title.
  To specify a title, use 'title' in metadata or --metadata title="...".
[WARNING] This document format requires a nonempty <title> element.
  Defaulting to 'res_quanTools.RESQ_SPECL' as the title.
  To specify a title, use 'title' in metadata or --metadata title="...".
[WARNING] This document format requires a nonempty <title> element.
  Defaulting to 'res_quanTools.RES_EXISTS_CONV' as the title.
  To specify a title, use 'title' in metadata or --metadata title="...".
[WARNING] This document format requires a nonempty <title> element.
  Defaulting to 'res_quanTools.RES_FORALL_AND_CONV' as the title.
  To specify a title, use 'title' in metadata or --metadata title="...".
[WARNING] This document format requires a nonempty <title> element.
  Defaulting to 'res_quanTools.RES_FORALL_CONV' as the title.
  To specify a title, use 'title' in metadata or --metadata title="...".
[WARNING] This document format requires a nonempty <title> element.
  Defaulting to 'res_quanTools.RES_FORALL_SWAP_CONV' as the title.
  To specify a title, use 'title' in metadata or --metadata title="...".
[WARNING] This document format requires a nonempty <title> element.
  Defaulting to 'res_quanTools.dest_res_abstract' as the title.
  To specify a title, use 'title' in metadata or --metadata title="...".
[WARNING] This document format requires a nonempty <title> element.
  Defaulting to 'res_quanTools.dest_res_exists' as the title.
  To specify a title, use 'title' in metadata or --metadata title="...".
[WARNING] This document format requires a nonempty <title> element.
  Defaulting to 'res_quanTools.dest_res_forall' as the title.
  To specify a title, use 'title' in metadata or --metadata title="...".
[WARNING] This document format requires a nonempty <title> element.
  Defaulting to 'res_quanTools.dest_res_select' as the title.
  To specify a title, use 'title' in metadata or --metadata title="...".
[WARNING] This document format requires a nonempty <title> element.
  Defaulting to 'res_quanTools.is_res_abstract' as the title.
  To specify a title, use 'title' in metadata or --metadata title="...".
[WARNING] This document format requires a nonempty <title> element.
  Defaulting to 'res_quanTools.is_res_exists' as the title.
  To specify a title, use 'title' in metadata or --metadata title="...".
[WARNING] This document format requires a nonempty <title> element.
  Defaulting to 'res_quanTools.is_res_forall' as the title.
  To specify a title, use 'title' in metadata or --metadata title="...".
[WARNING] This document format requires a nonempty <title> element.
  Defaulting to 'res_quanTools.is_res_select' as the title.
  To specify a title, use 'title' in metadata or --metadata title="...".
[WARNING] This document format requires a nonempty <title> element.
  Defaulting to 'res_quanTools.list_mk_res_exists' as the title.
  To specify a title, use 'title' in metadata or --metadata title="...".
[WARNING] This document format requires a nonempty <title> element.
  Defaulting to 'res_quanTools.list_mk_res_forall' as the title.
  To specify a title, use 'title' in metadata or --metadata title="...".
[WARNING] This document format requires a nonempty <title> element.
  Defaulting to 'res_quanTools.mk_res_abstract' as the title.
  To specify a title, use 'title' in metadata or --metadata title="...".
[WARNING] This document format requires a nonempty <title> element.
  Defaulting to 'res_quanTools.mk_res_exists' as the title.
  To specify a title, use 'title' in metadata or --metadata title="...".
[WARNING] This document format requires a nonempty <title> element.
  Defaulting to 'res_quanTools.mk_res_forall' as the title.
  To specify a title, use 'title' in metadata or --metadata title="...".
[WARNING] This document format requires a nonempty <title> element.
  Defaulting to 'res_quanTools.mk_res_select' as the title.
  To specify a title, use 'title' in metadata or --metadata title="...".
[WARNING] This document format requires a nonempty <title> element.
  Defaulting to 'res_quanTools.strip_res_exists' as the title.
  To specify a title, use 'title' in metadata or --metadata title="...".
[WARNING] This document format requires a nonempty <title> element.
  Defaulting to 'res_quanTools.strip_res_forall' as the title.
  To specify a title, use 'title' in metadata or --metadata title="...".
[WARNING] This document format requires a nonempty <title> element.
  Defaulting to 'ringLib.declare_ring' as the title.
  To specify a title, use 'title' in metadata or --metadata title="...".
[WARNING] This document format requires a nonempty <title> element.
  Defaulting to 'simpLib..KAL' as the title.
  To specify a title, use 'title' in metadata or --metadata title="...".
[WARNING] This document format requires a nonempty <title> element.
  Defaulting to 'simpLib.AC' as the title.
  To specify a title, use 'title' in metadata or --metadata title="...".
[WARNING] This document format requires a nonempty <title> element.
  Defaulting to 'simpLib.ASM_SIMP_RULE' as the title.
  To specify a title, use 'title' in metadata or --metadata title="...".
[WARNING] This document format requires a nonempty <title> element.
  Defaulting to 'simpLib.ASM_SIMP_TAC' as the title.
  To specify a title, use 'title' in metadata or --metadata title="...".
[WARNING] This document format requires a nonempty <title> element.
  Defaulting to 'simpLib.Cong' as the title.
  To specify a title, use 'title' in metadata or --metadata title="...".
[WARNING] This document format requires a nonempty <title> element.
  Defaulting to 'simpLib.FULL_SIMP_TAC' as the title.
  To specify a title, use 'title' in metadata or --metadata title="...".
[WARNING] This document format requires a nonempty <title> element.
  Defaulting to 'simpLib.SIMP_CONV' as the title.
  To specify a title, use 'title' in metadata or --metadata title="...".
[WARNING] This document format requires a nonempty <title> element.
  Defaulting to 'simpLib.SIMP_PROVE' as the title.
  To specify a title, use 'title' in metadata or --metadata title="...".
[WARNING] This document format requires a nonempty <title> element.
  Defaulting to 'simpLib.SIMP_RULE' as the title.
  To specify a title, use 'title' in metadata or --metadata title="...".
[WARNING] This document format requires a nonempty <title> element.
  Defaulting to 'simpLib.SIMP_TAC' as the title.
  To specify a title, use 'title' in metadata or --metadata title="...".
[WARNING] This document format requires a nonempty <title> element.
  Defaulting to 'simpLib.SSFRAG' as the title.
  To specify a title, use 'title' in metadata or --metadata title="...".
[WARNING] This document format requires a nonempty <title> element.
  Defaulting to 'simpLib.mk_simpset' as the title.
  To specify a title, use 'title' in metadata or --metadata title="...".
[WARNING] This document format requires a nonempty <title> element.
  Defaulting to 'simpLib.register_frag' as the title.
  To specify a title, use 'title' in metadata or --metadata title="...".
[WARNING] This document format requires a nonempty <title> element.
  Defaulting to 'simpLib.remove_ssfrags' as the title.
  To specify a title, use 'title' in metadata or --metadata title="...".
[WARNING] This document format requires a nonempty <title> element.
  Defaulting to 'simpLib.rewrites' as the title.
  To specify a title, use 'title' in metadata or --metadata title="...".
[WARNING] This document format requires a nonempty <title> element.
  Defaulting to 'simpLib.type_ssfrag' as the title.
  To specify a title, use 'title' in metadata or --metadata title="...".
[WARNING] This document format requires a nonempty <title> element.
  Defaulting to 'smlExecScripts.exec_script' as the title.
  To specify a title, use 'title' in metadata or --metadata title="...".
[WARNING] This document format requires a nonempty <title> element.
  Defaulting to 'smlExecute.quse_string' as the title.
  To specify a title, use 'title' in metadata or --metadata title="...".
[WARNING] This document format requires a nonempty <title> element.
  Defaulting to 'smlOpen.view_struct' as the title.
  To specify a title, use 'title' in metadata or --metadata title="...".
[WARNING] This document format requires a nonempty <title> element.
  Defaulting to 'smlParallel.parmap_queue_extern' as the title.
  To specify a title, use 'title' in metadata or --metadata title="...".
[WARNING] This document format requires a nonempty <title> element.
  Defaulting to 'smlTimeout.timeout' as the title.
  To specify a title, use 'title' in metadata or --metadata title="...".
[WARNING] This document format requires a nonempty <title> element.
  Defaulting to 'tacticToe.tactictoe' as the title.
  To specify a title, use 'title' in metadata or --metadata title="...".
[WARNING] This document format requires a nonempty <title> element.
  Defaulting to 'tacticToe.ttt' as the title.
  To specify a title, use 'title' in metadata or --metadata title="...".
[WARNING] This document format requires a nonempty <title> element.
  Defaulting to 'tautLib.PTAUT_CONV' as the title.
  To specify a title, use 'title' in metadata or --metadata title="...".
[WARNING] This document format requires a nonempty <title> element.
  Defaulting to 'tautLib.PTAUT_PROVE' as the title.
  To specify a title, use 'title' in metadata or --metadata title="...".
[WARNING] This document format requires a nonempty <title> element.
  Defaulting to 'tautLib.PTAUT_TAC' as the title.
  To specify a title, use 'title' in metadata or --metadata title="...".
[WARNING] This document format requires a nonempty <title> element.
  Defaulting to 'tautLib.TAUT_CONV' as the title.
  To specify a title, use 'title' in metadata or --metadata title="...".
[WARNING] This document format requires a nonempty <title> element.
  Defaulting to 'tautLib.TAUT_PROVE' as the title.
  To specify a title, use 'title' in metadata or --metadata title="...".
[WARNING] This document format requires a nonempty <title> element.
  Defaulting to 'tautLib.TAUT_TAC' as the title.
  To specify a title, use 'title' in metadata or --metadata title="...".
[WARNING] This document format requires a nonempty <title> element.
  Defaulting to 'term_grammar.clear_overloads' as the title.
  To specify a title, use 'title' in metadata or --metadata title="...".
[WARNING] This document format requires a nonempty <title> element.
  Defaulting to 'unwindLib.CONJ_FORALL_CONV' as the title.
  To specify a title, use 'title' in metadata or --metadata title="...".
[WARNING] This document format requires a nonempty <title> element.
  Defaulting to 'unwindLib.CONJ_FORALL_ONCE_CONV' as the title.
  To specify a title, use 'title' in metadata or --metadata title="...".
[WARNING] This document format requires a nonempty <title> element.
  Defaulting to 'unwindLib.CONJ_FORALL_RIGHT_RULE' as the title.
  To specify a title, use 'title' in metadata or --metadata title="...".
[WARNING] This document format requires a nonempty <title> element.
  Defaulting to 'unwindLib.DEPTH_EXISTS_CONV' as the title.
  To specify a title, use 'title' in metadata or --metadata title="...".
[WARNING] This document format requires a nonempty <title> element.
  Defaulting to 'unwindLib.DEPTH_FORALL_CONV' as the title.
  To specify a title, use 'title' in metadata or --metadata title="...".
[WARNING] This document format requires a nonempty <title> element.
  Defaulting to 'unwindLib.EXISTS_DEL1_CONV' as the title.
  To specify a title, use 'title' in metadata or --metadata title="...".
[WARNING] This document format requires a nonempty <title> element.
  Defaulting to 'unwindLib.EXISTS_DEL_CONV' as the title.
  To specify a title, use 'title' in metadata or --metadata title="...".
[WARNING] This document format requires a nonempty <title> element.
  Defaulting to 'unwindLib.EXISTS_EQN_CONV' as the title.
  To specify a title, use 'title' in metadata or --metadata title="...".
[WARNING] This document format requires a nonempty <title> element.
  Defaulting to 'unwindLib.EXPAND_ALL_BUT_CONV' as the title.
  To specify a title, use 'title' in metadata or --metadata title="...".
[WARNING] This document format requires a nonempty <title> element.
  Defaulting to 'unwindLib.EXPAND_ALL_BUT_RIGHT_RULE' as the title.
  To specify a title, use 'title' in metadata or --metadata title="...".
[WARNING] This document format requires a nonempty <title> element.
  Defaulting to 'unwindLib.EXPAND_AUTO_CONV' as the title.
  To specify a title, use 'title' in metadata or --metadata title="...".
[WARNING] This document format requires a nonempty <title> element.
  Defaulting to 'unwindLib.EXPAND_AUTO_RIGHT_RULE' as the title.
  To specify a title, use 'title' in metadata or --metadata title="...".
[WARNING] This document format requires a nonempty <title> element.
  Defaulting to 'unwindLib.FLATTEN_CONJ_CONV' as the title.
  To specify a title, use 'title' in metadata or --metadata title="...".
[WARNING] This document format requires a nonempty <title> element.
  Defaulting to 'unwindLib.FORALL_CONJ_CONV' as the title.
  To specify a title, use 'title' in metadata or --metadata title="...".
[WARNING] This document format requires a nonempty <title> element.
  Defaulting to 'unwindLib.FORALL_CONJ_ONCE_CONV' as the title.
  To specify a title, use 'title' in metadata or --metadata title="...".
[WARNING] This document format requires a nonempty <title> element.
  Defaulting to 'unwindLib.FORALL_CONJ_RIGHT_RULE' as the title.
  To specify a title, use 'title' in metadata or --metadata title="...".
[WARNING] This document format requires a nonempty <title> element.
  Defaulting to 'unwindLib.PRUNE_CONV' as the title.
  To specify a title, use 'title' in metadata or --metadata title="...".
[WARNING] This document format requires a nonempty <title> element.
  Defaulting to 'unwindLib.PRUNE_ONCE_CONV' as the title.
  To specify a title, use 'title' in metadata or --metadata title="...".
[WARNING] This document format requires a nonempty <title> element.
  Defaulting to 'unwindLib.PRUNE_ONE_CONV' as the title.
  To specify a title, use 'title' in metadata or --metadata title="...".
[WARNING] This document format requires a nonempty <title> element.
  Defaulting to 'unwindLib.PRUNE_RIGHT_RULE' as the title.
  To specify a title, use 'title' in metadata or --metadata title="...".
[WARNING] This document format requires a nonempty <title> element.
  Defaulting to 'unwindLib.PRUNE_SOME_CONV' as the title.
  To specify a title, use 'title' in metadata or --metadata title="...".
[WARNING] This document format requires a nonempty <title> element.
  Defaulting to 'unwindLib.PRUNE_SOME_RIGHT_RULE' as the title.
  To specify a title, use 'title' in metadata or --metadata title="...".
[WARNING] This document format requires a nonempty <title> element.
  Defaulting to 'unwindLib.UNFOLD_CONV' as the title.
  To specify a title, use 'title' in metadata or --metadata title="...".
[WARNING] This document format requires a nonempty <title> element.
  Defaulting to 'unwindLib.UNFOLD_RIGHT_RULE' as the title.
  To specify a title, use 'title' in metadata or --metadata title="...".
[WARNING] This document format requires a nonempty <title> element.
  Defaulting to 'unwindLib.UNWIND_ALL_BUT_CONV' as the title.
  To specify a title, use 'title' in metadata or --metadata title="...".
[WARNING] This document format requires a nonempty <title> element.
  Defaulting to 'unwindLib.UNWIND_ALL_BUT_RIGHT_RULE' as the title.
  To specify a title, use 'title' in metadata or --metadata title="...".
[WARNING] This document format requires a nonempty <title> element.
  Defaulting to 'unwindLib.UNWIND_AUTO_CONV' as the title.
  To specify a title, use 'title' in metadata or --metadata title="...".
[WARNING] This document format requires a nonempty <title> element.
  Defaulting to 'unwindLib.UNWIND_AUTO_RIGHT_RULE' as the title.
  To specify a title, use 'title' in metadata or --metadata title="...".
[WARNING] This document format requires a nonempty <title> element.
  Defaulting to 'unwindLib.UNWIND_CONV' as the title.
  To specify a title, use 'title' in metadata or --metadata title="...".
[WARNING] This document format requires a nonempty <title> element.
  Defaulting to 'unwindLib.UNWIND_ONCE_CONV' as the title.
  To specify a title, use 'title' in metadata or --metadata title="...".
[WARNING] This document format requires a nonempty <title> element.
  Defaulting to 'unwindLib.line_name' as the title.
  To specify a title, use 'title' in metadata or --metadata title="...".
[WARNING] This document format requires a nonempty <title> element.
  Defaulting to 'unwindLib.line_var' as the title.
  To specify a title, use 'title' in metadata or --metadata title="...".
[WARNING] This document format requires a nonempty <title> element.
  Defaulting to 'wlogLib.wlog_tac' as the title.
  To specify a title, use 'title' in metadata or --metadata title="...".
[WARNING] This document format requires a nonempty <title> element.
  Defaulting to 'wlogLib.wlog_then' as the title.
  To specify a title, use 'title' in metadata or --metadata title="...".
[WARNING] This document format requires a nonempty <title> element.
  Defaulting to 'wordsLib.BITS_INTRO_CONV' as the title.
  To specify a title, use 'title' in metadata or --metadata title="...".
[WARNING] This document format requires a nonempty <title> element.
  Defaulting to 'wordsLib.BITS_INTRO_ss' as the title.
  To specify a title, use 'title' in metadata or --metadata title="...".
[WARNING] This document format requires a nonempty <title> element.
  Defaulting to 'wordsLib.BIT_ss' as the title.
  To specify a title, use 'title' in metadata or --metadata title="...".
[WARNING] This document format requires a nonempty <title> element.
  Defaulting to 'wordsLib.EXPAND_REDUCE_CONV' as the title.
  To specify a title, use 'title' in metadata or --metadata title="...".
[WARNING] This document format requires a nonempty <title> element.
  Defaulting to 'wordsLib.Induct_word' as the title.
  To specify a title, use 'title' in metadata or --metadata title="...".
[WARNING] This document format requires a nonempty <title> element.
  Defaulting to 'wordsLib.LESS_CONV' as the title.
  To specify a title, use 'title' in metadata or --metadata title="...".
[WARNING] This document format requires a nonempty <title> element.
  Defaulting to 'wordsLib.SIZES_CONV' as the title.
  To specify a title, use 'title' in metadata or --metadata title="...".
[WARNING] This document format requires a nonempty <title> element.
  Defaulting to 'wordsLib.SIZES_ss' as the title.
  To specify a title, use 'title' in metadata or --metadata title="...".
[WARNING] This document format requires a nonempty <title> element.
  Defaulting to 'wordsLib.WORDS_EMIT_RULE' as the title.
  To specify a title, use 'title' in metadata or --metadata title="...".
[WARNING] This document format requires a nonempty <title> element.
  Defaulting to 'wordsLib.WORD_ARITH_CONV' as the title.
  To specify a title, use 'title' in metadata or --metadata title="...".
[WARNING] This document format requires a nonempty <title> element.
  Defaulting to 'wordsLib.WORD_ARITH_EQ_ss' as the title.
  To specify a title, use 'title' in metadata or --metadata title="...".
[WARNING] This document format requires a nonempty <title> element.
  Defaulting to 'wordsLib.WORD_ARITH_ss' as the title.
  To specify a title, use 'title' in metadata or --metadata title="...".
[WARNING] This document format requires a nonempty <title> element.
  Defaulting to 'wordsLib.WORD_BIT_EQ_CONV' as the title.
  To specify a title, use 'title' in metadata or --metadata title="...".
[WARNING] This document format requires a nonempty <title> element.
  Defaulting to 'wordsLib.WORD_BIT_EQ_ss' as the title.
  To specify a title, use 'title' in metadata or --metadata title="...".
[WARNING] This document format requires a nonempty <title> element.
  Defaulting to 'wordsLib.WORD_CANCEL_CONV' as the title.
  To specify a title, use 'title' in metadata or --metadata title="...".
[WARNING] This document format requires a nonempty <title> element.
  Defaulting to 'wordsLib.WORD_CANCEL_ss' as the title.
  To specify a title, use 'title' in metadata or --metadata title="...".
[WARNING] This document format requires a nonempty <title> element.
  Defaulting to 'wordsLib.WORD_CONV' as the title.
  To specify a title, use 'title' in metadata or --metadata title="...".
[WARNING] This document format requires a nonempty <title> element.
  Defaulting to 'wordsLib.WORD_DECIDE' as the title.
  To specify a title, use 'title' in metadata or --metadata title="...".
[WARNING] This document format requires a nonempty <title> element.
  Defaulting to 'wordsLib.WORD_DECIDE_TAC' as the title.
  To specify a title, use 'title' in metadata or --metadata title="...".
[WARNING] This document format requires a nonempty <title> element.
  Defaulting to 'wordsLib.WORD_DIV_LSR_CONV' as the title.
  To specify a title, use 'title' in metadata or --metadata title="...".
[WARNING] This document format requires a nonempty <title> element.
  Defaulting to 'wordsLib.WORD_DP' as the title.
  To specify a title, use 'title' in metadata or --metadata title="...".
[WARNING] This document format requires a nonempty <title> element.
  Defaulting to 'wordsLib.WORD_EVAL_CONV' as the title.
  To specify a title, use 'title' in metadata or --metadata title="...".
[WARNING] This document format requires a nonempty <title> element.
  Defaulting to 'wordsLib.WORD_EXTRACT_ss' as the title.
  To specify a title, use 'title' in metadata or --metadata title="...".
[WARNING] This document format requires a nonempty <title> element.
  Defaulting to 'wordsLib.WORD_LOGIC_CONV' as the title.
  To specify a title, use 'title' in metadata or --metadata title="...".
[WARNING] This document format requires a nonempty <title> element.
  Defaulting to 'wordsLib.WORD_LOGIC_ss' as the title.
  To specify a title, use 'title' in metadata or --metadata title="...".
[WARNING] This document format requires a nonempty <title> element.
  Defaulting to 'wordsLib.WORD_MOD_BITS_CONV' as the title.
  To specify a title, use 'title' in metadata or --metadata title="...".
[WARNING] This document format requires a nonempty <title> element.
  Defaulting to 'wordsLib.WORD_MUL_LSL_CONV' as the title.
  To specify a title, use 'title' in metadata or --metadata title="...".
[WARNING] This document format requires a nonempty <title> element.
  Defaulting to 'wordsLib.WORD_MUL_LSL_ss' as the title.
  To specify a title, use 'title' in metadata or --metadata title="...".
[WARNING] This document format requires a nonempty <title> element.
  Defaulting to 'wordsLib.WORD_SHIFT_ss' as the title.
  To specify a title, use 'title' in metadata or --metadata title="...".
[WARNING] This document format requires a nonempty <title> element.
  Defaulting to 'wordsLib.WORD_SUB_CONV' as the title.
  To specify a title, use 'title' in metadata or --metadata title="...".
[WARNING] This document format requires a nonempty <title> element.
  Defaulting to 'wordsLib.WORD_SUB_ss' as the title.
  To specify a title, use 'title' in metadata or --metadata title="...".
[WARNING] This document format requires a nonempty <title> element.
  Defaulting to 'wordsLib.WORD_ss' as the title.
  To specify a title, use 'title' in metadata or --metadata title="...".
[WARNING] This document format requires a nonempty <title> element.
  Defaulting to 'wordsLib.guess_lengths' as the title.
  To specify a title, use 'title' in metadata or --metadata title="...".
[WARNING] This document format requires a nonempty <title> element.
  Defaulting to 'wordsLib.inst_word_lengths' as the title.
  To specify a title, use 'title' in metadata or --metadata title="...".
[WARNING] This document format requires a nonempty <title> element.
  Defaulting to 'wordsLib.mk_word_size' as the title.
  To specify a title, use 'title' in metadata or --metadata title="...".
[WARNING] This document format requires a nonempty <title> element.
  Defaulting to 'wordsLib.n2w_INTRO_TAC' as the title.
  To specify a title, use 'title' in metadata or --metadata title="...".
[WARNING] This document format requires a nonempty <title> element.
  Defaulting to 'wordsLib.notify_on_word_length_guess' as the title.
  To specify a title, use 'title' in metadata or --metadata title="...".
[WARNING] This document format requires a nonempty <title> element.
  Defaulting to 'wordsLib.output_words_as_bin' as the title.
  To specify a title, use 'title' in metadata or --metadata title="...".
[WARNING] This document format requires a nonempty <title> element.
  Defaulting to 'wordsLib.output_words_as_dec' as the title.
  To specify a title, use 'title' in metadata or --metadata title="...".
[WARNING] This document format requires a nonempty <title> element.
  Defaulting to 'wordsLib.output_words_as_hex' as the title.
  To specify a title, use 'title' in metadata or --metadata title="...".
[WARNING] This document format requires a nonempty <title> element.
  Defaulting to 'wordsLib.output_words_as_oct' as the title.
  To specify a title, use 'title' in metadata or --metadata title="...".
[WARNING] This document format requires a nonempty <title> element.
  Defaulting to 'wordsLib.remove_word_printer' as the title.
  To specify a title, use 'title' in metadata or --metadata title="...".
...docfile translation done
Building Help DB
Reading signatures in directory /workspace/scratch/7755a98cf62b/HOL-release/sigobj
and writing help database in file /workspace/scratch/7755a98cf62b/HOL-release/help/HOL.Help
docdirs = help/Docfiles
*** FATAL: Couldn't make help database
